timestamp;electricityDemand;spaceHeatingDemand;domesticHotWaterDemand
01.01.2021 00:00;0.680257143;16.57515523;0.16255554
01.01.2021 01:00;0.581271429;16.5882543;0
01.01.2021 02:00;0.564042857;16.59010839;0
01.01.2021 03:00;0.658071429;16.59262468;0.16255554
01.01.2021 04:00;0.734114286;16.72605885;0.32511108
01.01.2021 05:00;0.732628571;16.77819408;0.48766662
01.01.2021 06:00;4.087857143;15.62193144;12.76060989
01.01.2021 07:00;3.499357143;14.78270532;13.89849867
01.01.2021 08:00;4.314957143;13.04888145;11.86655442
01.01.2021 09:00;3.3499;9.06335846;7.3149993
01.01.2021 10:00;1.591214286;7.522539397;1.78811094
01.01.2021 11:00;4.684914286;0.347790605;2.4383331
01.01.2021 12:00;2.246185714;0;0.48766662
01.01.2021 13:00;1.228914286;3.879035353;4.71411066
01.01.2021 14:00;1.190314286;5.990615793;0.65022216
01.01.2021 15:00;1.924785714;8.448503462;0.32511108
01.01.2021 16:00;1.5958;10.02355655;12.02910996
01.01.2021 17:00;2.132028571;11.30905778;2.11322202
01.01.2021 18:00;2.174;11.9290328;2.4383331
01.01.2021 19:00;11.18577143;9.082951444;2.68216641
01.01.2021 20:00;17.44714286;7.9837157;4.47027735
01.01.2021 21:00;5.274;8.803289711;3.73877742
01.01.2021 22:00;1.914157143;11.62253363;0
01.01.2021 23:00;0.942514286;13.66804514;0
02.01.2021 00:00;0.688628571;14.78448129;0
02.01.2021 01:00;0.659857143;15.88224304;0
02.01.2021 02:00;0.591128571;16.18291153;0
02.01.2021 03:00;0.579014286;16.17204938;0
02.01.2021 04:00;0.646542857;16.10789614;0.65022216
02.01.2021 05:00;0.7005;16.03656339;2.27577756
02.01.2021 06:00;3.800428571;14.98377133;12.76060989
02.01.2021 07:00;5.009728571;13.62064283;13.16699874
02.01.2021 08:00;4.565071429;9.658474366;23.89566438
02.01.2021 09:00;3.535642857;0.631137422;7.3149993
02.01.2021 10:00;5.283771429;0;0.89405547
02.01.2021 11:00;2.1573;0;0
02.01.2021 12:00;0.955285714;0;1.30044432
02.01.2021 13:00;1.8606;0;3.2511108
02.01.2021 14:00;1.962685714;0.531928486;11.3788878
02.01.2021 15:00;1.988314286;4.074263128;0.65022216
02.01.2021 16:00;1.623357143;6.408897196;0.65022216
02.01.2021 17:00;4.577257143;6.947214185;0.97533324
02.01.2021 18:00;5.266585714;6.8911433;3.41366634
02.01.2021 19:00;9.188414286;6.037003214;2.76344418
02.01.2021 20:00;4.132428571;6.937572998;9.42822132
02.01.2021 21:00;2.795114286;9.852184757;1.30044432
02.01.2021 22:00;1.1212;11.51209485;0
02.01.2021 23:00;0.8525;12.71793063;0
03.01.2021 00:00;0.5662;13.40024069;0
03.01.2021 01:00;0.621242857;13.9677416;0
03.01.2021 02:00;0.639357143;14.34138017;0
03.01.2021 03:00;0.593271429;14.66207139;0.16255554
03.01.2021 04:00;0.637471429;14.97626869;0.32511108
03.01.2021 05:00;0.672128571;15.28714188;4.0638885
03.01.2021 06:00;4.568957143;14.18578328;6.42094383
03.01.2021 07:00;4.2177;13.27594615;20.88838689
03.01.2021 08:00;3.046057143;13.77757775;9.59077686
03.01.2021 09:00;2.507557143;14.29820237;11.86655442
03.01.2021 10:00;1.854628571;13.65699643;4.71411066
03.01.2021 11:00;1.495685714;12.49847377;1.95066648
03.01.2021 12:00;1.0768;9.396827112;0.32511108
03.01.2021 13:00;2.433671429;0.842862186;8.29033254
03.01.2021 14:00;1.359214286;0;1.95066648
03.01.2021 15:00;4.843985714;3.499185228;1.6255554
03.01.2021 16:00;3.088428571;7.824856102;3.08855526
03.01.2021 17:00;2.249128571;11.13947913;1.30044432
03.01.2021 18:00;2.219685714;12.65336156;3.90133296
03.01.2021 19:00;8.615857143;11.27971832;10.40355456
03.01.2021 20:00;9.8356;9.550559112;1.30044432
03.01.2021 21:00;5.346542857;11.93958915;1.13788878
03.01.2021 22:00;2.072585714;15.14789398;1.46299986
03.01.2021 23:00;1.006485714;17.03915274;0
04.01.2021 00:00;0.743142857;18.15604618;0
04.01.2021 01:00;0.589914286;18.69965578;0
04.01.2021 02:00;0.630228571;18.82673296;0
04.01.2021 03:00;0.589328571;18.72176709;0
04.01.2021 04:00;0.656785714;18.66407444;0.48766662
04.01.2021 05:00;1.057428571;18.50057391;2.60088864
04.01.2021 06:00;3.066871429;17.93566123;12.92316543
04.01.2021 07:00;6.728057143;16.66649914;17.39344278
04.01.2021 08:00;7.337128571;13.38807954;14.38616529
04.01.2021 09:00;9.439057143;11.35085105;3.73877742
04.01.2021 10:00;6.451628571;10.01957601;4.22644404
04.01.2021 11:00;6.894;9.679789663;12.1916655
04.01.2021 12:00;5.748571429;8.894881151;6.01455498
04.01.2021 13:00;1.673914286;9.847922701;0.65022216
04.01.2021 14:00;6.878285714;11.25769681;0.48766662
04.01.2021 15:00;13.2134;8.86751999;3.08855526
04.01.2021 16:00;4.461614286;11.20269701;3.57622188
04.01.2021 17:00;3.898571429;15.51315419;8.45288808
04.01.2021 18:00;6.444714286;15.26304378;8.45288808
04.01.2021 19:00;6.9196;14.01346442;3.73877742
04.01.2021 20:00;2.058042857;15.49865156;1.70683317
04.01.2021 21:00;3.041371429;16.72637112;0.97533324
04.01.2021 22:00;1.347057143;16.93344917;0
04.01.2021 23:00;0.8928;17.80207643;0
05.01.2021 00:00;0.724328571;18.07470279;0
05.01.2021 01:00;0.5778;18.12881775;0
05.01.2021 02:00;0.568128571;18.13654573;0
05.01.2021 03:00;0.652742857;18.17660148;0.32511108
05.01.2021 04:00;0.6672;18.15564709;0
05.01.2021 05:00;0.752571429;18.04917971;4.55155512
05.01.2021 06:00;3.824742857;17.0007302;12.11038773
05.01.2021 07:00;4.416385714;15.75094705;18.12494271
05.01.2021 08:00;5.831728571;14.70636676;3.33238857
05.01.2021 09:00;6.167071429;13.60867168;11.62272111
05.01.2021 10:00;4.917314286;13.36046239;6.17711052
05.01.2021 11:00;7.899971429;10.36079918;13.89849867
05.01.2021 12:00;4.211142857;7.768197223;2.4383331
05.01.2021 13:00;2.092342857;8.764792515;0.65022216
05.01.2021 14:00;3.632728571;3.507021929;9.18438801
05.01.2021 15:00;1.789657143;3.278197394;3.33238857
05.01.2021 16:00;1.485642857;12.01102032;3.90133296
05.01.2021 17:00;1.398185714;14.06978107;4.38899958
05.01.2021 18:00;8.728142857;12.58566473;9.7533324
05.01.2021 19:00;11.22301429;11.22824883;0.16255554
05.01.2021 20:00;8.6462;11.78077283;1.13788878
05.01.2021 21:00;2.009885714;14.63591283;0.48766662
05.01.2021 22:00;1.1823;17.38556964;0
05.01.2021 23:00;0.782071429;17.92332996;0
06.01.2021 00:00;0.5748;18.24282047;0
06.01.2021 01:00;0.5622;18.29751552;0
06.01.2021 02:00;0.599385714;18.18956687;0
06.01.2021 03:00;0.614328571;18.23445989;0
06.01.2021 04:00;0.764542857;18.31894053;0.32511108
06.01.2021 05:00;0.710042857;18.49080105;0.97533324
06.01.2021 06:00;2.651685714;18.13259832;5.20177728
06.01.2021 07:00;7.0767;16.30666681;31.45449699
06.01.2021 08:00;9.363057143;14.12293708;14.71127637
06.01.2021 09:00;2.379128571;16.01631395;6.33966606
06.01.2021 10:00;2.807557143;17.08078187;1.38172209
06.01.2021 11:00;1.677457143;16.50491524;0.8127777
06.01.2021 12:00;2.2174;16.67136204;0.65022216
06.01.2021 13:00;1.151257143;16.63048203;4.38899958
06.01.2021 14:00;2.121785714;16.64880642;1.6255554
06.01.2021 15:00;1.691685714;16.69451162;1.30044432
06.01.2021 16:00;1.586628571;17.58884083;0.32511108
06.01.2021 17:00;5.990342857;16.91264949;9.91588794
06.01.2021 18:00;4.5463;16.49647288;2.92599972
06.01.2021 19:00;4.767785714;17.25673102;2.27577756
06.01.2021 20:00;2.446114286;17.95562078;2.27577756
06.01.2021 21:00;1.849257143;19.01208372;1.78811094
06.01.2021 22:00;2.004671429;19.27432917;1.6255554
06.01.2021 23:00;0.935214286;19.66210857;0
07.01.2021 00:00;0.590728571;20.45246315;0
07.01.2021 01:00;0.650371429;21.01932324;0
07.01.2021 02:00;0.607642857;21.12393927;0
07.01.2021 03:00;0.569271429;21.22598835;0
07.01.2021 04:00;0.749528571;21.32049583;0.48766662
07.01.2021 05:00;0.867471429;21.251322;5.6894439
07.01.2021 06:00;4.3243;19.92390356;10.97249895
07.01.2021 07:00;5.860428571;18.09429711;10.48483233
07.01.2021 08:00;2.118728571;17.86220364;16.49938731
07.01.2021 09:00;5.182857143;10.84241092;10.72866564
07.01.2021 10:00;4.242128571;1.909099103;0.32511108
07.01.2021 11:00;2.492885714;0;0.48766662
07.01.2021 12:00;3.120614286;0;0.65022216
07.01.2021 13:00;2.736571429;0;2.4383331
07.01.2021 14:00;4.593042857;0;1.05661101
07.01.2021 15:00;6.882042857;0.061377389;3.73877742
07.01.2021 16:00;2.217714286;3.317759672;1.05661101
07.01.2021 17:00;2.802342857;6.495140297;0.32511108
07.01.2021 18:00;6.769357143;7.521297024;6.58349937
07.01.2021 19:00;15.10542857;5.021936245;4.63283289
07.01.2021 20:00;7.224514286;6.692463734;11.70399888
07.01.2021 21:00;3.407842857;10.9478251;0.97533324
07.01.2021 22:00;1.288385714;13.28626811;0
07.01.2021 23:00;0.818014286;15.19313498;0
08.01.2021 00:00;0.742114286;16.04947796;0
08.01.2021 01:00;0.580257143;16.77155869;0
08.01.2021 02:00;0.579185714;17.41765961;0
08.01.2021 03:00;0.604514286;17.69959809;0.16255554
08.01.2021 04:00;0.745928571;17.84308603;0.65022216
08.01.2021 05:00;0.955985714;17.99148232;7.15244376
08.01.2021 06:00;2.134257143;17.71183655;6.33966606
08.01.2021 07:00;4.046928571;16.79811263;13.24827651
08.01.2021 08:00;6.349557143;15.31470742;17.96238717
08.01.2021 09:00;1.613971429;16.56762499;7.39627707
08.01.2021 10:00;1.926242857;15.87220503;2.60088864
08.01.2021 11:00;2.958771429;5.798950818;0.48766662
08.01.2021 12:00;1.601342857;0;0.97533324
08.01.2021 13:00;1.225128571;0;2.76344418
08.01.2021 14:00;1.063014286;0.100873982;0.32511108
08.01.2021 15:00;0.864471429;3.855199193;0.97533324
08.01.2021 16:00;6.523785714;6.199773644;7.15244376
08.01.2021 17:00;4.828885714;7.69015147;3.33238857
08.01.2021 18:00;5.608271429;8.723567845;4.79538843
08.01.2021 19:00;4.587757143;9.333606519;6.33966606
08.01.2021 20:00;1.511714286;11.56464703;2.27577756
08.01.2021 21:00;1.359514286;13.29079592;2.60088864
08.01.2021 22:00;1.311371429;13.94476008;0
08.01.2021 23:00;0.8755;14.5919614;0
09.01.2021 00:00;0.868328571;15.1296256;0
09.01.2021 01:00;0.685471429;15.47344204;0
09.01.2021 02:00;0.641857143;15.85093086;0
09.01.2021 03:00;0.572314286;16.16723882;0
09.01.2021 04:00;0.6507;16.40606118;0.16255554
09.01.2021 05:00;0.8883;16.49881522;4.55155512
09.01.2021 06:00;6.090614286;14.87306092;8.37161031
09.01.2021 07:00;2.328485714;14.82670278;28.85360835
09.01.2021 08:00;3.739614286;15.87761063;7.80266592
09.01.2021 09:00;2.287171429;15.57718927;1.54427763
09.01.2021 10:00;1.824442857;14.92227007;4.22644404
09.01.2021 11:00;3.370428571;12.84694018;3.57622188
09.01.2021 12:00;1.925857143;11.45109669;0.24383331
09.01.2021 13:00;2.023042857;9.865210979;0.8127777
09.01.2021 14:00;2.774957143;10.2214381;0.32511108
09.01.2021 15:00;1.833457143;12.17347991;1.6255554
09.01.2021 16:00;2.309571429;13.72349843;0.8127777
09.01.2021 17:00;1.833771429;14.49090716;0.65022216
09.01.2021 18:00;4.023828571;14.27691678;4.71411066
09.01.2021 19:00;5.164942857;13.23097354;9.91588794
09.01.2021 20:00;6.7961;12.37502798;3.08855526
09.01.2021 21:00;1.7104;13.75139014;2.60088864
09.01.2021 22:00;1.093857143;15.88802322;0
09.01.2021 23:00;0.655842857;16.48200753;0
10.01.2021 00:00;0.567642857;16.80931152;0
10.01.2021 01:00;0.567942857;16.93739607;0
10.01.2021 02:00;0.661514286;16.98085349;0
10.01.2021 03:00;0.616742857;17.10550865;0
10.01.2021 04:00;0.7549;17.29361509;0.32511108
10.01.2021 05:00;0.684814286;17.3765957;4.55155512
10.01.2021 06:00;4.137657143;16.18230521;6.33966606
10.01.2021 07:00;3.858385714;15.19701382;18.61260933
10.01.2021 08:00;5.086528571;15.15955481;12.43549881
10.01.2021 09:00;6.159871429;14.52965323;9.34694355
10.01.2021 10:00;6.396471429;14.02313418;6.66477714
10.01.2021 11:00;2.5584;14.72046563;1.13788878
10.01.2021 12:00;2.104785714;15.91080943;0
10.01.2021 13:00;10.02581429;13.44981111;0.32511108
10.01.2021 14:00;4.133642857;12.94669709;1.46299986
10.01.2021 15:00;1.576957143;16.24046276;0
10.01.2021 16:00;1.121185714;17.70066785;0.8127777
10.01.2021 17:00;1.663057143;18.31734824;3.57622188
10.01.2021 18:00;7.256957143;16.38598925;7.3149993
10.01.2021 19:00;5.892057143;14.73890157;1.13788878
10.01.2021 20:00;3.366828571;15.95643918;11.21633226
10.01.2021 21:00;1.992114286;17.30148247;0.48766662
10.01.2021 22:00;1.8945;17.88346455;0
10.01.2021 23:00;1.015542857;18.38427141;0
11.01.2021 00:00;0.5765;18.92944726;0
11.01.2021 01:00;0.573228571;19.13017215;0
11.01.2021 02:00;0.567585714;19.22396934;0
11.01.2021 03:00;0.5838;19.36526441;0
11.01.2021 04:00;0.709014286;19.40120445;0
11.01.2021 05:00;0.654;19.40789269;1.6255554
11.01.2021 06:00;3.985457143;18.26088437;8.77799916
11.01.2021 07:00;3.061614286;17.38566763;24.46460877
11.01.2021 08:00;11.74945714;14.34094617;16.41810954
11.01.2021 09:00;10.10852857;11.52901568;4.30772181
11.01.2021 10:00;3.738071429;14.31708339;4.0638885
11.01.2021 11:00;3.7774;16.69114297;4.55155512
11.01.2021 12:00;1.576542857;17.28499629;2.92599972
11.01.2021 13:00;1.916514286;17.60666076;0.16255554
11.01.2021 14:00;5.730642857;15.8639739;0
11.01.2021 15:00;1.829314286;16.34593296;1.46299986
11.01.2021 16:00;1.958971429;18.29844771;6.82733268
11.01.2021 17:00;3.600642857;17.89090688;0.97533324
11.01.2021 18:00;12.38211429;14.3285681;8.20905477
11.01.2021 19:00;15.1056;12.52800009;3.65749965
11.01.2021 20:00;3.164657143;14.90487654;1.38172209
11.01.2021 21:00;1.117114286;18.33473031;5.36433282
11.01.2021 22:00;1.581742857;19.095549;0
11.01.2021 23:00;1.182071429;19.24666529;0
12.01.2021 00:00;0.793928571;19.73204179;0
12.01.2021 01:00;0.690671429;20.08192654;0
12.01.2021 02:00;0.579842857;20.33085428;0
12.01.2021 03:00;0.581085714;20.49313959;0
12.01.2021 04:00;0.647871429;20.53759854;0.48766662
12.01.2021 05:00;1.151114286;20.36270279;3.2511108
12.01.2021 06:00;1.897342857;19.9931038;3.73877742
12.01.2021 07:00;3.599128571;19.25657101;7.23372153
12.01.2021 08:00;5.635357143;17.9163455;13.57338759
12.01.2021 09:00;10.4294;15.32230714;24.13949769
12.01.2021 10:00;6.373385714;14.52765383;3.16983303
12.01.2021 11:00;7.597957143;14.56985546;2.84472195
12.01.2021 12:00;4.370057143;13.76256536;7.47755484
12.01.2021 13:00;2.926428571;12.32529962;6.82733268
12.01.2021 14:00;2.979957143;8.149500186;0.16255554
12.01.2021 15:00;5.187785714;9.75148413;7.96522146
12.01.2021 16:00;3.188242857;14.2212546;2.92599972
12.01.2021 17:00;1.966271429;17.50067435;0.97533324
12.01.2021 18:00;2.772571429;18.85921261;0.48766662
12.01.2021 19:00;2.575571429;19.42020636;0.16255554
12.01.2021 20:00;3.525814286;19.39680996;1.13788878
12.01.2021 21:00;1.827371429;19.88963179;0.65022216
12.01.2021 22:00;1.935328571;20.8799076;0
12.01.2021 23:00;0.654728571;21.36608044;0
13.01.2021 00:00;0.593271429;21.7875145;0
13.01.2021 01:00;0.589585714;21.87316269;0
13.01.2021 02:00;0.666214286;21.78292781;0
13.01.2021 03:00;0.5725;21.72160338;0
13.01.2021 04:00;0.607985714;22.1640529;0.16255554
13.01.2021 05:00;0.704757143;22.38129345;3.90133296
13.01.2021 06:00;2.521914286;21.88776648;4.14516627
13.01.2021 07:00;3.946071429;21.17611067;7.15244376
13.01.2021 08:00;0.898357143;20.59346542;8.29033254
13.01.2021 09:00;3.941414286;14.02864322;2.92599972
13.01.2021 10:00;1.4289;6.556103797;11.3788878
13.01.2021 11:00;3.222028571;3.240107603;2.92599972
13.01.2021 12:00;2.518857143;0.092683926;0.65022216
13.01.2021 13:00;0.803928571;0;3.08855526
13.01.2021 14:00;1.477571429;0;11.21633226
13.01.2021 15:00;1.644342857;1.006554229;0
13.01.2021 16:00;3.075414286;7.285436711;9.10311024
13.01.2021 17:00;8.649528571;8.15296699;4.22644404
13.01.2021 18:00;9.381685714;7.618162126;5.20177728
13.01.2021 19:00;3.7578;10.68976606;2.76344418
13.01.2021 20:00;4.280742857;13.68003049;0.32511108
13.01.2021 21:00;3.390414286;14.76025166;0.97533324
13.01.2021 22:00;1.719414286;16.51057612;0
13.01.2021 23:00;0.847771429;18.14483816;0
14.01.2021 00:00;0.577428571;19.23798091;0
14.01.2021 01:00;0.563585714;19.99869638;0
14.01.2021 02:00;0.606757143;20.58347116;0
14.01.2021 03:00;0.574714286;21.13690125;0
14.01.2021 04:00;0.6745;21.58568295;0
14.01.2021 05:00;0.775685714;21.94748412;3.2511108
14.01.2021 06:00;2.111671429;21.87484957;11.86655442
14.01.2021 07:00;5.866557143;20.46872145;17.55599832
14.01.2021 08:00;3.116442857;19.73342455;7.15244376
14.01.2021 09:00;2.082157143;12.60290453;0.89405547
14.01.2021 10:00;1.605385714;2.25779421;3.16983303
14.01.2021 11:00;2.848828571;0;3.57622188
14.01.2021 12:00;1.877271429;0;2.35705533
14.01.2021 13:00;1.113685714;0;9.42822132
14.01.2021 14:00;1.0928;0;3.90133296
14.01.2021 15:00;2.192857143;0;0.97533324
14.01.2021 16:00;1.179;4.158482819;0.32511108
14.01.2021 17:00;3.2229;7.418367573;0.8127777
14.01.2021 18:00;7.203057143;7.613900099;15.4427763
14.01.2021 19:00;5.977714286;7.992117341;1.70683317
14.01.2021 20:00;9.590342857;8.912923059;1.54427763
14.01.2021 21:00;2.348671429;10.86728355;0.32511108
14.01.2021 22:00;1.142457143;14.22602098;0
14.01.2021 23:00;0.7463;15.6988526;0
15.01.2021 00:00;0.645242857;16.76860092;0
15.01.2021 01:00;0.5801;17.61503369;0
15.01.2021 02:00;0.582457143;18.29740875;0
15.01.2021 03:00;0.575185714;18.87534104;0
15.01.2021 04:00;0.6984;19.30426073;0
15.01.2021 05:00;1.031171429;19.49540427;3.41366634
15.01.2021 06:00;4.039542857;18.83472321;9.91588794
15.01.2021 07:00;3.458585714;18.5313529;13.0044432
15.01.2021 08:00;2.797328571;18.73394883;3.41366634
15.01.2021 09:00;0.682;19.41158016;5.6894439
15.01.2021 10:00;1.893557143;17.90958751;0
15.01.2021 11:00;2.174714286;12.51375694;3.41366634
15.01.2021 12:00;0.981057143;15.29854053;1.13788878
15.01.2021 13:00;1.704271429;16.4189568;8.127777
15.01.2021 14:00;2.716571429;14.68805925;0.8127777
15.01.2021 15:00;1.416128571;13.79405577;6.17711052
15.01.2021 16:00;1.971428571;16.35674346;6.82733268
15.01.2021 17:00;2.365428571;17.61706229;6.33966606
15.01.2021 18:00;4.773042857;17.46326787;0.48766662
15.01.2021 19:00;3.596657143;17.59300599;0
15.01.2021 20:00;3.737957143;18.33462585;0.97533324
15.01.2021 21:00;1.297414286;19.5413183;0.97533324
15.01.2021 22:00;1.286942857;20.93139532;1.6255554
15.01.2021 23:00;0.668771429;21.8385167;0
16.01.2021 00:00;0.577157143;22.7112133;0
16.01.2021 01:00;0.641042857;22.87223642;0
16.01.2021 02:00;0.572042857;22.91181537;0
16.01.2021 03:00;0.580185714;22.81015624;0
16.01.2021 04:00;0.6205;22.53628532;0.65022216
16.01.2021 05:00;1.2206;22.49536683;4.8766662
16.01.2021 06:00;2.226471429;22.117748;7.96522146
16.01.2021 07:00;5.257028571;20.94162142;13.65466536
16.01.2021 08:00;2.461728571;20.689717;6.33966606
16.01.2021 09:00;2.403614286;16.31222944;2.4383331
16.01.2021 10:00;6.133414286;15.1814418;3.57622188
16.01.2021 11:00;3.910985714;16.13970757;1.46299986
16.01.2021 12:00;1.388457143;17.11659488;0
16.01.2021 13:00;1.499628571;17.21077841;8.29033254
16.01.2021 14:00;2.767185714;17.16534054;12.84188766
16.01.2021 15:00;2.959;17.28309945;6.58349937
16.01.2021 16:00;4.705685714;17.41536578;0.8127777
16.01.2021 17:00;9.674142857;16.17501609;8.127777
16.01.2021 18:00;4.016171429;16.81664929;0.32511108
16.01.2021 19:00;3.557157143;19.2876408;0.32511108
16.01.2021 20:00;5.652428571;18.97721968;1.30044432
16.01.2021 21:00;1.496428571;19.97733732;5.20177728
16.01.2021 22:00;1.100828571;21.76426694;0.16255554
16.01.2021 23:00;0.616785714;22.3162532;0
17.01.2021 00:00;0.576071429;22.89377758;0
17.01.2021 01:00;0.577028571;23.28934421;0
17.01.2021 02:00;0.600214286;23.68798897;0
17.01.2021 03:00;0.6698;24.28967584;0
17.01.2021 04:00;0.6876;24.79436731;0
17.01.2021 05:00;0.764114286;25.1910473;2.60088864
17.01.2021 06:00;3.461828571;24.7005269;3.98261073
17.01.2021 07:00;3.342371429;23.93705641;12.27294327
17.01.2021 08:00;1.929085714;23.08251363;12.67933212
17.01.2021 09:00;3.499528571;19.87825104;4.14516627
17.01.2021 10:00;2.767957143;11.90849693;3.57622188
17.01.2021 11:00;2.169871429;2.199965524;8.9405547
17.01.2021 12:00;3.234528571;0;1.46299986
17.01.2021 13:00;3.830785714;0;2.4383331
17.01.2021 14:00;1.825342857;0;11.86655442
17.01.2021 15:00;3.194871429;0.182720142;0.48766662
17.01.2021 16:00;1.6593;2.723695542;3.65749965
17.01.2021 17:00;2.862028571;7.230948741;1.70683317
17.01.2021 18:00;18.03044286;7.072914156;3.41366634
17.01.2021 19:00;14.21952857;7.92322503;2.76344418
17.01.2021 20:00;5.082585714;9.760002324;1.05661101
17.01.2021 21:00;3.1206;11.30181583;3.41366634
17.01.2021 22:00;1.369828571;13.46916674;0.08127777
17.01.2021 23:00;0.744742857;15.01390951;0
18.01.2021 00:00;0.7179;15.71221865;0
18.01.2021 01:00;0.563057143;16.1956742;0
18.01.2021 02:00;0.587342857;16.68475097;0
18.01.2021 03:00;0.578928571;17.04453898;0
18.01.2021 04:00;0.847685714;17.24241974;0.8127777
18.01.2021 05:00;1.2412;17.32197956;1.6255554
18.01.2021 06:00;2.346714286;17.07786575;6.01455498
18.01.2021 07:00;5.589528571;15.74647605;11.94783219
18.01.2021 08:00;10.7669;12.52523102;23.24544222
18.01.2021 09:00;10.00427143;10.63378681;8.53416585
18.01.2021 10:00;6.016885714;11.85640951;5.77072167
18.01.2021 11:00;3.272614286;12.59783773;4.38899958
18.01.2021 12:00;2.247671429;7.228419943;1.95066648
18.01.2021 13:00;1.478228571;8.632823615;0.32511108
18.01.2021 14:00;2.6962;11.05415387;0.32511108
18.01.2021 15:00;7.078042857;10.2397036;1.30044432
18.01.2021 16:00;1.403042857;11.97715944;1.13788878
18.01.2021 17:00;2.820771429;14.80278684;8.9405547
18.01.2021 18:00;5.694657143;13.83938259;1.38172209
18.01.2021 19:00;9.858785714;11.8928338;2.76344418
18.01.2021 20:00;5.3324;12.46844227;3.98261073
18.01.2021 21:00;2.252142857;15.22891589;1.13788878
18.01.2021 22:00;1.074757143;16.90867968;0
18.01.2021 23:00;0.779371429;17.69862391;0
19.01.2021 00:00;0.762028571;18.11710978;0
19.01.2021 01:00;0.699728571;18.46186642;0
19.01.2021 02:00;0.611171429;18.86578704;0
19.01.2021 03:00;0.567971429;19.5762017;0
19.01.2021 04:00;0.6288;19.95890356;0.32511108
19.01.2021 05:00;0.784157143;19.62218068;2.60088864
19.01.2021 06:00;2.426442857;19.03374997;8.9405547
19.01.2021 07:00;4.401657143;17.95456627;13.97977644
19.01.2021 08:00;2.732685714;15.57092824;6.90861045
19.01.2021 09:00;6.305142857;9.784023035;9.02183247
19.01.2021 10:00;4.086385714;1.480665587;9.42822132
19.01.2021 11:00;7.507242857;0.503747049;6.09583275
19.01.2021 12:00;11.87162857;1.174249117;13.65466536
19.01.2021 13:00;3.856471429;2.963699469;1.78811094
19.01.2021 14:00;5.315114286;7.291080721;7.15244376
19.01.2021 15:00;2.947485714;9.680733778;0.48766662
19.01.2021 16:00;1.586128571;12.77931175;0.48766662
19.01.2021 17:00;3.026685714;14.18789674;0.97533324
19.01.2021 18:00;4.474485714;14.33869222;4.22644404
19.01.2021 19:00;9.293414286;13.12116243;1.46299986
19.01.2021 20:00;7.102757143;12.80041021;0.48766662
19.01.2021 21:00;2.178871429;15.71531492;0.65022216
19.01.2021 22:00;0.894942857;18.25565176;0
19.01.2021 23:00;0.641828571;19.16489378;0
20.01.2021 00:00;0.654942857;19.80406361;0.16255554
20.01.2021 01:00;0.589257143;20.57934438;0
20.01.2021 02:00;0.584442857;21.34136397;0
20.01.2021 03:00;0.5771;21.89664132;0
20.01.2021 04:00;0.615542857;22.41156215;0
20.01.2021 05:00;0.786585714;22.82982701;1.95066648
20.01.2021 06:00;4.238485714;22.05817709;5.20177728
20.01.2021 07:00;4.549242857;21.18152206;10.72866564
20.01.2021 08:00;2.499057143;18.28336801;0.48766662
20.01.2021 09:00;2.700857143;12.03224647;7.64011038
20.01.2021 10:00;1.335857143;3.622597314;2.4383331
20.01.2021 11:00;3.001485714;0.127871626;0.8127777
20.01.2021 12:00;2.069957143;0;0
20.01.2021 13:00;1.254114286;0;8.127777
20.01.2021 14:00;1.348214286;0;8.61544362
20.01.2021 15:00;1.028671429;0;1.6255554
20.01.2021 16:00;0.9171;2.224134304;0.8127777
20.01.2021 17:00;1.0834;7.974796376;3.41366634
20.01.2021 18:00;1.843214286;10.27432713;9.7533324
20.01.2021 19:00;7.675742857;9.183573004;10.24099902
20.01.2021 20:00;3.523242857;9.403484588;0.97533324
20.01.2021 21:00;3.009957143;11.96495647;2.92599972
20.01.2021 22:00;1.400542857;13.67175122;0
20.01.2021 23:00;0.905985714;15.46889044;0
21.01.2021 00:00;0.585928571;16.37664339;0
21.01.2021 01:00;0.637571429;16.78399064;0
21.01.2021 02:00;0.599671429;17.11931044;0
21.01.2021 03:00;0.561742857;17.56993814;0.16255554
21.01.2021 04:00;0.669914286;17.87166877;0
21.01.2021 05:00;0.703014286;18.1097043;2.27577756
21.01.2021 06:00;4.608757143;17.00085296;10.72866564
21.01.2021 07:00;2.637814286;16.69290029;21.86372013
21.01.2021 08:00;3.293814286;17.55241331;6.01455498
21.01.2021 09:00;1.652585714;17.88050459;2.19449979
21.01.2021 10:00;1.979328571;17.67425588;4.22644404
21.01.2021 11:00;1.944242857;16.60867561;2.76344418
21.01.2021 12:00;1.811614286;16.13746808;1.13788878
21.01.2021 13:00;2.382128571;15.80304133;2.11322202
21.01.2021 14:00;3.169428571;15.23601057;1.13788878
21.01.2021 15:00;2.6545;15.54497944;11.54144334
21.01.2021 16:00;0.9161;16.95847098;3.41366634
21.01.2021 17:00;4.210285714;17.16647594;6.33966606
21.01.2021 18:00;7.988;15.02188408;7.47755484
21.01.2021 19:00;7.706771429;14.02845868;7.47755484
21.01.2021 20:00;2.0651;16.24042589;2.11322202
21.01.2021 21:00;2.611742857;18.14925886;0
21.01.2021 22:00;0.836414286;18.84155103;0
21.01.2021 23:00;0.6186;19.95076423;0
22.01.2021 00:00;0.604614286;20.538137;0
22.01.2021 01:00;0.609342857;20.59674225;0
22.01.2021 02:00;0.5997;20.61631054;0
22.01.2021 03:00;0.5637;20.73051342;0
22.01.2021 04:00;0.637142857;20.91540664;0.32511108
22.01.2021 05:00;1.018728571;21.01836057;7.96522146
22.01.2021 06:00;4.314328571;19.7614571;7.80266592
22.01.2021 07:00;4.1607;18.70169596;12.1916655
22.01.2021 08:00;5.256771429;18.47282063;6.58349937
22.01.2021 09:00;2.256785714;18.25642985;3.41366634
22.01.2021 10:00;1.2295;14.31698096;2.11322202
22.01.2021 11:00;3.484328571;14.73412489;0.97533324
22.01.2021 12:00;1.176;16.89689328;0.97533324
22.01.2021 13:00;3.428685714;17.71306616;2.4383331
22.01.2021 14:00;3.020842857;17.68208888;0
22.01.2021 15:00;1.096685714;18.57040401;0.97533324
22.01.2021 16:00;3.230614286;18.46273833;7.15244376
22.01.2021 17:00;4.1592;17.95083103;3.41366634
22.01.2021 18:00;16.27498571;13.61349821;8.127777
22.01.2021 19:00;9.232771429;11.86560115;12.76060989
22.01.2021 20:00;8.783114286;14.63246695;0.08127777
22.01.2021 21:00;2.749614286;17.02847963;1.6255554
22.01.2021 22:00;2.8539;19.24716155;0
22.01.2021 23:00;0.677057143;20.08761327;0
23.01.2021 00:00;0.592385714;20.95387179;0
23.01.2021 01:00;0.581028571;21.057642;0
23.01.2021 02:00;0.597957143;21.15026636;0
23.01.2021 03:00;0.637314286;21.24587974;0
23.01.2021 04:00;0.6026;21.33697766;0.8127777
23.01.2021 05:00;0.742485714;21.4788819;4.55155512
23.01.2021 06:00;2.759614286;20.89519772;7.23372153
23.01.2021 07:00;5.507142857;19.34335825;16.66194285
23.01.2021 08:00;3.752528571;18.76598213;9.26566578
23.01.2021 09:00;3.911642857;18.17488598;5.77072167
23.01.2021 10:00;1.6669;17.68731109;4.38899958
23.01.2021 11:00;1.321914286;18.19136456;2.27577756
23.01.2021 12:00;1.094057143;17.97580711;0
23.01.2021 13:00;1.800042857;18.12623152;0.8127777
23.01.2021 14:00;1.716828571;18.66043861;3.08855526
23.01.2021 15:00;1.390657143;19.40237752;8.9405547
23.01.2021 16:00;0.875457143;20.3857914;1.95066648
23.01.2021 17:00;4.755471429;19.48533369;2.76344418
23.01.2021 18:00;9.334185714;16.79452058;4.55155512
23.01.2021 19:00;10.85988571;14.67735748;7.88394369
23.01.2021 20:00;7.038057143;15.57607861;6.42094383
23.01.2021 21:00;2.1497;18.68820387;0
23.01.2021 22:00;1.266414286;20.82813812;0
23.01.2021 23:00;0.943171429;21.38711701;0
24.01.2021 00:00;0.857914286;21.6563489;0
24.01.2021 01:00;0.683285714;21.89421308;0
24.01.2021 02:00;0.639285714;22.20775324;0
24.01.2021 03:00;0.592871429;22.58105973;0
24.01.2021 04:00;0.657185714;23.01314057;0.48766662
24.01.2021 05:00;1.904185714;22.90930525;4.22644404
24.01.2021 06:00;4.436671429;21.8239542;12.43549881
24.01.2021 07:00;6.217171429;20.80213915;18.6938871
24.01.2021 08:00;4.013228571;20.74632416;1.21916655
24.01.2021 09:00;4.778871429;13.17697629;0.97533324
24.01.2021 10:00;1.994185714;3.412656917;6.98988822
24.01.2021 11:00;1.894814286;0.426320517;2.27577756
24.01.2021 12:00;0.836728571;0.004261999;0.65022216
24.01.2021 13:00;2.126442857;1.445839935;6.17711052
24.01.2021 14:00;1.659957143;2.025243745;4.0638885
24.01.2021 15:00;1.492457143;1.980355569;0.97533324
24.01.2021 16:00;1.114214286;8.804716176;6.82733268
24.01.2021 17:00;1.404642857;15.36307132;0.32511108
24.01.2021 18:00;6.527685714;15.80239839;2.92599972
24.01.2021 19:00;12.81671429;13.09886314;8.29033254
24.01.2021 20:00;4.137942857;14.99214598;5.60816613
24.01.2021 21:00;4.419471429;19.14216342;6.09583275
24.01.2021 22:00;1.893214286;20.94491148;0
24.01.2021 23:00;1.586114286;22.35914423;0
25.01.2021 00:00;0.768171429;23.20669363;0
25.01.2021 01:00;0.585371429;24.05449976;0
25.01.2021 02:00;0.643842857;24.58180449;0
25.01.2021 03:00;0.606885714;25.03168977;0
25.01.2021 04:00;0.599071429;25.50648706;0.16255554
25.01.2021 05:00;0.8278;25.86981079;2.27577756
25.01.2021 06:00;4.655271429;24.78244916;7.39627707
25.01.2021 07:00;2.815528571;24.4095205;13.49210982
25.01.2021 08:00;7.329171429;22.90533611;12.11038773
25.01.2021 09:00;8.6465;19.51839426;12.1916655
25.01.2021 10:00;6.421657143;18.2869422;7.47755484
25.01.2021 11:00;5.567685714;18.33340804;5.03922174
25.01.2021 12:00;3.121642857;18.324084;5.60816613
25.01.2021 13:00;2.998528571;14.27796777;4.55155512
25.01.2021 14:00;2.213814286;8.571875258;2.4383331
25.01.2021 15:00;2.933442857;10.90776079;0.8127777
25.01.2021 16:00;3.031842857;16.03579536;0.97533324
25.01.2021 17:00;2.018457143;20.63968696;8.29033254
25.01.2021 18:00;4.670585714;21.69915528;13.0044432
25.01.2021 19:00;8.819428571;21.13216274;3.41366634
25.01.2021 20:00;5.1846;22.56972651;0.8127777
25.01.2021 21:00;2.531942857;24.69158422;7.64011038
25.01.2021 22:00;0.890142857;25.84573062;1.54427763
25.01.2021 23:00;0.678042857;26.51064765;0.32511108
26.01.2021 00:00;0.620171429;27.42207148;0
26.01.2021 01:00;0.570528571;28.84552594;0
26.01.2021 02:00;0.5948;30.03125145;0
26.01.2021 03:00;0.571914286;30.68791195;0
26.01.2021 04:00;0.886457143;31.11160336;0.16255554
26.01.2021 05:00;2.346342857;30.89096881;6.90861045
26.01.2021 06:00;7.456457143;28.95366007;12.02910996
26.01.2021 07:00;6.385328571;27.77336345;20.23816473
26.01.2021 08:00;4.932457143;22.93876552;9.50949909
26.01.2021 09:00;5.741314286;15.88817522;4.63283289
26.01.2021 10:00;3.903028571;7.639294357;6.66477714
26.01.2021 11:00;7.740085714;2.801209431;5.52688836
26.01.2021 12:00;3.8669;0.928358558;4.55155512
26.01.2021 13:00;1.3038;0;1.95066648
26.01.2021 14:00;4.196171429;0.424246291;3.2511108
26.01.2021 15:00;9.095985714;0.978376116;1.6255554
26.01.2021 16:00;2.945071429;6.121360805;4.0638885
26.01.2021 17:00;2.241814286;14.48288651;10.89122118
26.01.2021 18:00;3.547528571;17.35138097;0.97533324
26.01.2021 19:00;5.105428571;18.34296671;4.55155512
26.01.2021 20:00;4.481142857;19.44552669;0
26.01.2021 21:00;3.749385714;21.15529759;0.48766662
26.01.2021 22:00;1.052642857;23.38457898;0
26.01.2021 23:00;0.662714286;25.43086517;0
27.01.2021 00:00;0.593614286;26.49424319;0
27.01.2021 01:00;0.649657143;27.11887488;0
27.01.2021 02:00;0.5968;27.70613706;0
27.01.2021 03:00;0.594942857;28.13855387;0
27.01.2021 04:00;0.664371429;27.59485532;0.48766662
27.01.2021 05:00;0.742257143;27.42812867;2.11322202
27.01.2021 06:00;3.867185714;26.58587352;4.0638885
27.01.2021 07:00;3.255285714;25.92298687;18.6938871
27.01.2021 08:00;2.644014286;25.14958151;8.37161031
27.01.2021 09:00;2.995485714;24.70382906;2.84472195
27.01.2021 10:00;1.926;17.04606504;1.30044432
27.01.2021 11:00;2.526971429;4.969603799;4.0638885
27.01.2021 12:00;0.930614286;0.242933357;2.4383331
27.01.2021 13:00;4.992357143;0.04362157;2.76344418
27.01.2021 14:00;4.054842857;0.012128656;0.32511108
27.01.2021 15:00;1.842842857;1.575509398;11.86655442
27.01.2021 16:00;1.152728571;8.099004294;1.6255554
27.01.2021 17:00;1.535328571;14.63322313;4.8766662
27.01.2021 18:00;5.105928571;15.96453279;9.10311024
27.01.2021 19:00;12.13518571;13.95287386;9.7533324
27.01.2021 20:00;11.55305714;14.17126799;0.8127777
27.01.2021 21:00;10.66228571;15.42265136;0.48766662
27.01.2021 22:00;1.129057143;19.26472223;0
27.01.2021 23:00;0.713028571;23.48132327;0
28.01.2021 00:00;0.808242857;24.09426863;0
28.01.2021 01:00;0.876628571;24.64978477;0
28.01.2021 02:00;0.694914286;25.36240078;0
28.01.2021 03:00;0.720242857;26.10162646;0.48766662
28.01.2021 04:00;0.780971429;26.48847318;0.65022216
28.01.2021 05:00;1.150428571;26.89694987;4.55155512
28.01.2021 06:00;3.806642857;26.41957666;9.83461017
28.01.2021 07:00;5.676085714;25.21167847;16.09299846
28.01.2021 08:00;5.246871429;20.66789117;7.47755484
28.01.2021 09:00;4.8968;14.48025577;2.11322202
28.01.2021 10:00;2.193585714;4.311933866;4.95794397
28.01.2021 11:00;3.102628571;3.818587666;2.27577756
28.01.2021 12:00;1.005057143;9.358014448;11.21633226
28.01.2021 13:00;2.755328571;12.91181346;2.92599972
28.01.2021 14:00;6.971228571;11.60326562;0.48766662
28.01.2021 15:00;3.6303;12.09225025;2.60088864
28.01.2021 16:00;1.530171429;15.91477287;0.65022216
28.01.2021 17:00;3.152571429;17.28583875;5.36433282
28.01.2021 18:00;8.182671429;15.66493595;2.92599972
28.01.2021 19:00;5.794914286;15.04914266;8.37161031
28.01.2021 20:00;6.603571429;15.85441287;1.70683317
28.01.2021 21:00;3.769342857;17.48476647;0.97533324
28.01.2021 22:00;1.461428571;20.23449678;0
28.01.2021 23:00;0.610885714;21.91373984;0
29.01.2021 00:00;0.582814286;22.82762324;0
29.01.2021 01:00;0.583814286;23.24283786;0
29.01.2021 02:00;0.608128571;23.02759186;0
29.01.2021 03:00;0.625585714;22.81685157;0.32511108
29.01.2021 04:00;0.6769;22.42960878;0.32511108
29.01.2021 05:00;0.766728571;22.23972126;1.30044432
29.01.2021 06:00;3.3539;21.46008906;7.96522146
29.01.2021 07:00;4.825057143;20.28959358;9.18438801
29.01.2021 08:00;4.281457143;16.07123399;9.67205463
29.01.2021 09:00;3.034257143;17.37784786;7.39627707
29.01.2021 10:00;1.742642857;15.82848121;1.54427763
29.01.2021 11:00;1.927428571;15.45497628;6.58349937
29.01.2021 12:00;2.954714286;15.88858736;1.13788878
29.01.2021 13:00;2.4154;16.34132459;1.13788878
29.01.2021 14:00;0.933642857;17.32180766;13.0044432
29.01.2021 15:00;1.262957143;17.89751852;0
29.01.2021 16:00;1.332014286;18.06147315;0
29.01.2021 17:00;3.236128571;17.61180503;6.82733268
29.01.2021 18:00;7.9421;14.51793745;3.73877742
29.01.2021 19:00;10.78491429;10.9251632;0.32511108
29.01.2021 20:00;5.244342857;11.14492305;2.84472195
29.01.2021 21:00;1.649314286;14.09591708;3.08855526
29.01.2021 22:00;1.294071429;15.70744058;0
29.01.2021 23:00;0.746342857;16.05108311;0
30.01.2021 00:00;0.593642857;16.32468807;0
30.01.2021 01:00;0.583;16.3335448;0
30.01.2021 02:00;0.566542857;16.25300642;0
30.01.2021 03:00;0.559257143;16.27670128;0
30.01.2021 04:00;0.723357143;16.25917607;1.46299986
30.01.2021 05:00;1.235371429;15.90418412;3.00727749
30.01.2021 06:00;3.776214286;14.78151856;11.54144334
30.01.2021 07:00;3.729542857;14.16128706;6.90861045
30.01.2021 08:00;2.668342857;14.80994908;8.04649923
30.01.2021 09:00;4.214085714;14.83927503;2.27577756
30.01.2021 10:00;1.323157143;15.17835757;4.0638885
30.01.2021 11:00;2.3188;15.23579671;0
30.01.2021 12:00;1.809857143;14.00058612;9.42822132
30.01.2021 13:00;3.974771429;13.03463386;0.97533324
30.01.2021 14:00;4.539385714;11.64035854;8.9405547
30.01.2021 15:00;5.729914286;10.66763031;0.97533324
30.01.2021 16:00;3.097085714;11.93949718;0.65022216
30.01.2021 17:00;3.448828571;12.90034217;3.73877742
30.01.2021 18:00;8.096342857;10.94047736;9.26566578
30.01.2021 19:00;6.721371429;9.876874641;0.97533324
30.01.2021 20:00;6.5647;10.63466339;0
30.01.2021 21:00;4.342828571;11.75995562;1.46299986
30.01.2021 22:00;0.7314;13.91054301;0
30.01.2021 23:00;0.668528571;15.19784404;0
31.01.2021 00:00;0.579314286;15.4412619;0
31.01.2021 01:00;0.578928571;15.73985815;0
31.01.2021 02:00;0.5651;15.9664904;0
31.01.2021 03:00;0.6123;16.20707479;0
31.01.2021 04:00;0.778142857;16.42481188;0.32511108
31.01.2021 05:00;0.807885714;16.67136691;0.32511108
31.01.2021 06:00;4.6785;15.78013003;10.32227679
31.01.2021 07:00;2.817914286;16.00953391;25.27738647
31.01.2021 08:00;6.745442857;11.96119674;5.20177728
31.01.2021 09:00;3.136542857;10.33556906;3.73877742
31.01.2021 10:00;1.8848;3.254316598;2.11322202
31.01.2021 11:00;1.447028571;0;1.95066648
31.01.2021 12:00;2.834828571;0;11.13505449
31.01.2021 13:00;4.918328571;0;3.57622188
31.01.2021 14:00;3.582457143;0;3.16983303
31.01.2021 15:00;1.8517;0;7.96522146
31.01.2021 16:00;1.861271429;0.68532927;0.48766662
31.01.2021 17:00;2.317057143;4.015290988;3.08855526
31.01.2021 18:00;6.6027;4.348553672;6.82733268
31.01.2021 19:00;9.028757143;5.059871175;1.13788878
31.01.2021 20:00;6.7685;5.919945365;0.73149993
31.01.2021 21:00;2.701742857;8.701391278;2.92599972
31.01.2021 22:00;0.917185714;12.36877969;0
31.01.2021 23:00;0.6464;14.65506502;0
01.02.2021 00:00;0.569828571;16.33671289;0
01.02.2021 01:00;0.588014286;17.88748037;0
01.02.2021 02:00;0.582457143;19.33585736;0
01.02.2021 03:00;0.6547;20.56336839;0
01.02.2021 04:00;0.7498;21.71597046;0.48766662
01.02.2021 05:00;0.740314286;22.5146634;2.60088864
01.02.2021 06:00;3.383771429;22.28290631;8.37161031
01.02.2021 07:00;5.665785714;21.07071785;17.71855386
01.02.2021 08:00;6.016585714;16.76196976;2.76344418
01.02.2021 09:00;6.450828571;10.68898229;3.90133296
01.02.2021 10:00;3.633571429;4.160198358;14.71127637
01.02.2021 11:00;4.999385714;0.479814543;1.46299986
01.02.2021 12:00;2.769542857;0;5.20177728
01.02.2021 13:00;1.357657143;0;0
01.02.2021 14:00;2.135028571;0;0.48766662
01.02.2021 15:00;4.352242857;0;2.92599972
01.02.2021 16:00;1.399385714;1.140012946;0.32511108
01.02.2021 17:00;1.110885714;6.145620558;7.3149993
01.02.2021 18:00;6.329014286;7.651187113;6.17711052
01.02.2021 19:00;6.123485714;7.868471531;0.40638885
01.02.2021 20:00;3.037457143;10.53362967;1.38172209
01.02.2021 21:00;2.011328571;13.37641576;0.32511108
01.02.2021 22:00;1.550585714;14.951359;0
01.02.2021 23:00;0.965457143;16.16957137;0
02.02.2021 00:00;0.572685714;17.39000683;0
02.02.2021 01:00;0.559528571;18.43393976;0
02.02.2021 02:00;0.569528571;19.1771561;0
02.02.2021 03:00;0.639114286;19.85600717;0.32511108
02.02.2021 04:00;0.780228571;20.47742477;0.16255554
02.02.2021 05:00;0.929971429;21.03869227;0
02.02.2021 06:00;2.230171429;21.17555414;10.64738787
02.02.2021 07:00;2.792714286;21.05756806;11.3788878
02.02.2021 08:00;3.881357143;13.81202321;7.07116599
02.02.2021 09:00;3.233142857;7.873178835;12.27294327
02.02.2021 10:00;4.5985;1.432583073;5.28305505
02.02.2021 11:00;4.530542857;0.056770104;7.23372153
02.02.2021 12:00;1.812785714;0;4.0638885
02.02.2021 13:00;4.952114286;0;11.54144334
02.02.2021 14:00;4.122057143;0;3.73877742
02.02.2021 15:00;6.4498;0.013623133;1.05661101
02.02.2021 16:00;1.588385714;1.896910931;0.48766662
02.02.2021 17:00;1.148642857;6.523982699;6.66477714
02.02.2021 18:00;4.074457143;8.857744368;2.92599972
02.02.2021 19:00;3.204814286;10.53682298;0.8127777
02.02.2021 20:00;2.921142857;12.13351545;2.76344418
02.02.2021 21:00;2.457057143;13.48248351;0
02.02.2021 22:00;1.239942857;15.22355484;0
02.02.2021 23:00;0.848985714;16.80758193;0
03.02.2021 00:00;0.606757143;17.92057416;0
03.02.2021 01:00;0.572157143;18.81142293;0
03.02.2021 02:00;0.567314286;19.61201003;0
03.02.2021 03:00;0.624014286;20.15885277;0
03.02.2021 04:00;0.732914286;20.53112509;0.48766662
03.02.2021 05:00;2.730228571;20.11161995;2.11322202
03.02.2021 06:00;2.719942857;19.63448976;3.90133296
03.02.2021 07:00;5.646385714;19.45782117;10.48483233
03.02.2021 08:00;2.53;12.7098046;3.33238857
03.02.2021 09:00;1.837414286;8.86972784;6.98988822
03.02.2021 10:00;1.364257143;2.858868567;1.95066648
03.02.2021 11:00;2.361228571;5.168342783;10.07844348
03.02.2021 12:00;1.857142857;9.633179609;3.2511108
03.02.2021 13:00;3.259542857;10.01580727;3.73877742
03.02.2021 14:00;3.898785714;8.930173505;7.80266592
03.02.2021 15:00;4.561771429;8.358349771;5.36433282
03.02.2021 16:00;2.560528571;9.698696735;5.85199944
03.02.2021 17:00;1.533557143;11.38876879;12.1916655
03.02.2021 18:00;2.279842857;12.16035292;0.97533324
03.02.2021 19:00;8.358428571;10.7996408;3.57622188
03.02.2021 20:00;13.97998571;9.79939647;2.27577756
03.02.2021 21:00;6.060357143;10.32592418;0
03.02.2021 22:00;1.012857143;13.35199224;0
03.02.2021 23:00;0.699085714;15.46794397;0
04.02.2021 00:00;0.597728571;15.83199007;0
04.02.2021 01:00;0.642371429;15.95044424;0
04.02.2021 02:00;0.5738;16.07222495;0
04.02.2021 03:00;0.576842857;16.39849435;0
04.02.2021 04:00;0.691728571;16.61203469;0.65022216
04.02.2021 05:00;0.914742857;16.65380393;0
04.02.2021 06:00;2.557114286;16.19806921;5.77072167
04.02.2021 07:00;5.180457143;15.41674105;12.1916655
04.02.2021 08:00;6.2501;15.12525565;5.03922174
04.02.2021 09:00;4.092285714;15.66228909;4.8766662
04.02.2021 10:00;3.216971429;16.34637982;3.41366634
04.02.2021 11:00;3.481271429;15.86813324;0
04.02.2021 12:00;1.704542857;15.89013714;3.57622188
04.02.2021 13:00;3.473357143;15.61320853;4.71411066
04.02.2021 14:00;2.915028571;15.1067225;15.11766522
04.02.2021 15:00;2.208028571;15.64848741;0
04.02.2021 16:00;3.370014286;15.76768331;3.41366634
04.02.2021 17:00;3.46;15.76731144;12.51677658
04.02.2021 18:00;4.986685714;15.36194085;9.26566578
04.02.2021 19:00;5.150128571;14.66635385;1.13788878
04.02.2021 20:00;4.120614286;14.9746261;0
04.02.2021 21:00;3.411285714;15.60571169;0.32511108
04.02.2021 22:00;1.167042857;16.615821;0
04.02.2021 23:00;0.630614286;17.6023912;0
05.02.2021 00:00;0.593571429;17.8376734;0
05.02.2021 01:00;0.639185714;17.90146948;0
05.02.2021 02:00;0.579928571;17.93620823;0
05.02.2021 03:00;0.701957143;17.84138819;0
05.02.2021 04:00;0.802271429;17.7304937;0.16255554
05.02.2021 05:00;3.148257143;16.87535648;2.4383331
05.02.2021 06:00;3.905242857;15.88633991;7.55883261
05.02.2021 07:00;4.658114286;15.71662159;10.80994341
05.02.2021 08:00;1.978928571;16.71222241;6.17711052
05.02.2021 09:00;3.049028571;17.37504828;2.51961087
05.02.2021 10:00;7.321814286;15.28102738;4.0638885
05.02.2021 11:00;2.892585714;14.77653868;2.60088864
05.02.2021 12:00;1.2461;16.28968403;9.7533324
05.02.2021 13:00;5.901528571;14.7566745;0.48766662
05.02.2021 14:00;3.5542;14.1404027;3.2511108
05.02.2021 15:00;2.231742857;15.88432443;10.24099902
05.02.2021 16:00;1.0977;16.90542786;2.60088864
05.02.2021 17:00;2.566128571;17.29647078;2.60088864
05.02.2021 18:00;3.780271429;16.7325693;11.78527665
05.02.2021 19:00;10.76078571;13.4519651;6.82733268
05.02.2021 20:00;5.9151;12.54583175;2.51961087
05.02.2021 21:00;2.3599;15.88595743;1.95066648
05.02.2021 22:00;1.113428571;17.7614437;0
05.02.2021 23:00;0.671971429;18.49406337;0
06.02.2021 00:00;0.575414286;18.9505328;0
06.02.2021 01:00;0.561942857;19.09845937;0
06.02.2021 02:00;0.673414286;19.05816156;0
06.02.2021 03:00;0.703557143;19.1388382;0
06.02.2021 04:00;0.645328571;19.12476818;0.65022216
06.02.2021 05:00;0.909485714;19.14349099;2.92599972
06.02.2021 06:00;5.978057143;17.42735146;6.33966606
06.02.2021 07:00;3.1635;16.81976058;13.89849867
06.02.2021 08:00;5.487014286;16.98221044;9.10311024
06.02.2021 09:00;3.827285714;16.79828643;8.45288808
06.02.2021 10:00;2.187471429;17.03934519;3.41366634
06.02.2021 11:00;2.565771429;14.72931371;0.65022216
06.02.2021 12:00;2.5855;13.29077569;0.32511108
06.02.2021 13:00;2.056671429;14.00699135;11.21633226
06.02.2021 14:00;1.347;14.65097939;2.4383331
06.02.2021 15:00;3.188057143;14.61525333;2.11322202
06.02.2021 16:00;3.2226;14.62787804;5.52688836
06.02.2021 17:00;6.562885714;14.34933948;6.42094383
06.02.2021 18:00;7.503442857;13.23953674;11.54144334
06.02.2021 19:00;8.083585714;12.89639129;3.2511108
06.02.2021 20:00;2.2776;15.19926084;0.65022216
06.02.2021 21:00;1.941028571;18.60404706;3.73877742
06.02.2021 22:00;1.389914286;19.63662295;0
06.02.2021 23:00;0.855642857;20.38703162;0
07.02.2021 00:00;0.6544;21.03068978;0
07.02.2021 01:00;0.576414286;21.517565;0
07.02.2021 02:00;0.5683;21.70030963;0
07.02.2021 03:00;0.579828571;22.00165995;0
07.02.2021 04:00;0.649728571;22.36942629;0.32511108
07.02.2021 05:00;0.979185714;22.6270604;6.01455498
07.02.2021 06:00;4.277514286;21.44055722;8.45288808
07.02.2021 07:00;3.871014286;9.484958417;11.78527665
07.02.2021 08:00;3.084728571;17.50514512;2.76344418
07.02.2021 09:00;4.314657143;17.10148527;1.46299986
07.02.2021 10:00;2.131714286;16.35163382;5.36433282
07.02.2021 11:00;1.329742857;17.38665735;2.27577756
07.02.2021 12:00;1.618885714;17.37976753;0.32511108
07.02.2021 13:00;1.700957143;16.67926552;5.36433282
07.02.2021 14:00;2.434414286;16.75405848;9.59077686
07.02.2021 15:00;2.890328571;16.93632646;1.46299986
07.02.2021 16:00;5.630857143;16.48035194;1.46299986
07.02.2021 17:00;3.894771429;16.82809848;18.36877602
07.02.2021 18:00;8.567514286;16.34525455;3.16983303
07.02.2021 19:00;7.1333;15.76295698;2.84472195
07.02.2021 20:00;6.404642857;16.96143965;0.32511108
07.02.2021 21:00;3.9371;18.28735928;4.55155512
07.02.2021 22:00;1.6781;20.06514355;0
07.02.2021 23:00;0.825414286;21.2021432;0
08.02.2021 00:00;0.609271429;21.65924569;0
08.02.2021 01:00;0.571885714;21.93614148;0
08.02.2021 02:00;0.561957143;22.28760293;0
08.02.2021 03:00;0.597157143;22.55900071;0
08.02.2021 04:00;0.675957143;22.76550372;0.65022216
08.02.2021 05:00;0.779657143;22.93167874;0.32511108
08.02.2021 06:00;2.286285714;22.54197312;5.93327721
08.02.2021 07:00;6.761042857;20.41303722;19.91305365
08.02.2021 08:00;7.0368;18.38668032;14.14233198
08.02.2021 09:00;11.11462857;16.68273061;10.24099902
08.02.2021 10:00;7.290385714;15.66402891;7.47755484
08.02.2021 11:00;2.882185714;16.71485572;4.0638885
08.02.2021 12:00;2.2869;17.1551098;2.27577756
08.02.2021 13:00;3.560771429;16.15584602;0.48766662
08.02.2021 14:00;1.301571429;11.09300905;0
08.02.2021 15:00;1.064457143;9.533264014;11.21633226
08.02.2021 16:00;3.072128571;13.21884895;10.40355456
08.02.2021 17:00;1.860971429;17.30660207;2.92599972
08.02.2021 18:00;4.200114286;17.90209667;8.29033254
08.02.2021 19:00;13.02852857;14.39326475;0.65022216
08.02.2021 20:00;9.761771429;13.03666102;0.24383331
08.02.2021 21:00;2.539942857;17.55634414;2.51961087
08.02.2021 22:00;1.075285714;21.15001503;0
08.02.2021 23:00;0.666942857;22.27917052;0
09.02.2021 00:00;0.571885714;22.87122083;0
09.02.2021 01:00;0.591214286;23.17733223;0
09.02.2021 02:00;0.625371429;23.46678284;0
09.02.2021 03:00;0.6311;23.77053719;0.16255554
09.02.2021 04:00;0.8163;23.98972873;0.32511108
09.02.2021 05:00;3.093942857;23.29336411;2.76344418
09.02.2021 06:00;4.790314286;22.08534481;10.24099902
09.02.2021 07:00;4.848557143;21.37533865;13.32955428
09.02.2021 08:00;5.309228571;20.28248151;22.27010898
09.02.2021 09:00;8.559085714;18.21617551;6.90861045
09.02.2021 10:00;6.437957143;15.65273362;8.9405547
09.02.2021 11:00;6.687357143;14.33569115;3.98261073
09.02.2021 12:00;6.4958;13.23725612;5.85199944
09.02.2021 13:00;3.285057143;11.59392144;6.66477714
09.02.2021 14:00;3.309771429;7.09920758;6.33966606
09.02.2021 15:00;2.831;7.119510735;3.57622188
09.02.2021 16:00;1.550585714;11.93093383;7.15244376
09.02.2021 17:00;2.944257143;16.79345057;1.6255554
09.02.2021 18:00;3.517271429;17.62865077;0.32511108
09.02.2021 19:00;3.000342857;18.31417812;2.27577756
09.02.2021 20:00;2.208628571;19.28224679;0.48766662
09.02.2021 21:00;3.772;19.17867397;7.55883261
09.02.2021 22:00;2.164271429;19.20474575;0
09.02.2021 23:00;1.110485714;20.30432212;0
10.02.2021 00:00;0.574828571;20.01050319;0
10.02.2021 01:00;0.572014286;19.0305536;0
10.02.2021 02:00;0.7901;19.58669298;0
10.02.2021 03:00;0.680885714;19.76743729;0
10.02.2021 04:00;0.736385714;19.71308684;1.13788878
10.02.2021 05:00;0.803;19.72737801;5.20177728
10.02.2021 06:00;2.405614286;19.22634124;9.42822132
10.02.2021 07:00;5.337757143;16.59339153;9.10311024
10.02.2021 08:00;4.454042857;12.16686281;4.71411066
10.02.2021 09:00;1.156;10.60207482;8.45288808
10.02.2021 10:00;2.610014286;7.055389678;4.8766662
10.02.2021 11:00;2.0899;8.616894917;0.48766662
10.02.2021 12:00;2.509242857;11.43913965;0.16255554
10.02.2021 13:00;3.091971429;12.16753301;2.76344418
10.02.2021 14:00;5.450714286;12.68765851;0.65022216
10.02.2021 15:00;2.189014286;12.64223751;0.48766662
10.02.2021 16:00;3.210228571;13.00170331;13.49210982
10.02.2021 17:00;4.072085714;14.11002955;13.16699874
10.02.2021 18:00;2.571871429;15.79525893;0.48766662
10.02.2021 19:00;10.78175714;14.33999336;5.28305505
10.02.2021 20:00;16.21128571;10.87891463;6.58349937
10.02.2021 21:00;4.475071429;13.57765125;0
10.02.2021 22:00;2.211314286;18.3852802;0.16255554
10.02.2021 23:00;0.794471429;19.99889657;0
11.02.2021 00:00;0.571;20.91810938;0
11.02.2021 01:00;0.564157143;21.34109902;0
11.02.2021 02:00;0.561857143;21.34528194;0
11.02.2021 03:00;0.6528;21.3319465;0
11.02.2021 04:00;0.845085714;21.32118625;0
11.02.2021 05:00;1.429228571;21.09784478;6.5022216
11.02.2021 06:00;4.307214286;19.8164968;2.4383331
11.02.2021 07:00;5.388571429;18.14711469;11.62272111
11.02.2021 08:00;2.9248;16.44020871;18.85644264
11.02.2021 09:00;5.304114286;15.39504439;4.14516627
11.02.2021 10:00;1.403085714;12.65224075;0.97533324
11.02.2021 11:00;4.513928571;11.91351172;0.8127777
11.02.2021 12:00;0.9471;13.54021592;2.76344418
11.02.2021 13:00;1.971071429;15.30220428;7.3149993
11.02.2021 14:00;3.6821;15.21909146;6.5022216
11.02.2021 15:00;1.494242857;16.17251886;0.8127777
11.02.2021 16:00;0.855271429;17.77546865;0.32511108
11.02.2021 17:00;0.985042857;18.68695309;0.65022216
11.02.2021 18:00;1.364571429;19.10762909;1.13788878
11.02.2021 19:00;15.07032857;14.22659642;7.47755484
11.02.2021 20:00;11.18441429;12.4663008;2.27577756
11.02.2021 21:00;4.264485714;15.43459958;8.61544362
11.02.2021 22:00;1.871685714;17.39320885;0
11.02.2021 23:00;0.805871429;18.69047701;0
12.02.2021 00:00;0.637885714;19.17346571;0
12.02.2021 01:00;0.566085714;19.3387428;0
12.02.2021 02:00;0.579457143;19.3759406;0
12.02.2021 03:00;0.558071429;19.39073002;0.16255554
12.02.2021 04:00;0.655014286;19.34456262;0
12.02.2021 05:00;0.905857143;19.17163156;5.85199944
12.02.2021 06:00;4.429585714;17.85445531;12.92316543
12.02.2021 07:00;5.102785714;13.65702302;15.36149853
12.02.2021 08:00;4.001457143;14.4793483;1.86938871
12.02.2021 09:00;1.701342857;11.4846389;1.6255554
12.02.2021 10:00;2.266857143;12.9417541;3.08855526
12.02.2021 11:00;2.6983;12.0398014;0.16255554
12.02.2021 12:00;2.325928571;7.196117485;2.60088864
12.02.2021 13:00;0.789157143;3.722105305;0
12.02.2021 14:00;2.9033;3.191758094;5.85199944
12.02.2021 15:00;2.828185714;3.422892125;6.5022216
12.02.2021 16:00;6.8969;4.459702646;8.61544362
12.02.2021 17:00;5.4353;7.952010032;0.97533324
12.02.2021 18:00;3.994;10.4200981;1.6255554
12.02.2021 19:00;1.841185714;12.55822733;1.78811094
12.02.2021 20:00;5.696157143;12.43528239;8.45288808
12.02.2021 21:00;1.690471429;13.32122904;0.32511108
12.02.2021 22:00;1.608757143;15.60520744;0
12.02.2021 23:00;0.779357143;16.49215926;0
13.02.2021 00:00;0.574914286;17.26158727;0
13.02.2021 01:00;0.628642857;17.68857361;0
13.02.2021 02:00;0.585642857;17.90632567;0
13.02.2021 03:00;0.583928571;17.97862636;0
13.02.2021 04:00;0.610985714;18.01927772;0.48766662
13.02.2021 05:00;0.7776;18.02968914;1.30044432
13.02.2021 06:00;5.455457143;16.32633791;16.74322062
13.02.2021 07:00;4.187228571;14.84081621;29.17871943
13.02.2021 08:00;2.728128571;16.35354077;2.51961087
13.02.2021 09:00;1.040442857;17.21798547;1.95066648
13.02.2021 10:00;0.722528571;16.61830946;4.22644404
13.02.2021 11:00;2.124871429;15.96493862;0
13.02.2021 12:00;3.5744;14.93708785;1.95066648
13.02.2021 13:00;1.3846;15.0213129;0.48766662
13.02.2021 14:00;1.631457143;15.82815093;3.98261073
13.02.2021 15:00;4.247028571;15.21745176;0.73149993
13.02.2021 16:00;1.326314286;15.80320165;0.16255554
13.02.2021 17:00;6.775514286;15.34653065;12.02910996
13.02.2021 18:00;5.3435;14.27383022;2.60088864
13.02.2021 19:00;8.356071429;13.93111919;9.26566578
13.02.2021 20:00;4.841228571;14.33438589;0
13.02.2021 21:00;2.112871429;16.74303662;0.32511108
13.02.2021 22:00;1.916414286;17.89025277;0
13.02.2021 23:00;1.0012;18.35693501;0
14.02.2021 00:00;0.687871429;18.97924559;0
14.02.2021 01:00;0.656757143;19.38417049;0
14.02.2021 02:00;0.585;19.51636731;0
14.02.2021 03:00;0.602657143;19.49893846;0
14.02.2021 04:00;0.645571429;19.65659316;0
14.02.2021 05:00;0.705957143;19.96016505;4.38899958
14.02.2021 06:00;5.406542857;18.42280331;16.33683177
14.02.2021 07:00;5.753771429;16.64818117;15.36149853
14.02.2021 08:00;4.4001;13.14552969;8.127777
14.02.2021 09:00;2.936571429;9.058857387;1.05661101
14.02.2021 10:00;1.572014286;2.604069069;5.44561059
14.02.2021 11:00;1.831857143;1.8072274;0.97533324
14.02.2021 12:00;2.792071429;0.231067853;0.32511108
14.02.2021 13:00;7.926642857;0;5.52688836
14.02.2021 14:00;2.204228571;0.3704878;0.16255554
14.02.2021 15:00;1.669814286;0.225008735;0.97533324
14.02.2021 16:00;1.065485714;0.797717276;0.65022216
14.02.2021 17:00;1.774642857;7.193977574;1.95066648
14.02.2021 18:00;5.106857143;8.70263329;2.84472195
14.02.2021 19:00;4.8289;9.275303519;10.89122118
14.02.2021 20:00;3.139514286;11.08935344;12.67933212
14.02.2021 21:00;1.672471429;13.32827321;0.65022216
14.02.2021 22:00;1.5444;14.90962612;0
14.02.2021 23:00;1.210671429;15.71292796;0
15.02.2021 00:00;0.651257143;16.60476507;0
15.02.2021 01:00;0.563714286;17.33700781;0
15.02.2021 02:00;0.639828571;17.67128205;0
15.02.2021 03:00;0.611714286;17.88952452;0
15.02.2021 04:00;0.615357143;18.12680841;0.32511108
15.02.2021 05:00;1.047157143;18.16376921;4.55155512
15.02.2021 06:00;3.851257143;17.16668848;6.74605491
15.02.2021 07:00;4.477;15.89767452;12.43549881
15.02.2021 08:00;7.682785714;14.10963277;13.65466536
15.02.2021 09:00;11.74508571;10.0612287;15.19894299
15.02.2021 10:00;8.799857143;7.944821432;12.51677658
15.02.2021 11:00;6.980357143;8.940472695;5.6894439
15.02.2021 12:00;5.1805;10.28795305;1.13788878
15.02.2021 13:00;6.514871429;11.01916331;0.97533324
15.02.2021 14:00;6.807914286;11.09415518;0.65022216
15.02.2021 15:00;1.234785714;12.48314716;0.16255554
15.02.2021 16:00;2.2119;14.41756455;0.8127777
15.02.2021 17:00;5.968985714;13.86771525;10.89122118
15.02.2021 18:00;14.70847143;11.52092884;8.29033254
15.02.2021 19:00;11.714;11.33074351;2.4383331
15.02.2021 20:00;2.184242857;14.16630355;6.98988822
15.02.2021 21:00;1.557028571;16.3975954;0.97533324
15.02.2021 22:00;1.396742857;16.89561257;0.32511108
15.02.2021 23:00;1.047228571;17.22299733;0
16.02.2021 00:00;0.981985714;16.82926962;0
16.02.2021 01:00;1.290514286;15.88106094;0
16.02.2021 02:00;0.610871429;15.40096936;0
16.02.2021 03:00;0.572042857;16.45432033;0
16.02.2021 04:00;0.6406;17.27020624;0.48766662
16.02.2021 05:00;0.877785714;17.73187304;3.73877742
16.02.2021 06:00;3.379271429;17.21870029;7.80266592
16.02.2021 07:00;4.638642857;15.9484673;7.47755484
16.02.2021 08:00;5.373857143;12.49116614;18.04366494
16.02.2021 09:00;5.738528571;12.19059766;5.6894439
16.02.2021 10:00;7.545257143;10.91885852;8.53416585
16.02.2021 11:00;9.698357143;5.155745708;10.24099902
16.02.2021 12:00;9.484628571;2.62319272;1.54427763
16.02.2021 13:00;4.950028571;6.873132912;0
16.02.2021 14:00;3.014614286;8.254421582;12.84188766
16.02.2021 15:00;5.390685714;8.342795331;4.8766662
16.02.2021 16:00;3.816542857;10.89837334;0.32511108
16.02.2021 17:00;1.874871429;14.45212907;6.82733268
16.02.2021 18:00;1.923157143;16.57387331;5.36433282
16.02.2021 19:00;10.37634286;14.18731458;2.19449979
16.02.2021 20:00;5.125714286;13.2975958;0.32511108
16.02.2021 21:00;4.079914286;15.62366751;0.89405547
16.02.2021 22:00;1.6781;16.78990612;0
16.02.2021 23:00;0.668928571;18.03484052;0
17.02.2021 00:00;0.611957143;18.87884857;0.32511108
17.02.2021 01:00;0.593885714;19.7183518;0
17.02.2021 02:00;0.661157143;20.22738656;0
17.02.2021 03:00;0.581814286;20.64618253;0
17.02.2021 04:00;0.713385714;21.21060679;0
17.02.2021 05:00;0.840585714;21.39118841;6.98988822
17.02.2021 06:00;4.734742857;20.22145235;6.98988822
17.02.2021 07:00;3.205614286;19.60167624;4.0638885
17.02.2021 08:00;3.604528571;19.60296285;5.44561059
17.02.2021 09:00;2.076328571;19.64194414;8.20905477
17.02.2021 10:00;3.8511;19.43401478;5.6894439
17.02.2021 11:00;1.359542857;16.66256214;8.77799916
17.02.2021 12:00;2.759942857;6.724596389;0.48766662
17.02.2021 13:00;1.6593;5.177876746;2.76344418
17.02.2021 14:00;3.506485714;6.711488167;8.61544362
17.02.2021 15:00;2.178114286;9.627340248;0.48766662
17.02.2021 16:00;1.945871429;14.83926017;3.41366634
17.02.2021 17:00;0.777485714;17.5334175;0.48766662
17.02.2021 18:00;2.043628571;18.70179953;0.89405547
17.02.2021 19:00;10.60451429;15.72813304;12.84188766
17.02.2021 20:00;4.042671429;15.21988358;0.73149993
17.02.2021 21:00;2.239885714;18.53674481;0.16255554
17.02.2021 22:00;1.2943;19.88720329;0
17.02.2021 23:00;0.742414286;21.09665749;0
18.02.2021 00:00;0.575628571;22.11015174;0
18.02.2021 01:00;0.6578;22.585312;0
18.02.2021 02:00;0.566128571;22.80467932;0
18.02.2021 03:00;0.6026;23.08945565;0
18.02.2021 04:00;0.821814286;23.43306518;0.16255554
18.02.2021 05:00;0.926114286;23.91152392;2.92599972
18.02.2021 06:00;3.334371429;23.21568233;10.72866564
18.02.2021 07:00;5.178871429;21.42438934;14.14233198
18.02.2021 08:00;2.638214286;18.10271033;4.8766662
18.02.2021 09:00;8.0324;16.85786804;3.57622188
18.02.2021 10:00;1.259085714;15.82193033;0.97533324
18.02.2021 11:00;3.0093;10.06525203;10.89122118
18.02.2021 12:00;1.241857143;1.442076733;0
18.02.2021 13:00;0.919042857;2.347966907;3.2511108
18.02.2021 14:00;1.8664;6.028006166;13.0044432
18.02.2021 15:00;2.995785714;9.320794482;0.65022216
18.02.2021 16:00;2.7292;11.80382922;2.4383331
18.02.2021 17:00;1.441871429;14.68342543;5.6894439
18.02.2021 18:00;5.9632;16.47710876;6.82733268
18.02.2021 19:00;9.709685714;14.62201931;8.45288808
18.02.2021 20:00;3.338314286;16.28231722;0
18.02.2021 21:00;3.746614286;19.11725;4.8766662
18.02.2021 22:00;1.925042857;20.57775557;0.48766662
18.02.2021 23:00;1.182642857;22.40095249;0
19.02.2021 00:00;0.771557143;23.62589248;0.32511108
19.02.2021 01:00;0.580142857;24.37783599;0
19.02.2021 02:00;0.594485714;24.96193086;0
19.02.2021 03:00;0.674557143;25.75875312;0
19.02.2021 04:00;0.652214286;26.41985517;0.32511108
19.02.2021 05:00;0.849342857;26.92917619;4.55155512
19.02.2021 06:00;3.096114286;26.67978377;3.33238857
19.02.2021 07:00;3.998142857;23.04804381;14.95510968
19.02.2021 08:00;3.280357143;13.38337299;3.08855526
19.02.2021 09:00;4.275814286;9.419228038;10.89122118
19.02.2021 10:00;2.707357143;5.932189009;2.35705533
19.02.2021 11:00;1.954728571;2.788199985;0.32511108
19.02.2021 12:00;1.565071429;0.643157003;0.97533324
19.02.2021 13:00;1.041128571;0.136236831;3.2511108
19.02.2021 14:00;1.561842857;0.157888172;1.6255554
19.02.2021 15:00;2.091657143;0.569760829;10.5661101
19.02.2021 16:00;1.344728571;3.897593062;0.16255554
19.02.2021 17:00;2.617028571;10.33961318;7.96522146
19.02.2021 18:00;6.166414286;11.58738621;3.41366634
19.02.2021 19:00;13.44422857;9.583522313;8.37161031
19.02.2021 20:00;4.772085714;12.31244484;3.16983303
19.02.2021 21:00;2.166185714;17.14374807;0
19.02.2021 22:00;0.816714286;19.3519116;0.97533324
19.02.2021 23:00;0.991157143;21.12147467;0
20.02.2021 00:00;0.946542857;22.21100578;0
20.02.2021 01:00;0.786142857;23.06114828;0
20.02.2021 02:00;0.572714286;23.97753236;0
20.02.2021 03:00;0.5869;24.77952611;0.16255554
20.02.2021 04:00;0.844642857;25.38193371;0.65022216
20.02.2021 05:00;0.793028571;25.99712038;2.4383331
20.02.2021 06:00;6.578357143;24.49401501;13.57338759
20.02.2021 07:00;3.013814286;21.97530479;13.41083205
20.02.2021 08:00;4.426271429;12.39641523;4.22644404
20.02.2021 09:00;3.571757143;6.613128659;2.84472195
20.02.2021 10:00;2.244042857;2.901385963;5.44561059
20.02.2021 11:00;4.815014286;0.428458148;0.08127777
20.02.2021 12:00;5.086328571;0.116184121;0.40638885
20.02.2021 13:00;1.4759;0;3.57622188
20.02.2021 14:00;1.116642857;0;3.57622188
20.02.2021 15:00;1.676471429;0.206676603;5.60816613
20.02.2021 16:00;4.149285714;1.468172239;2.51961087
20.02.2021 17:00;9.396742857;4.868974011;9.59077686
20.02.2021 18:00;8.730057143;6.787535426;14.30488752
20.02.2021 19:00;6.269028571;8.59646583;3.08855526
20.02.2021 20:00;3.241228571;11.16945816;0
20.02.2021 21:00;1.020342857;14.12662402;0.48766662
20.02.2021 22:00;0.906385714;16.09226477;0
20.02.2021 23:00;0.5977;17.6444886;0
21.02.2021 00:00;0.597985714;19.07976742;0
21.02.2021 01:00;0.622828571;19.73642266;0
21.02.2021 02:00;0.574671429;20.59388242;0
21.02.2021 03:00;0.611271429;21.65792652;0
21.02.2021 04:00;0.617528571;22.39595242;0.16255554
21.02.2021 05:00;1.914242857;22.65114336;4.55155512
21.02.2021 06:00;2.982671429;22.57616421;4.30772181
21.02.2021 07:00;3.051028571;19.64861353;15.19894299
21.02.2021 08:00;3.333014286;9.33075224;7.88394369
21.02.2021 09:00;4.897042857;4.250991228;2.68216641
21.02.2021 10:00;2.273;1.553082997;4.22644404
21.02.2021 11:00;0.987757143;0.315363319;2.27577756
21.02.2021 12:00;4.385685714;0;5.44561059
21.02.2021 13:00;2.462928571;0;0
21.02.2021 14:00;1.640585714;0;1.95066648
21.02.2021 15:00;1.456514286;0;7.64011038
21.02.2021 16:00;0.7494;0.359950399;2.4383331
21.02.2021 17:00;1.989628571;4.026412426;4.22644404
21.02.2021 18:00;6.158742857;4.956010689;10.89122118
21.02.2021 19:00;8.459885714;4.733850681;1.30044432
21.02.2021 20:00;5.718842857;6.433083921;0.16255554
21.02.2021 21:00;1.842814286;10.34624883;7.80266592
21.02.2021 22:00;1.549442857;13.28505313;0
21.02.2021 23:00;0.888557143;14.78672736;0
22.02.2021 00:00;0.711428571;16.1820204;0
22.02.2021 01:00;0.634214286;17.38206615;0
22.02.2021 02:00;0.581028571;18.15035285;0
22.02.2021 03:00;0.624671429;18.71985482;0.16255554
22.02.2021 04:00;0.745471429;19.49288714;0
22.02.2021 05:00;0.835971429;20.27101356;5.20177728
22.02.2021 06:00;3.377285714;20.16208485;12.84188766
22.02.2021 07:00;6.057214286;15.34286004;19.10027595
22.02.2021 08:00;8.6133;4.810288101;11.29761003
22.02.2021 09:00;5.157942857;1.59999529;3.73877742
22.02.2021 10:00;6.232628571;0;13.16699874
22.02.2021 11:00;7.768842857;0;2.4383331
22.02.2021 12:00;3.4121;0;0
22.02.2021 13:00;3.335542857;0;0.48766662
22.02.2021 14:00;7.004785714;0;8.61544362
22.02.2021 15:00;3.468471429;0;0.16255554
22.02.2021 16:00;2.651871429;0;2.11322202
22.02.2021 17:00;2.559314286;1.495585884;3.41366634
22.02.2021 18:00;1.998114286;3.811614019;12.84188766
22.02.2021 19:00;6.298542857;4.072796168;5.6894439
22.02.2021 20:00;3.354528571;4.993289471;2.27577756
22.02.2021 21:00;2.5363;7.584056955;0.16255554
22.02.2021 22:00;1.561885714;9.450908601;0
22.02.2021 23:00;1.253785714;10.99155553;0
23.02.2021 00:00;0.8208;11.99315977;0
23.02.2021 01:00;0.597928571;13.01058287;0
23.02.2021 02:00;0.629885714;13.79669988;0
23.02.2021 03:00;0.621528571;14.30299608;0
23.02.2021 04:00;0.580042857;14.77026866;0.32511108
23.02.2021 05:00;1.006828571;15.02821436;3.57622188
23.02.2021 06:00;3.664785714;14.44772261;6.42094383
23.02.2021 07:00;5.339728571;8.810734011;16.49938731
23.02.2021 08:00;10.51834286;3.979570691;19.26283149
23.02.2021 09:00;9.629842857;2.766388705;4.55155512
23.02.2021 10:00;5.465114286;2.927946344;3.90133296
23.02.2021 11:00;7.658071429;1.041131175;0.56894439
23.02.2021 12:00;10.71894286;0.33566412;3.65749965
23.02.2021 13:00;6.844057143;0.11710494;10.24099902
23.02.2021 14:00;2.180342857;0.194408226;12.1916655
23.02.2021 15:00;7.092;0.36343092;0.32511108
23.02.2021 16:00;4.4599;1.64286089;1.13788878
23.02.2021 17:00;1.6202;5.810971778;7.64011038
23.02.2021 18:00;2.974328571;8.002166917;7.80266592
23.02.2021 19:00;5.5966;8.325525266;4.14516627
23.02.2021 20:00;2.263614286;9.691943777;3.33238857
23.02.2021 21:00;4.786842857;11.16570458;1.13788878
23.02.2021 22:00;2.003742857;12.11606044;0.16255554
23.02.2021 23:00;0.911357143;14.20378721;0
24.02.2021 00:00;0.6264;15.32940047;0
24.02.2021 01:00;0.6338;15.94709459;0
24.02.2021 02:00;0.719871429;16.38294707;0.97533324
24.02.2021 03:00;0.737871429;16.77946631;0
24.02.2021 04:00;0.726342857;17.13136421;0.16255554
24.02.2021 05:00;0.867414286;17.46476971;8.29033254
24.02.2021 06:00;2.2638;17.3826605;2.51961087
24.02.2021 07:00;5.737842857;12.83161769;6.90861045
24.02.2021 08:00;1.772885714;6.008489894;0.8127777
24.02.2021 09:00;2.808357143;3.02972631;0.48766662
24.02.2021 10:00;1.461585714;0.310846889;4.22644404
24.02.2021 11:00;1.107171429;0;0.48766662
24.02.2021 12:00;1.891657143;0;3.41366634
24.02.2021 13:00;3.3779;0;10.07844348
24.02.2021 14:00;2.216957143;0;9.7533324
24.02.2021 15:00;1.395071429;0;0.97533324
24.02.2021 16:00;1.905614286;0;4.8766662
24.02.2021 17:00;3.994842857;0.386055614;5.36433282
24.02.2021 18:00;3.165342857;0.734488387;2.76344418
24.02.2021 19:00;3.640628571;1.938751541;2.76344418
24.02.2021 20:00;6.444885714;2.416255609;1.95066648
24.02.2021 21:00;8.921485714;2.876131401;1.46299986
24.02.2021 22:00;3.191485714;5.071978479;1.95066648
24.02.2021 23:00;0.8405;8.024134904;0
25.02.2021 00:00;0.657957143;9.672726555;0
25.02.2021 01:00;0.645557143;10.51432692;0
25.02.2021 02:00;0.677671429;11.25480703;0
25.02.2021 03:00;0.709128571;11.71485035;0.8127777
25.02.2021 04:00;0.8153;12.10546722;0.48766662
25.02.2021 05:00;0.958457143;12.68917019;3.2511108
25.02.2021 06:00;4.578285714;11.92215469;10.07844348
25.02.2021 07:00;5.679228571;10.25754322;13.32955428
25.02.2021 08:00;1.806514286;11.00174342;14.06105421
25.02.2021 09:00;1.301314286;11.28898265;2.60088864
25.02.2021 10:00;1.065528571;9.749824828;0.97533324
25.02.2021 11:00;1.523585714;7.808579399;16.09299846
25.02.2021 12:00;1.798242857;4.507886708;5.03922174
25.02.2021 13:00;2.075242857;3.445787789;4.38899958
25.02.2021 14:00;1.461757143;5.406570439;0.97533324
25.02.2021 15:00;1.187228571;5.989303085;0.16255554
25.02.2021 16:00;1.434942857;6.472589688;1.13788878
25.02.2021 17:00;1.572985714;8.54518999;7.15244376
25.02.2021 18:00;4.290785714;9.734544575;0.8127777
25.02.2021 19:00;12.70732857;8.023444213;9.91588794
25.02.2021 20:00;15.14794286;7.288384897;1.95066648
25.02.2021 21:00;7.5297;7.278182248;1.21916655
25.02.2021 22:00;1.262885714;10.08470712;0
25.02.2021 23:00;0.645857143;12.90564602;0
26.02.2021 00:00;0.6006;13.51460185;0
26.02.2021 01:00;0.6491;13.86481692;0
26.02.2021 02:00;0.5932;14.30565857;0
26.02.2021 03:00;0.540171429;14.71920951;0
26.02.2021 04:00;0.705571429;14.88888345;0
26.02.2021 05:00;0.755842857;15.26654555;0.32511108
26.02.2021 06:00;4.297685714;14.49291434;5.03922174
26.02.2021 07:00;3.171842857;13.29229262;18.04366494
26.02.2021 08:00;6.432428571;9.596728794;9.7533324
26.02.2021 09:00;2.0245;4.034212659;3.49494411
26.02.2021 10:00;1.186428571;1.007036001;1.6255554
26.02.2021 11:00;2.869171429;0.320214238;0.48766662
26.02.2021 12:00;3.315285714;0;3.90133296
26.02.2021 13:00;1.789971429;0;4.22644404
26.02.2021 14:00;2.6854;0;1.46299986
26.02.2021 15:00;5.457157143;0;11.86655442
26.02.2021 16:00;2.765385714;0;5.36433282
26.02.2021 17:00;1.312557143;0.643959646;0.65022216
26.02.2021 18:00;8.386242857;1.613054391;8.37161031
26.02.2021 19:00;7.211928571;2.454798371;1.05661101
26.02.2021 20:00;7.659442857;3.751819917;2.27577756
26.02.2021 21:00;2.031471429;5.675067851;3.08855526
26.02.2021 22:00;1.750985714;8.370810984;0
26.02.2021 23:00;0.715314286;10.05747651;0
27.02.2021 00:00;0.578928571;11.40864761;0
27.02.2021 01:00;0.579528571;12.30329983;0
27.02.2021 02:00;0.609071429;13.0820987;0
27.02.2021 03:00;0.6271;13.72589357;0.32511108
27.02.2021 04:00;0.668185714;14.33139398;0
27.02.2021 05:00;0.657371429;14.82741359;1.95066648
27.02.2021 06:00;3.718528571;14.18228635;13.24827651
27.02.2021 07:00;5.769014286;9.64820742;10.32227679
27.02.2021 08:00;2.2496;6.665003617;11.86655442
27.02.2021 09:00;2.3393;2.66218212;1.95066648
27.02.2021 10:00;4.4077;0.338498669;5.6894439
27.02.2021 11:00;2.5707;0;0
27.02.2021 12:00;2.958971429;0;2.76344418
27.02.2021 13:00;2.885071429;0;3.41366634
27.02.2021 14:00;4.360042857;0;8.29033254
27.02.2021 15:00;2.168671429;0;3.00727749
27.02.2021 16:00;2.743414286;0;1.05661101
27.02.2021 17:00;4.4559;0;1.13788878
27.02.2021 18:00;4.519385714;0.12808547;14.6299986
27.02.2021 19:00;10.39911429;0.549820117;7.88394369
27.02.2021 20:00;7.234842857;1.482683279;0.08127777
27.02.2021 21:00;2.866542857;3.039521179;1.30044432
27.02.2021 22:00;1.262714286;4.905612623;0
27.02.2021 23:00;0.685271429;7.052245713;0
28.02.2021 00:00;0.631842857;8.524801612;0
28.02.2021 01:00;0.582;9.568362125;0
28.02.2021 02:00;0.573242857;10.44834108;0
28.02.2021 03:00;0.5716;11.28143308;0
28.02.2021 04:00;0.633271429;12.0159867;0
28.02.2021 05:00;0.7519;12.65386594;0.32511108
28.02.2021 06:00;2.823771429;12.45839981;5.77072167
28.02.2021 07:00;3.433914286;7.971505678;16.41810954
28.02.2021 08:00;4.055914286;3.80306777;9.34694355
28.02.2021 09:00;2.746814286;1.680345984;7.64011038
28.02.2021 10:00;0.940814286;0.185294836;4.55155512
28.02.2021 11:00;2.919228571;0;1.6255554
28.02.2021 12:00;3.186314286;0;0.97533324
28.02.2021 13:00;3.198228571;0;10.24099902
28.02.2021 14:00;2.6793;0;2.92599972
28.02.2021 15:00;3.543257143;0;0
28.02.2021 16:00;0.989785714;0;3.57622188
28.02.2021 17:00;2.782728571;0.13901073;3.41366634
28.02.2021 18:00;8.486914286;0;7.47755484
28.02.2021 19:00;15.49142857;0.03916385;8.9405547
28.02.2021 20:00;6.067857143;0.328297923;0.48766662
28.02.2021 21:00;2.7426;1.722992743;1.13788878
28.02.2021 22:00;0.973185714;2.400707697;0
28.02.2021 23:00;0.748414286;3.511148821;0
01.03.2021 00:00;0.586314286;4.238937282;0
01.03.2021 01:00;0.603071429;4.823365898;0
01.03.2021 02:00;0.6306;5.387510442;0
01.03.2021 03:00;0.6128;5.997295411;0.32511108
01.03.2021 04:00;0.700585714;6.72340792;0.32511108
01.03.2021 05:00;0.690928571;7.624129353;1.95066648
01.03.2021 06:00;1.481414286;8.255545426;7.3149993
01.03.2021 07:00;5.3341;6.862821793;19.01899818
01.03.2021 08:00;5.677;4.240875906;17.96238717
01.03.2021 09:00;15.29438571;1.013031785;6.01455498
01.03.2021 10:00;8.2939;0.044517314;15.76788738
01.03.2021 11:00;4.422085714;3.985694022;2.60088864
01.03.2021 12:00;3.8996;2.974764102;1.30044432
01.03.2021 13:00;2.753414286;1.895378855;0
01.03.2021 14:00;3.346185714;4.531967848;6.17711052
01.03.2021 15:00;4.210142857;6.299352188;6.33966606
01.03.2021 16:00;5.006214286;6.849979237;3.41366634
01.03.2021 17:00;4.782671429;7.296385232;4.22644404
01.03.2021 18:00;4.169671429;8.359407321;15.4427763
01.03.2021 19:00;6.030485714;8.463372287;2.11322202
01.03.2021 20:00;1.495;9.961575328;0.32511108
01.03.2021 21:00;1.7217;11.85635595;0.32511108
01.03.2021 22:00;1.934471429;11.89824757;0
01.03.2021 23:00;0.881571429;12.53754111;0
02.03.2021 00:00;0.576914286;13.59124649;0
02.03.2021 01:00;0.550514286;14.50405292;0
02.03.2021 02:00;0.602385714;14.84538201;0
02.03.2021 03:00;0.652957143;14.84963565;0
02.03.2021 04:00;0.666714286;15.51420624;0.48766662
02.03.2021 05:00;0.873757143;15.85122882;0
02.03.2021 06:00;2.6667;15.12078405;3.41366634
02.03.2021 07:00;5.160471429;12.56483464;18.20622048
02.03.2021 08:00;7.8169;5.353142776;21.21349797
02.03.2021 09:00;8.566271429;3.101884705;11.3788878
02.03.2021 10:00;5.689242857;3.723854169;6.98988822
02.03.2021 11:00;10.14284286;4.190099696;5.6894439
02.03.2021 12:00;10.78572857;2.435940842;4.38899958
02.03.2021 13:00;3.897414286;1.455033093;6.82733268
02.03.2021 14:00;3.654028571;5.397083056;7.15244376
02.03.2021 15:00;3.5442;6.892329116;1.13788878
02.03.2021 16:00;2.611714286;8.387004872;6.66477714
02.03.2021 17:00;1.1049;10.033768;0.65022216
02.03.2021 18:00;1.896614286;13.49912854;0
02.03.2021 19:00;3.6476;13.3579918;6.17711052
02.03.2021 20:00;5.409528571;12.47204408;3.73877742
02.03.2021 21:00;1.827785714;13.51987001;0.8127777
02.03.2021 22:00;1.623342857;15.25119884;0
02.03.2021 23:00;1.0583;15.99478928;0
03.03.2021 00:00;0.641742857;16.94003118;0
03.03.2021 01:00;0.573785714;17.79053446;0
03.03.2021 02:00;0.571142857;18.36476583;0
03.03.2021 03:00;0.616885714;18.88805206;0.32511108
03.03.2021 04:00;0.760714286;19.40277791;0
03.03.2021 05:00;1.161114286;19.4615332;2.27577756
03.03.2021 06:00;5.3155;18.01902746;17.23088724
03.03.2021 07:00;2.600457143;16.1784264;11.46016557
03.03.2021 08:00;4.863785714;7.496672307;2.19449979
03.03.2021 09:00;3.084171429;3.399451011;4.38899958
03.03.2021 10:00;2.2249;1.405329546;2.35705533
03.03.2021 11:00;2.042785714;0.202170902;2.92599972
03.03.2021 12:00;3.457528571;0;1.05661101
03.03.2021 13:00;5.931742857;0;1.95066648
03.03.2021 14:00;0.855257143;0;9.42822132
03.03.2021 15:00;1.735157143;0;1.46299986
03.03.2021 16:00;4.217685714;0;0.97533324
03.03.2021 17:00;0.856271429;0.896212646;2.76344418
03.03.2021 18:00;11.93714286;2.743891434;2.4383331
03.03.2021 19:00;12.63425714;3.753841571;3.73877742
03.03.2021 20:00;7.106514286;4.420836111;8.9405547
03.03.2021 21:00;1.871871429;6.557865854;6.66477714
03.03.2021 22:00;1.143528571;9.694274736;0
03.03.2021 23:00;0.918457143;11.40007387;0
04.03.2021 00:00;0.586542857;12.68160026;0
04.03.2021 01:00;0.555457143;13.81518052;0
04.03.2021 02:00;0.561428571;14.83651692;0
04.03.2021 03:00;0.6048;15.66003921;0
04.03.2021 04:00;0.717285714;16.28424977;0
04.03.2021 05:00;0.813185714;16.87640234;2.4383331
04.03.2021 06:00;2.120942857;17.04158223;9.67205463
04.03.2021 07:00;2.991785714;11.86706213;2.11322202
04.03.2021 08:00;6.192185714;3.689072323;10.15972125
04.03.2021 09:00;2.866757143;1.881077613;8.45288808
04.03.2021 10:00;1.910314286;0.325720957;3.49494411
04.03.2021 11:00;3.306185714;0;1.6255554
04.03.2021 12:00;2.744171429;0;0.24383331
04.03.2021 13:00;3.8908;0;2.27577756
04.03.2021 14:00;3.436828571;0;11.62272111
04.03.2021 15:00;0.855428571;0;2.11322202
04.03.2021 16:00;1.825571429;0;4.22644404
04.03.2021 17:00;4.733142857;0.03308793;6.90861045
04.03.2021 18:00;3.341428571;0.793809789;0.48766662
04.03.2021 19:00;4.668557143;1.369556687;0.48766662
04.03.2021 20:00;2.109757143;2.526274764;6.5022216
04.03.2021 21:00;1.8622;4.54144896;9.59077686
04.03.2021 22:00;1.210328571;6.401286551;0.32511108
04.03.2021 23:00;0.914114286;8.051510557;0
05.03.2021 00:00;0.915785714;9.387744298;0
05.03.2021 01:00;0.690414286;10.5647355;0
05.03.2021 02:00;0.641571429;11.69065033;0.16255554
05.03.2021 03:00;0.642957143;12.68378816;0
05.03.2021 04:00;0.704657143;13.39090843;0.32511108
05.03.2021 05:00;1.090585714;13.99612805;10.5661101
05.03.2021 06:00;4.4661;13.51574428;3.90133296
05.03.2021 07:00;5.546514286;7.251842043;9.99716571
05.03.2021 08:00;7.989714286;2.35259407;4.63283289
05.03.2021 09:00;4.1338;0.675386737;9.26566578
05.03.2021 10:00;2.549642857;0.084754167;0
05.03.2021 11:00;1.376671429;0;0
05.03.2021 12:00;5.771028571;0;3.08855526
05.03.2021 13:00;3.974657143;0;3.73877742
05.03.2021 14:00;2.5003;0;1.13788878
05.03.2021 15:00;1.232828571;0;8.61544362
05.03.2021 16:00;0.891828571;0;0.65022216
05.03.2021 17:00;0.862514286;0.003711827;3.57622188
05.03.2021 18:00;10.06691429;0;10.72866564
05.03.2021 19:00;6.0516;0.166468988;1.78811094
05.03.2021 20:00;3.050314286;0.806695104;5.6894439
05.03.2021 21:00;1.7177;1.286998958;7.80266592
05.03.2021 22:00;1.796057143;2.320449764;0
05.03.2021 23:00;0.924357143;3.829800747;0
06.03.2021 00:00;0.771114286;5.686804457;0
06.03.2021 01:00;0.6165;7.077392116;0
06.03.2021 02:00;0.581414286;8.156935472;0
06.03.2021 03:00;0.597142857;9.208414964;0
06.03.2021 04:00;0.650171429;10.22962065;0.32511108
06.03.2021 05:00;0.753914286;10.87006737;0
06.03.2021 06:00;3.793057143;10.31751132;6.01455498
06.03.2021 07:00;3.374485714;5.407193987;19.26283149
06.03.2021 08:00;3.441385714;2.019517415;5.03922174
06.03.2021 09:00;1.821457143;0.460233156;0.97533324
06.03.2021 10:00;1.477057143;0;3.57622188
06.03.2021 11:00;1.103785714;0;0
06.03.2021 12:00;1.716057143;0;3.41366634
06.03.2021 13:00;0.664714286;0;2.60088864
06.03.2021 14:00;3.556842857;0;10.40355456
06.03.2021 15:00;1.950428571;0;3.2511108
06.03.2021 16:00;2.6272;0;0.48766662
06.03.2021 17:00;4.325571429;0;3.73877742
06.03.2021 18:00;8.624271429;0;3.73877742
06.03.2021 19:00;11.30288571;0;2.60088864
06.03.2021 20:00;3.360671429;0.167358264;2.60088864
06.03.2021 21:00;1.342985714;0.311158709;2.76344418
06.03.2021 22:00;1.132485714;0.722231893;0
06.03.2021 23:00;0.785228571;1.212740491;0
07.03.2021 00:00;0.564071429;1.999919802;0
07.03.2021 01:00;0.584485714;3.161862859;0
07.03.2021 02:00;0.632442857;4.472344294;0
07.03.2021 03:00;0.629242857;5.902448738;0
07.03.2021 04:00;0.668485714;7.120472243;0.65022216
07.03.2021 05:00;0.747342857;7.983242222;6.98988822
07.03.2021 06:00;5.677328571;6.981088842;10.07844348
07.03.2021 07:00;4.014014286;1.414079745;12.35422104
07.03.2021 08:00;2.381885714;0.444504813;14.6299986
07.03.2021 09:00;5.390114286;0.138013927;4.55155512
07.03.2021 10:00;9.502842857;0;3.08855526
07.03.2021 11:00;3.792128571;0;1.05661101
07.03.2021 12:00;7.510742857;0;3.98261073
07.03.2021 13:00;2.740514286;0;5.20177728
07.03.2021 14:00;2.655371429;0;4.55155512
07.03.2021 15:00;1.066642857;0;9.26566578
07.03.2021 16:00;1.7417;0;1.95066648
07.03.2021 17:00;0.943871429;0;1.13788878
07.03.2021 18:00;5.225428571;0;0.16255554
07.03.2021 19:00;11.0372;0;10.89122118
07.03.2021 20:00;4.026242857;0.039362837;0.8127777
07.03.2021 21:00;2.035171429;0.368461408;3.73877742
07.03.2021 22:00;2.003371429;0.742112317;0
07.03.2021 23:00;0.904042857;1.066716969;0
08.03.2021 00:00;0.589085714;1.396537438;0
08.03.2021 01:00;0.572;1.987473085;0
08.03.2021 02:00;0.575471429;2.933588587;0
08.03.2021 03:00;0.644514286;4.076009704;0
08.03.2021 04:00;0.659157143;5.049077799;0.16255554
08.03.2021 05:00;1.0083;5.708686407;7.96522146
08.03.2021 06:00;4.651157143;5.072511296;13.57338759
08.03.2021 07:00;3.182757143;1.912065605;8.61544362
08.03.2021 08:00;5.265085714;0.921888387;6.74605491
08.03.2021 09:00;7.447857143;0.302099208;15.76788738
08.03.2021 10:00;6.2642;0;6.82733268
08.03.2021 11:00;5.861628571;0;7.80266592
08.03.2021 12:00;4.458171429;0;3.73877742
08.03.2021 13:00;1.7098;0;0
08.03.2021 14:00;1.149085714;0;2.60088864
08.03.2021 15:00;2.028742857;0;0
08.03.2021 16:00;1.822742857;0;0.65022216
08.03.2021 17:00;1.528314286;0;10.5661101
08.03.2021 18:00;5.9046;0;1.13788878
08.03.2021 19:00;9.208114286;0;0.32511108
08.03.2021 20:00;1.409642857;0.088263996;0.48766662
08.03.2021 21:00;1.916128571;0.278412538;0
08.03.2021 22:00;1.115071429;0.461503898;2.27577756
08.03.2021 23:00;0.593071429;0.597449105;0
09.03.2021 00:00;0.584957143;0.764251199;0
09.03.2021 01:00;0.577242857;0.905994522;0
09.03.2021 02:00;0.598271429;1.019403922;0
09.03.2021 03:00;0.631057143;1.038740449;0
09.03.2021 04:00;0.622642857;1.058177463;0
09.03.2021 05:00;0.794857143;1.253347184;2.4383331
09.03.2021 06:00;2.502828571;0.840145622;4.22644404
09.03.2021 07:00;4.332057143;0.413678936;20.15688696
09.03.2021 08:00;3.4709;0.295569748;5.6894439
09.03.2021 09:00;6.384328571;0.102132334;16.58066508
09.03.2021 10:00;7.068228571;0.025530476;7.80266592
09.03.2021 11:00;6.1598;0;2.4383331
09.03.2021 12:00;4.629971429;0;3.57622188
09.03.2021 13:00;4.210842857;0;0.89405547
09.03.2021 14:00;7.007328571;0;9.83461017
09.03.2021 15:00;5.469071429;0;0.97533324
09.03.2021 16:00;1.8523;0;6.82733268
09.03.2021 17:00;1.169428571;0;8.127777
09.03.2021 18:00;4.731185714;0;1.6255554
09.03.2021 19:00;7.022571429;0;5.20177728
09.03.2021 20:00;5.028842857;0.26956653;2.92599972
09.03.2021 21:00;5.086142857;0.413624978;0.16255554
09.03.2021 22:00;1.4488;0.464069431;0.32511108
09.03.2021 23:00;0.905371429;0.666822503;0
10.03.2021 00:00;0.590771429;0.984143919;0
10.03.2021 01:00;0.597185714;1.553041284;0
10.03.2021 02:00;0.6116;2.249600601;0
10.03.2021 03:00;0.680214286;2.888399794;0
10.03.2021 04:00;0.681471429;2.754049036;0.16255554
10.03.2021 05:00;0.816957143;2.77826965;1.46299986
10.03.2021 06:00;4.985057143;2.052349272;15.11766522
10.03.2021 07:00;3.768242857;1.041863743;7.88394369
10.03.2021 08:00;1.639628571;0.826947892;3.41366634
10.03.2021 09:00;2.715785714;0.375722614;2.92599972
10.03.2021 10:00;1.043985714;0.179151435;9.10311024
10.03.2021 11:00;1.706428571;0.187720614;1.6255554
10.03.2021 12:00;3.575328571;0;8.77799916
10.03.2021 13:00;2.727314286;0;3.57622188
10.03.2021 14:00;1.275871429;0;4.71411066
10.03.2021 15:00;1.696628571;0;0.97533324
10.03.2021 16:00;3.700714286;0;6.5022216
10.03.2021 17:00;4.617785714;0;13.97977644
10.03.2021 18:00;8.9967;0;0.16255554
10.03.2021 19:00;4.335314286;0.156293394;0
10.03.2021 20:00;6.930485714;0.747279624;0.97533324
10.03.2021 21:00;2.078542857;1.030815547;0.16255554
10.03.2021 22:00;1.742314286;1.435786434;0.16255554
10.03.2021 23:00;0.788857143;2.26612299;0
11.03.2021 00:00;0.681171429;3.285908495;0
11.03.2021 01:00;0.591757143;4.173008507;0
11.03.2021 02:00;0.566971429;5.061966779;0
11.03.2021 03:00;0.557471429;5.719214133;0
11.03.2021 04:00;0.597985714;6.514019809;0.32511108
11.03.2021 05:00;0.777742857;7.280664382;0
11.03.2021 06:00;3.630042857;6.939754407;5.77072167
11.03.2021 07:00;3.6806;1.23429528;10.72866564
11.03.2021 08:00;2.246057143;0.443762794;3.16983303
11.03.2021 09:00;2.055771429;0.117275803;9.59077686
11.03.2021 10:00;0.848842857;0;0.48766662
11.03.2021 11:00;0.956257143;0;0
11.03.2021 12:00;1.350257143;0;2.4383331
11.03.2021 13:00;0.710414286;0;1.46299986
11.03.2021 14:00;0.865114286;0;8.61544362
11.03.2021 15:00;2.050914286;0;8.29033254
11.03.2021 16:00;1.477328571;0;12.35422104
11.03.2021 17:00;3.452357143;0;0.32511108
11.03.2021 18:00;7.795971429;0;6.82733268
11.03.2021 19:00;12.02121429;0;3.82005519
11.03.2021 20:00;4.251685714;0;2.27577756
11.03.2021 21:00;1.9194;0;0.97533324
11.03.2021 22:00;0.807842857;0;0
11.03.2021 23:00;0.654642857;0.158984938;0
12.03.2021 00:00;0.568357143;0.333740812;0
12.03.2021 01:00;0.586642857;0.573776572;0
12.03.2021 02:00;0.647057143;0.805402095;0
12.03.2021 03:00;0.591542857;1.022743014;0.32511108
12.03.2021 04:00;0.743771429;1.232172424;0
12.03.2021 05:00;0.757642857;1.664669083;0.32511108
12.03.2021 06:00;2.996685714;2.075937025;4.14516627
12.03.2021 07:00;5.5634;0.538229581;8.04649923
12.03.2021 08:00;1.955685714;0.538064885;8.61544362
12.03.2021 09:00;2.057242857;0.278593392;3.08855526
12.03.2021 10:00;5.6969;0;0
12.03.2021 11:00;1.202257143;0;0.97533324
12.03.2021 12:00;1.793142857;0;2.27577756
12.03.2021 13:00;1.121314286;0;12.02910996
12.03.2021 14:00;4.111328571;0;6.82733268
12.03.2021 15:00;5.911285714;0;1.13788878
12.03.2021 16:00;1.328128571;0;0.97533324
12.03.2021 17:00;1.613257143;0;7.96522146
12.03.2021 18:00;5.1695;0;2.03194425
12.03.2021 19:00;7.0075;0;1.78811094
12.03.2021 20:00;6.052171429;0;6.33966606
12.03.2021 21:00;4.461685714;0.094830801;4.55155512
12.03.2021 22:00;1.631714286;0.405758009;0.48766662
12.03.2021 23:00;0.805342857;0.535066369;0
13.03.2021 00:00;0.604242857;0.797386136;0
13.03.2021 01:00;0.591642857;1.033120194;0
13.03.2021 02:00;0.637585714;1.367244005;0
13.03.2021 03:00;0.616757143;1.91987076;0
13.03.2021 04:00;0.6255;2.435872662;0.16255554
13.03.2021 05:00;0.731128571;2.879797129;0.48766662
13.03.2021 06:00;4.119314286;2.735947916;10.89122118
13.03.2021 07:00;3.773028571;0.527097184;9.42822132
13.03.2021 08:00;1.216842857;0.189651901;6.01455498
13.03.2021 09:00;1.062957143;0;0
13.03.2021 10:00;1.101742857;0;6.82733268
13.03.2021 11:00;0.902785714;0;0.48766662
13.03.2021 12:00;1.288542857;0;2.92599972
13.03.2021 13:00;2.000142857;0;0
13.03.2021 14:00;0.929314286;0;5.6894439
13.03.2021 15:00;1.457028571;0;1.95066648
13.03.2021 16:00;1.285214286;0;7.96522146
13.03.2021 17:00;5.385585714;0;10.89122118
13.03.2021 18:00;5.173628571;0;7.80266592
13.03.2021 19:00;3.418214286;0;0.97533324
13.03.2021 20:00;3.730142857;0;4.71411066
13.03.2021 21:00;4.552157143;0;2.92599972
13.03.2021 22:00;1.205814286;0;0.65022216
13.03.2021 23:00;0.793714286;0.147773737;0
14.03.2021 00:00;0.580228571;0.264827754;0
14.03.2021 01:00;0.566857143;0.330927107;0
14.03.2021 02:00;0.578471429;0.372263671;0
14.03.2021 03:00;0.564528571;0.471384498;0
14.03.2021 04:00;0.687342857;0.592323477;0.65022216
14.03.2021 05:00;0.747428571;0.658954555;0
14.03.2021 06:00;4.345314286;0.599305978;3.65749965
14.03.2021 07:00;3.0574;0.383636071;5.85199944
14.03.2021 08:00;1.702557143;0.613023933;14.14233198
14.03.2021 09:00;1.722457143;0.981077898;2.60088864
14.03.2021 10:00;1.603557143;0.806378326;0.32511108
14.03.2021 11:00;0.945585714;0.822346699;0
14.03.2021 12:00;1.516885714;0.969590334;3.57622188
14.03.2021 13:00;1.236614286;0.835058892;0.97533324
14.03.2021 14:00;0.7969;0.974853582;2.27577756
14.03.2021 15:00;0.900957143;1.128284281;0
14.03.2021 16:00;1.344171429;1.211081149;10.5661101
14.03.2021 17:00;3.218728571;1.153451161;8.9405547
14.03.2021 18:00;8.447928571;1.16644159;11.94783219
14.03.2021 19:00;9.269385714;1.324649632;1.86938871
14.03.2021 20:00;7.260785714;0.932607984;0.97533324
14.03.2021 21:00;9.282971429;1.692054965;0.97533324
14.03.2021 22:00;6.8241;2.75467111;0.24383331
14.03.2021 23:00;0.607742857;3.097104282;0
15.03.2021 00:00;0.687585714;3.39649938;0
15.03.2021 01:00;0.7009;3.611070994;0
15.03.2021 02:00;0.569985714;3.928944893;0
15.03.2021 03:00;0.574814286;4.298090151;0
15.03.2021 04:00;0.625657143;4.593617178;0.16255554
15.03.2021 05:00;0.654542857;4.729425589;0.16255554
15.03.2021 06:00;3.735157143;3.768613515;10.24099902
15.03.2021 07:00;4.697928571;2.793876609;16.255554
15.03.2021 08:00;4.400585714;2.178416325;8.37161031
15.03.2021 09:00;7.847771429;1.854936096;5.6894439
15.03.2021 10:00;9.501014286;1.336555981;7.80266592
15.03.2021 11:00;4.870842857;0.867631859;3.90133296
15.03.2021 12:00;4.339842857;0.965566819;0.32511108
15.03.2021 13:00;5.325171429;0.359848207;6.82733268
15.03.2021 14:00;1.670085714;0.664617139;0.32511108
15.03.2021 15:00;1.347414286;1.1412729;6.01455498
15.03.2021 16:00;2.117357143;1.733299133;5.03922174
15.03.2021 17:00;4.096742857;3.03081631;7.47755484
15.03.2021 18:00;2.133042857;4.037348246;1.95066648
15.03.2021 19:00;12.33298571;4.283765792;2.76344418
15.03.2021 20:00;4.501128571;5.587351146;0.16255554
15.03.2021 21:00;1.528928571;7.289728481;7.96522146
15.03.2021 22:00;1.060942857;6.911804723;0
15.03.2021 23:00;0.594285714;7.198428457;0
16.03.2021 00:00;0.556814286;7.463731304;0
16.03.2021 01:00;0.646542857;7.557661244;0
16.03.2021 02:00;0.589514286;7.828349307;0
16.03.2021 03:00;0.590785714;8.148826313;0
16.03.2021 04:00;0.609642857;8.468417798;0
16.03.2021 05:00;0.751028571;8.929610197;2.60088864
16.03.2021 06:00;3.701985714;8.333676346;8.69672139
16.03.2021 07:00;5.078185714;5.90741141;14.87383191
16.03.2021 08:00;4.975114286;1.741289218;8.45288808
16.03.2021 09:00;3.796714286;0.173379436;6.17711052
16.03.2021 10:00;8.730985714;0;3.90133296
16.03.2021 11:00;7.285571429;0;8.61544362
16.03.2021 12:00;6.962985714;0;7.96522146
16.03.2021 13:00;1.130142857;0;0.65022216
16.03.2021 14:00;2.420014286;0;9.10311024
16.03.2021 15:00;2.350942857;0;6.82733268
16.03.2021 16:00;2.689942857;0;0
16.03.2021 17:00;4.402157143;0;3.08855526
16.03.2021 18:00;3.358042857;0.088971898;6.5022216
16.03.2021 19:00;4.051771429;0;0.16255554
16.03.2021 20:00;1.914957143;0.226917081;1.95066648
16.03.2021 21:00;1.545057143;0.754051295;2.60088864
16.03.2021 22:00;1.3181;1.499725952;0
16.03.2021 23:00;0.998314286;2.469595187;0
17.03.2021 00:00;0.773242857;3.190937183;0
17.03.2021 01:00;0.599985714;3.913078307;0
17.03.2021 02:00;0.576842857;4.709768751;0
17.03.2021 03:00;0.819171429;5.449921738;0.32511108
17.03.2021 04:00;0.842042857;6.25320806;0.32511108
17.03.2021 05:00;0.882585714;7.133577933;6.82733268
17.03.2021 06:00;3.918071429;5.184494187;3.2511108
17.03.2021 07:00;4.030471429;1.167666081;11.46016557
17.03.2021 08:00;1.389014286;0.633269655;7.23372153
17.03.2021 09:00;1.522442857;0.2033777;0.32511108
17.03.2021 10:00;1.675257143;0;0
17.03.2021 11:00;2.671228571;0;9.26566578
17.03.2021 12:00;1.143942857;0;4.0638885
17.03.2021 13:00;1.017871429;0;9.26566578
17.03.2021 14:00;2.449414286;0;2.92599972
17.03.2021 15:00;1.2961;0;0.8127777
17.03.2021 16:00;0.932642857;0;9.59077686
17.03.2021 17:00;1.302657143;0;0.32511108
17.03.2021 18:00;4.652128571;0;2.4383331
17.03.2021 19:00;5.773528571;0;11.05377672
17.03.2021 20:00;5.087185714;0;0.48766662
17.03.2021 21:00;2.254685714;0.179647844;0.8127777
17.03.2021 22:00;1.349571429;0.571290553;0.32511108
17.03.2021 23:00;0.859328571;0.813758361;0
18.03.2021 00:00;0.669257143;1.067173238;0
18.03.2021 01:00;0.599614286;1.414790614;0
18.03.2021 02:00;0.613014286;1.984709764;0
18.03.2021 03:00;0.6657;2.524304485;0
18.03.2021 04:00;0.7296;3.084603602;0.65022216
18.03.2021 05:00;0.737971429;3.742698351;2.27577756
18.03.2021 06:00;2.226428571;2.767268148;6.58349937
18.03.2021 07:00;4.355285714;0.993590351;17.39344278
18.03.2021 08:00;3.577628571;0.516484777;5.20177728
18.03.2021 09:00;1.786471429;0.022098772;10.5661101
18.03.2021 10:00;4.207;0;4.0638885
18.03.2021 11:00;3.682442857;0;3.57622188
18.03.2021 12:00;4.852757143;0;2.92599972
18.03.2021 13:00;7.5597;0;3.08855526
18.03.2021 14:00;9.2903;0;6.66477714
18.03.2021 15:00;4.764514286;0;1.46299986
18.03.2021 16:00;0.855714286;0;14.14233198
18.03.2021 17:00;2.092557143;0;1.46299986
18.03.2021 18:00;5.068257143;0;6.98988822
18.03.2021 19:00;11.7661;0;3.49494411
18.03.2021 20:00;8.549771429;0;0.65022216
18.03.2021 21:00;1.677485714;0;2.19449979
18.03.2021 22:00;1.0513;0.178068236;0.16255554
18.03.2021 23:00;0.8627;0.404096246;0
19.03.2021 00:00;0.666471429;0.550298288;0
19.03.2021 01:00;0.587942857;0.746164823;0
19.03.2021 02:00;0.581128571;0.973658006;0
19.03.2021 03:00;0.584228571;1.18589459;0
19.03.2021 04:00;0.790985714;1.331932816;0.97533324
19.03.2021 05:00;0.938214286;1.546848877;2.76344418
19.03.2021 06:00;3.205985714;1.119697452;6.74605491
19.03.2021 07:00;3.909642857;0.741999528;21.21349797
19.03.2021 08:00;3.973514286;0.252141302;2.60088864
19.03.2021 09:00;2.233428571;0;2.27577756
19.03.2021 10:00;2.045542857;0;4.22644404
19.03.2021 11:00;3.113014286;0;3.41366634
19.03.2021 12:00;2.656185714;0;0.73149993
19.03.2021 13:00;2.649271429;0;4.55155512
19.03.2021 14:00;2.270214286;0;3.41366634
19.03.2021 15:00;1.674885714;0;1.46299986
19.03.2021 16:00;2.299485714;0;1.13788878
19.03.2021 17:00;2.227342857;0;8.9405547
19.03.2021 18:00;6.147842857;0;10.89122118
19.03.2021 19:00;6.128742857;0;6.25838829
19.03.2021 20:00;5.429685714;0;0
19.03.2021 21:00;0.982885714;0.106713698;2.51961087
19.03.2021 22:00;0.840085714;0.257101543;0
19.03.2021 23:00;0.696;0.384214542;0
20.03.2021 00:00;0.623757143;0.571018694;0
20.03.2021 01:00;0.6202;0.756778224;0
20.03.2021 02:00;0.582214286;0.937007128;0
20.03.2021 03:00;0.600114286;1.10275439;0.48766662
20.03.2021 04:00;0.700885714;1.165436219;0.16255554
20.03.2021 05:00;0.854114286;1.243994112;0
20.03.2021 06:00;2.221428571;1.164603933;3.65749965
20.03.2021 07:00;3.639357143;0.673869461;17.39344278
20.03.2021 08:00;3.893142857;0.374468863;2.51961087
20.03.2021 09:00;4.566928571;0.465169308;8.9405547
20.03.2021 10:00;2.949242857;0.607898685;8.127777
20.03.2021 11:00;1.777057143;0.807045347;1.95066648
20.03.2021 12:00;3.054342857;0.454442177;2.60088864
20.03.2021 13:00;1.548457143;0.365895738;5.03922174
20.03.2021 14:00;1.993957143;0.561105255;7.64011038
20.03.2021 15:00;1.709442857;0.78976143;0.32511108
20.03.2021 16:00;1.512771429;0.982025117;0
20.03.2021 17:00;3.719857143;0.840854063;12.1916655
20.03.2021 18:00;9.780742857;0.422898568;6.5022216
20.03.2021 19:00;8.826342857;0.189545381;0.32511108
20.03.2021 20:00;4.145557143;0.433165686;2.19449979
20.03.2021 21:00;1.437771429;1.162307192;4.55155512
20.03.2021 22:00;1.9658;1.658487239;0
20.03.2021 23:00;1.124171429;1.945802961;0
21.03.2021 00:00;0.899771429;2.444281397;0
21.03.2021 01:00;0.607242857;2.793847738;0
21.03.2021 02:00;0.577442857;3.16520624;0
21.03.2021 03:00;0.579785714;3.677862062;0.32511108
21.03.2021 04:00;0.751714286;4.149212375;0
21.03.2021 05:00;0.7182;4.739583764;0.65022216
21.03.2021 06:00;2.5613;4.455215215;7.23372153
21.03.2021 07:00;5.558671429;0.81209126;12.11038773
21.03.2021 08:00;6.643385714;0.406209658;10.5661101
21.03.2021 09:00;1.9837;0.187962141;2.11322202
21.03.2021 10:00;1.253385714;0;4.8766662
21.03.2021 11:00;2.116314286;0;0.32511108
21.03.2021 12:00;1.866871429;0;1.46299986
21.03.2021 13:00;1.176785714;0;7.15244376
21.03.2021 14:00;2.245657143;0;0.32511108
21.03.2021 15:00;2.284928571;0;0.48766662
21.03.2021 16:00;3.772571429;0;8.9405547
21.03.2021 17:00;4.651642857;0;9.42822132
21.03.2021 18:00;11.31281429;0;9.7533324
21.03.2021 19:00;14.29618571;0;2.60088864
21.03.2021 20:00;11.37282857;0;5.20177728
21.03.2021 21:00;3.439757143;0.006975082;2.11322202
21.03.2021 22:00;1.098714286;0.154947904;0.16255554
21.03.2021 23:00;0.712785714;0.437676806;0
22.03.2021 00:00;0.591042857;0.704330191;0
22.03.2021 01:00;0.609142857;0.940215969;0
22.03.2021 02:00;0.639357143;1.134264366;0
22.03.2021 03:00;0.580385714;1.355543216;0.65022216
22.03.2021 04:00;0.740985714;1.687139385;0.16255554
22.03.2021 05:00;0.747657143;2.01357981;0
22.03.2021 06:00;3.442414286;1.373603813;6.01455498
22.03.2021 07:00;4.681885714;0.533935377;12.59805435
22.03.2021 08:00;3.494771429;0.133196715;11.54144334
22.03.2021 09:00;5.486542857;0;4.14516627
22.03.2021 10:00;7.273557143;0;15.60533184
22.03.2021 11:00;4.866971429;0;8.77799916
22.03.2021 12:00;3.154914286;0;6.66477714
22.03.2021 13:00;2.0062;0;1.95066648
22.03.2021 14:00;3.3718;0;2.27577756
22.03.2021 15:00;4.415342857;0;8.61544362
22.03.2021 16:00;4.411328571;0;1.30044432
22.03.2021 17:00;3.751171429;0;10.72866564
22.03.2021 18:00;6.434557143;0;8.77799916
22.03.2021 19:00;7.886485714;0;1.6255554
22.03.2021 20:00;4.576814286;0;0.48766662
22.03.2021 21:00;3.879485714;0;1.54427763
22.03.2021 22:00;1.662085714;0;0
22.03.2021 23:00;0.644685714;0;0
23.03.2021 00:00;0.575957143;0;0
23.03.2021 01:00;0.588171429;0.051246686;0
23.03.2021 02:00;0.6546;0.086854566;0
23.03.2021 03:00;0.629957143;0.169718345;0.16255554
23.03.2021 04:00;0.6982;0.259524948;0
23.03.2021 05:00;0.748471429;0.323194564;0
23.03.2021 06:00;5.619814286;0.338597017;6.90861045
23.03.2021 07:00;5.918028571;0.232045998;11.29761003
23.03.2021 08:00;7.144671429;0;7.55883261
23.03.2021 09:00;7.765285714;0;15.84916515
23.03.2021 10:00;5.532014286;0;14.22360975
23.03.2021 11:00;10.10415714;0;4.47027735
23.03.2021 12:00;2.984528571;0;3.65749965
23.03.2021 13:00;4.182485714;0;4.22644404
23.03.2021 14:00;13.25435714;0;7.96522146
23.03.2021 15:00;4.985585714;0;4.71411066
23.03.2021 16:00;2.804942857;0;3.73877742
23.03.2021 17:00;2.183357143;0;2.11322202
23.03.2021 18:00;2.784742857;0.292730839;7.47755484
23.03.2021 19:00;4.026914286;0.470681121;2.76344418
23.03.2021 20:00;3.191528571;0.345668172;1.30044432
23.03.2021 21:00;2.383871429;0.322283659;0.32511108
23.03.2021 22:00;1.484871429;0.78770274;0
23.03.2021 23:00;0.990514286;1.174168064;0
24.03.2021 00:00;0.8303;1.388034578;0
24.03.2021 01:00;0.6195;1.579451161;0
24.03.2021 02:00;0.569085714;1.951397345;0
24.03.2021 03:00;0.627742857;2.426343411;0.32511108
24.03.2021 04:00;0.7306;2.80843906;0
24.03.2021 05:00;0.854257143;3.164111611;0.32511108
24.03.2021 06:00;2.408214286;2.020073427;10.80994341
24.03.2021 07:00;4.415414286;0.795607267;9.99716571
24.03.2021 08:00;3.117328571;0.597528117;3.33238857
24.03.2021 09:00;1.699328571;0.122638353;0.97533324
24.03.2021 10:00;0.964285714;0;2.4383331
24.03.2021 11:00;1.942385714;0;1.6255554
24.03.2021 12:00;2.868742857;0;3.73877742
24.03.2021 13:00;5.095485714;0;13.49210982
24.03.2021 14:00;2.542857143;0;3.73877742
24.03.2021 15:00;2.063242857;0;0
24.03.2021 16:00;2.606657143;0;0.48766662
24.03.2021 17:00;1.947714286;0;12.67933212
24.03.2021 18:00;5.095485714;0;11.86655442
24.03.2021 19:00;8.273885714;0;3.41366634
24.03.2021 20:00;1.883128571;0;3.41366634
24.03.2021 21:00;1.907214286;0;0.48766662
24.03.2021 22:00;1.635442857;0.024830642;0
24.03.2021 23:00;0.629742857;0.123243945;0
25.03.2021 00:00;0.557828571;0.226743904;0
25.03.2021 01:00;0.596885714;0.330574555;0
25.03.2021 02:00;0.6036;0.431064265;0
25.03.2021 03:00;0.631285714;0.560319496;0
25.03.2021 04:00;0.616771429;0.6996414;0.32511108
25.03.2021 05:00;0.738514286;0.822829544;0
25.03.2021 06:00;3.673228571;0.949246865;5.52688836
25.03.2021 07:00;3.611342857;0.902209603;12.76060989
25.03.2021 08:00;3.005;1.271196459;10.40355456
25.03.2021 09:00;2.543714286;1.093154468;2.11322202
25.03.2021 10:00;1.536814286;0.265734321;4.0638885
25.03.2021 11:00;1.450171429;0.030229145;2.11322202
25.03.2021 12:00;2.879085714;0.273349505;3.41366634
25.03.2021 13:00;2.826828571;0.399226727;5.52688836
25.03.2021 14:00;2.477371429;0.213155213;3.08855526
25.03.2021 15:00;1.265628571;0;7.80266592
25.03.2021 16:00;4.185457143;0.622995601;4.71411066
25.03.2021 17:00;6.294485714;0.971849659;4.8766662
25.03.2021 18:00;5.824257143;0.568566758;10.07844348
25.03.2021 19:00;5.711457143;0.531418793;3.57622188
25.03.2021 20:00;1.833642857;1.585198604;1.95066648
25.03.2021 21:00;1.238957143;2.403623706;1.30044432
25.03.2021 22:00;1.246328571;2.873854948;0.16255554
25.03.2021 23:00;0.9447;3.429204535;0
26.03.2021 00:00;0.7;4.066340656;0
26.03.2021 01:00;0.730614286;4.66926572;0
26.03.2021 02:00;0.702457143;5.280689736;0
26.03.2021 03:00;0.738285714;5.734541435;0.16255554
26.03.2021 04:00;0.717814286;6.360961026;0.48766662
26.03.2021 05:00;0.852514286;6.992371144;2.92599972
26.03.2021 06:00;1.183942857;6.795378672;4.0638885
26.03.2021 07:00;5.307985714;5.23907003;17.63727609
26.03.2021 08:00;3.935614286;4.595458976;10.80994341
26.03.2021 09:00;1.920814286;6.440052573;4.38899958
26.03.2021 10:00;3.058871429;6.050607568;0.97533324
26.03.2021 11:00;2.085171429;3.906650435;0
26.03.2021 12:00;1.124357143;2.325452554;4.22644404
26.03.2021 13:00;1.313085714;1.294594218;1.30044432
26.03.2021 14:00;4.789357143;3.152361039;4.8766662
26.03.2021 15:00;3.935971429;4.378509541;5.85199944
26.03.2021 16:00;6.924585714;3.914567409;6.98988822
26.03.2021 17:00;5.583528571;4.63327634;6.5022216
26.03.2021 18:00;5.181485714;6.231162762;1.6255554
26.03.2021 19:00;4.528742857;7.046672349;7.3149993
26.03.2021 20:00;2.756314286;8.646892294;2.92599972
26.03.2021 21:00;2.7961;9.942948613;3.57622188
26.03.2021 22:00;2.283542857;10.74624626;0
26.03.2021 23:00;0.936814286;11.58861152;0
27.03.2021 00:00;0.625285714;12.4414511;0
27.03.2021 01:00;0.5905;12.9631896;0
27.03.2021 02:00;0.587485714;13.25974952;0
27.03.2021 03:00;0.628242857;13.27486535;0
27.03.2021 04:00;0.7551;13.35910783;0.16255554
27.03.2021 05:00;0.832;13.5615221;0.24383331
27.03.2021 06:00;4.226328571;12.41424593;4.14516627
27.03.2021 07:00;4.163771429;10.92199762;18.04366494
27.03.2021 08:00;2.814714286;11.16330293;5.12049951
27.03.2021 09:00;4.460728571;10.70829315;6.82733268
27.03.2021 10:00;4.055214286;9.530332218;0.32511108
27.03.2021 11:00;3.138771429;9.505005056;2.92599972
27.03.2021 12:00;1.040057143;10.30880736;1.30044432
27.03.2021 13:00;1.962185714;10.31656507;5.6894439
27.03.2021 14:00;11.52468571;6.377350285;5.03922174
27.03.2021 15:00;8.760628571;6.362737471;6.33966606
27.03.2021 16:00;4.590614286;9.001735704;1.46299986
27.03.2021 17:00;3.160028571;10.77853149;0
27.03.2021 18:00;9.684371429;9.926338238;3.57622188
27.03.2021 19:00;14.29117143;9.315206506;7.64011038
27.03.2021 20:00;6.063085714;9.820715008;6.17711052
27.03.2021 21:00;1.691185714;12.38698826;10.24099902
27.03.2021 22:00;1.086914286;14.43555637;0.97533324
27.03.2021 23:00;0.624014286;15.07676929;0
28.03.2021 00:00;0.571771429;15.38513354;0.16255554
28.03.2021 01:00;0.576785714;15.35403717;0
28.03.2021 02:00;0.5778;15.82504296;0
28.03.2021 03:00;0.647757143;16.45230736;0.32511108
28.03.2021 04:00;0.679028571;16.84476085;0.32511108
28.03.2021 05:00;0.867457143;16.85885119;0
28.03.2021 06:00;4.4632;15.50549013;7.72138815
28.03.2021 07:00;3.208642857;14.38205302;10.32227679
28.03.2021 08:00;3.154557143;14.18429202;6.17711052
28.03.2021 09:00;2.726142857;13.82211163;5.03922174
28.03.2021 10:00;2.435914286;13.22663789;8.29033254
28.03.2021 11:00;4.338314286;12.10060623;0
28.03.2021 12:00;5.428828571;11.98677057;1.13788878
28.03.2021 13:00;5.2347;11.89921819;2.27577756
28.03.2021 14:00;3.174985714;12.53153183;9.26566578
28.03.2021 15:00;0.966942857;13.85821462;4.55155512
28.03.2021 16:00;0.899171429;14.95949699;0.48766662
28.03.2021 17:00;4.061085714;14.81311859;7.47755484
28.03.2021 18:00;8.385071429;12.82553091;4.38899958
28.03.2021 19:00;10.76662857;10.57994996;6.98988822
28.03.2021 20:00;5.871914286;11.55371598;5.20177728
28.03.2021 21:00;4.187771429;14.08406013;2.27577756
28.03.2021 22:00;3.194742857;15.19190026;0
28.03.2021 23:00;0.705071429;16.45167674;0
29.03.2021 00:00;0.585528571;17.55801229;0
29.03.2021 01:00;0.563314286;18.02719537;0
29.03.2021 02:00;0.603414286;18.33961826;0
29.03.2021 03:00;0.595514286;18.48283648;0
29.03.2021 04:00;0.750942857;18.8082244;0
29.03.2021 05:00;0.750614286;19.07389924;8.77799916
29.03.2021 06:00;6.490328571;16.77584962;12.84188766
29.03.2021 07:00;2.262285714;13.66583482;10.32227679
29.03.2021 08:00;10.59405714;9.729031267;16.255554
29.03.2021 09:00;9.4941;4.581581021;2.60088864
29.03.2021 10:00;5.660857143;4.747327075;2.27577756
29.03.2021 11:00;10.06628571;3.912432189;6.58349937
29.03.2021 12:00;4.5847;2.264981955;2.51961087
29.03.2021 13:00;1.843857143;7.293280696;4.71411066
29.03.2021 14:00;1.780142857;10.64772178;1.6255554
29.03.2021 15:00;1.476414286;10.47025631;0
29.03.2021 16:00;2.502971429;10.58738137;0.56894439
29.03.2021 17:00;1.033357143;12.13516599;10.24099902
29.03.2021 18:00;4.776314286;12.41508402;12.67933212
29.03.2021 19:00;13.13521429;9.119725706;0.97533324
29.03.2021 20:00;4.941428571;9.263599501;4.55155512
29.03.2021 21:00;2.182028571;13.06901607;4.8766662
29.03.2021 22:00;0.909871429;14.78614971;0.32511108
29.03.2021 23:00;0.627057143;15.60152733;0
30.03.2021 00:00;0.6034;15.83717391;0
30.03.2021 01:00;0.6594;15.90611631;0
30.03.2021 02:00;0.583628571;15.95499145;0
30.03.2021 03:00;0.595128571;16.2585465;0
30.03.2021 04:00;0.584714286;16.48036731;0
30.03.2021 05:00;0.677714286;16.48120972;6.82733268
30.03.2021 06:00;6.391914286;12.52919079;6.25838829
30.03.2021 07:00;5.6709;10.21722348;29.34127497
30.03.2021 08:00;6.839071429;9.232251789;6.5022216
30.03.2021 09:00;7.3135;7.211806189;3.16983303
30.03.2021 10:00;7.192942857;5.824249012;7.72138815
30.03.2021 11:00;10.12507143;5.142310176;5.03922174
30.03.2021 12:00;11.7902;3.077852166;4.55155512
30.03.2021 13:00;7.871085714;1.547872299;1.21916655
30.03.2021 14:00;2.5524;2.068902552;3.41366634
30.03.2021 15:00;2.794142857;4.547683545;13.16699874
30.03.2021 16:00;1.064714286;5.796822569;2.60088864
30.03.2021 17:00;1.3149;7.615964114;0.16255554
30.03.2021 18:00;3.780828571;9.138351773;1.95066648
30.03.2021 19:00;7.359571429;8.143741533;2.4383331
30.03.2021 20:00;2.667828571;9.331667747;6.01455498
30.03.2021 21:00;1.978971429;11.49071246;5.03922174
30.03.2021 22:00;1.100642857;12.19388811;0
30.03.2021 23:00;0.683642857;13.03257337;0
31.03.2021 00:00;0.586571429;14.00375791;0
31.03.2021 01:00;0.645785714;15.03090528;0
31.03.2021 02:00;0.600314286;15.68890686;0
31.03.2021 03:00;0.623057143;15.62217941;0.32511108
31.03.2021 04:00;0.743;15.6958679;0.16255554
31.03.2021 05:00;0.978885714;15.75987099;4.22644404
31.03.2021 06:00;4.888285714;14.10052899;6.66477714
31.03.2021 07:00;3.793;12.47937906;4.79538843
31.03.2021 08:00;1.7655;11.89211888;17.8811094
31.03.2021 09:00;4.226271429;7.834818935;6.42094383
31.03.2021 10:00;2.484885714;2.179008905;2.76344418
31.03.2021 11:00;6.035557143;0.230583187;0.97533324
31.03.2021 12:00;2.844442857;0;4.22644404
31.03.2021 13:00;5.597714286;0;1.6255554
31.03.2021 14:00;2.602585714;0;0.16255554
31.03.2021 15:00;1.259442857;0;6.01455498
31.03.2021 16:00;2.698314286;0.014514205;7.3149993
31.03.2021 17:00;2.393128571;0.308190939;8.29033254
31.03.2021 18:00;6.630057143;1.384433022;2.76344418
31.03.2021 19:00;7.274842857;1.683409531;0.65022216
31.03.2021 20:00;3.925171429;2.589833953;1.30044432
31.03.2021 21:00;1.688828571;4.836114977;1.95066648
31.03.2021 22:00;1.455728571;7.039409655;0
31.03.2021 23:00;0.634085714;8.629703214;0
01.04.2021 00:00;0.561271429;9.927712385;0
01.04.2021 01:00;0.5736;10.73524017;0
01.04.2021 02:00;0.616485714;11.36699188;0
01.04.2021 03:00;0.644;11.82007146;0
01.04.2021 04:00;0.665157143;12.19506645;0.48766662
01.04.2021 05:00;1.0024;12.23092029;0.65022216
01.04.2021 06:00;3.780285714;7.242512722;12.51677658
01.04.2021 07:00;4.150814286;3.459778882;16.82449839
01.04.2021 08:00;4.270242857;1.430793562;8.37161031
01.04.2021 09:00;2.062142857;0.366892579;5.44561059
01.04.2021 10:00;2.232085714;0;0.97533324
01.04.2021 11:00;0.846742857;0;2.60088864
01.04.2021 12:00;1.9341;0;0.97533324
01.04.2021 13:00;2.0878;0;2.27577756
01.04.2021 14:00;3.665742857;0;1.6255554
01.04.2021 15:00;2.124471429;0;9.7533324
01.04.2021 16:00;2.831928571;0;0.73149993
01.04.2021 17:00;4.910671429;0;7.96522146
01.04.2021 18:00;4.962357143;0;1.30044432
01.04.2021 19:00;5.799814286;0;3.73877742
01.04.2021 20:00;4.578585714;0.093889229;4.71411066
01.04.2021 21:00;1.293942857;0.166387669;2.92599972
01.04.2021 22:00;2.4985;0.356550703;0
01.04.2021 23:00;2.1145;0.533370235;0
02.04.2021 00:00;0.688328571;0.823916767;0
02.04.2021 01:00;0.581457143;1.08591633;0
02.04.2021 02:00;0.6104;1.527090862;0
02.04.2021 03:00;0.628342857;1.965939399;0
02.04.2021 04:00;0.597228571;2.350785214;0.32511108
02.04.2021 05:00;0.687485714;2.749294363;2.92599972
02.04.2021 06:00;3.869371429;2.074178407;5.77072167
02.04.2021 07:00;2.307242857;0.192492623;11.13505449
02.04.2021 08:00;1.626142857;0.095783765;17.14960947
02.04.2021 09:00;7.683071429;0.007292355;2.4383331
02.04.2021 10:00;5.208857143;0;2.76344418
02.04.2021 11:00;3.493271429;0;1.30044432
02.04.2021 12:00;2.376142857;0;2.4383331
02.04.2021 13:00;4.295257143;0;2.60088864
02.04.2021 14:00;2.660714286;0;3.73877742
02.04.2021 15:00;1.308728571;0;0
02.04.2021 16:00;2.0757;0;6.5022216
02.04.2021 17:00;3.547314286;0;2.92599972
02.04.2021 18:00;4.312314286;0;6.98988822
02.04.2021 19:00;5.630057143;0;1.78811094
02.04.2021 20:00;3.040857143;0.178649131;11.86655442
02.04.2021 21:00;1.855357143;0.311592522;5.03922174
02.04.2021 22:00;1.527485714;0.576967149;0
02.04.2021 23:00;0.790071429;0.908713276;0
03.04.2021 00:00;0.578471429;1.166040392;0
03.04.2021 01:00;0.589442857;1.640599524;0
03.04.2021 02:00;0.6059;2.416517381;0
03.04.2021 03:00;0.664585714;3.374321973;0.32511108
03.04.2021 04:00;0.632971429;4.243650456;0.16255554
03.04.2021 05:00;0.757742857;4.986605136;3.90133296
03.04.2021 06:00;3.714371429;3.297389324;14.38616529
03.04.2021 07:00;3.908228571;0.544008361;18.77516487
03.04.2021 08:00;3.1092;0.153281144;1.21916655
03.04.2021 09:00;1.741385714;0;4.14516627
03.04.2021 10:00;1.478942857;0;3.33238857
03.04.2021 11:00;1.736442857;0;0.16255554
03.04.2021 12:00;1.9566;0;0.16255554
03.04.2021 13:00;5.501585714;0;3.65749965
03.04.2021 14:00;5.066914286;0;8.61544362
03.04.2021 15:00;1.979542857;0;2.27577756
03.04.2021 16:00;1.404057143;0;2.4383331
03.04.2021 17:00;6.8056;0;8.45288808
03.04.2021 18:00;8.618642857;0;1.30044432
03.04.2021 19:00;7.830971429;0;0.32511108
03.04.2021 20:00;5.335971429;0;1.95066648
03.04.2021 21:00;3.581671429;0;3.73877742
03.04.2021 22:00;0.911814286;0.095589039;1.95066648
03.04.2021 23:00;0.665657143;0.171925278;0
04.04.2021 00:00;0.582414286;0.302793879;0
04.04.2021 01:00;0.5694;0.426734743;0
04.04.2021 02:00;0.586757143;0.594188311;0
04.04.2021 03:00;0.587485714;0.773551716;0
04.04.2021 04:00;0.749928571;0.942498829;0.32511108
04.04.2021 05:00;2.327157143;0.612525515;13.8172209
04.04.2021 06:00;7.2777;0;21.78244236
04.04.2021 07:00;2.371314286;0;11.70399888
04.04.2021 08:00;6.307857143;0;1.05661101
04.04.2021 09:00;6.343628571;0;3.2511108
04.04.2021 10:00;6.433957143;0;3.08855526
04.04.2021 11:00;2.515585714;0;0.97533324
04.04.2021 12:00;4.422314286;0;3.41366634
04.04.2021 13:00;2.306114286;0;13.0044432
04.04.2021 14:00;2.826314286;0;1.05661101
04.04.2021 15:00;1.5863;0;0.32511108
04.04.2021 16:00;1.182285714;0;2.92599972
04.04.2021 17:00;4.465957143;0;3.73877742
04.04.2021 18:00;5.600342857;0;6.98988822
04.04.2021 19:00;2.825442857;0;0.48766662
04.04.2021 20:00;3.958928571;0;0.8127777
04.04.2021 21:00;3.020728571;0;1.13788878
04.04.2021 22:00;0.903985714;0;0
04.04.2021 23:00;0.654028571;0;0
05.04.2021 00:00;0.890942857;0;0
05.04.2021 01:00;0.896085714;0.115722316;0
05.04.2021 02:00;0.671571429;0.185532364;0
05.04.2021 03:00;0.644628571;0.296022981;0.48766662
05.04.2021 04:00;0.809628571;0.405423107;0.65022216
05.04.2021 05:00;0.866714286;0.454688868;2.27577756
05.04.2021 06:00;5.863242857;0.223222406;12.59805435
05.04.2021 07:00;6.633785714;0.140861453;26.0088864
05.04.2021 08:00;4.081114286;0.022942996;10.15972125
05.04.2021 09:00;9.633942857;0;5.85199944
05.04.2021 10:00;8.236885714;0;6.82733268
05.04.2021 11:00;8.382185714;0;0.8127777
05.04.2021 12:00;2.3956;0;3.41366634
05.04.2021 13:00;3.121828571;0;3.57622188
05.04.2021 14:00;3.0911;0;0.16255554
05.04.2021 15:00;5.288428571;0;8.9405547
05.04.2021 16:00;4.611042857;0;0.97533324
05.04.2021 17:00;5.018271429;0;1.86938871
05.04.2021 18:00;12.18331429;0;0.65022216
05.04.2021 19:00;10.02085714;0;3.16983303
05.04.2021 20:00;2.204357143;0;8.77799916
05.04.2021 21:00;1.516542857;0.103607633;3.08855526
05.04.2021 22:00;1.135557143;0.299744005;0
05.04.2021 23:00;0.921142857;0.386411499;0
06.04.2021 00:00;0.582457143;0.436429507;0
06.04.2021 01:00;0.563942857;0.480553486;0
06.04.2021 02:00;0.574557143;0.540504746;0
06.04.2021 03:00;0.662585714;0.70142923;0.16255554
06.04.2021 04:00;0.707285714;0.872016018;0.16255554
06.04.2021 05:00;1.3045;1.012392056;10.15972125
06.04.2021 06:00;5.568285714;0.565791251;15.11766522
06.04.2021 07:00;3.318085714;0.257806484;15.19894299
06.04.2021 08:00;3.692228571;0.217851592;3.57622188
06.04.2021 09:00;6.997714286;0.220299471;14.6299986
06.04.2021 10:00;5.938428571;0;6.74605491
06.04.2021 11:00;10.14068571;0.186398325;4.0638885
06.04.2021 12:00;8.263657143;0.085699041;1.46299986
06.04.2021 13:00;3.778042857;0;16.255554
06.04.2021 14:00;3.869642857;0.444643793;0.65022216
06.04.2021 15:00;7.682057143;0.194717626;0.65022216
06.04.2021 16:00;3.357328571;0.262687165;0.48766662
06.04.2021 17:00;1.194542857;1.011904562;0.97533324
06.04.2021 18:00;2.571271429;1.274140228;0.8127777
06.04.2021 19:00;8.445614286;1.060025716;0.73149993
06.04.2021 20:00;3.851914286;1.184917383;6.66477714
06.04.2021 21:00;3.639128571;1.706044342;0.32511108
06.04.2021 22:00;1.360728571;1.695080527;0
06.04.2021 23:00;0.901714286;1.954910612;0
07.04.2021 00:00;0.650128571;2.39879441;0
07.04.2021 01:00;0.583742857;3.268119956;0
07.04.2021 02:00;0.578;4.111039301;0
07.04.2021 03:00;0.602957143;5.201514517;0.16255554
07.04.2021 04:00;0.699485714;6.274691843;0.32511108
07.04.2021 05:00;0.770928571;7.061311566;5.20177728
07.04.2021 06:00;4.803585714;2.487665072;24.30205323
07.04.2021 07:00;3.5804;1.313519548;7.80266592
07.04.2021 08:00;1.158014286;0.80507633;9.10311024
07.04.2021 09:00;7.190857143;0.319095102;7.3149993
07.04.2021 10:00;3.718828571;0;2.60088864
07.04.2021 11:00;5.862614286;0;2.76344418
07.04.2021 12:00;3.6044;0;0.65022216
07.04.2021 13:00;4.627885714;0;1.13788878
07.04.2021 14:00;2.185285714;0;9.59077686
07.04.2021 15:00;2.1469;0;0
07.04.2021 16:00;1.226228571;0;0.16255554
07.04.2021 17:00;1.6152;0;1.95066648
07.04.2021 18:00;3.921742857;0;0.89405547
07.04.2021 19:00;5.622;0;8.04649923
07.04.2021 20:00;4.137728571;0;0.65022216
07.04.2021 21:00;1.6414;0;2.4383331
07.04.2021 22:00;1.252171429;0.253283562;0.32511108
07.04.2021 23:00;0.904928571;0.330315869;0
08.04.2021 00:00;0.834871429;0.391611072;0
08.04.2021 01:00;0.657457143;0.586695099;0
08.04.2021 02:00;0.641685714;0.849067117;0
08.04.2021 03:00;0.626642857;1.012287975;0
08.04.2021 04:00;0.641342857;1.109690029;0.32511108
08.04.2021 05:00;1.569342857;1.193876284;4.71411066
08.04.2021 06:00;5.210571429;1.299643836;10.89122118
08.04.2021 07:00;2.514642857;1.016504677;27.95955288
08.04.2021 08:00;5.751728571;0.740230206;4.38899958
08.04.2021 09:00;5.049457143;1.18635049;2.60088864
08.04.2021 10:00;2.763771429;1.829282768;1.95066648
08.04.2021 11:00;1.519;1.942307748;0.97533324
08.04.2021 12:00;2.531214286;2.290808326;4.38899958
08.04.2021 13:00;3.041871429;1.713901555;11.70399888
08.04.2021 14:00;2.114842857;1.116269166;0.32511108
08.04.2021 15:00;2.033328571;1.201131019;2.92599972
08.04.2021 16:00;1.633757143;0.967509514;0.48766662
08.04.2021 17:00;5.602214286;1.109168867;10.40355456
08.04.2021 18:00;6.0519;1.891487714;2.60088864
08.04.2021 19:00;6.737171429;1.520105345;0.97533324
08.04.2021 20:00;3.914928571;1.46347687;1.6255554
08.04.2021 21:00;1.6931;3.368152361;3.08855526
08.04.2021 22:00;1.4886;4.832079018;0
08.04.2021 23:00;1.177242857;5.836503684;0
09.04.2021 00:00;0.727528571;6.699656873;0
09.04.2021 01:00;0.605614286;7.262203902;0
09.04.2021 02:00;0.586585714;7.60883472;0
09.04.2021 03:00;0.579471429;7.896608367;0
09.04.2021 04:00;0.6443;8.146941021;0
09.04.2021 05:00;0.754542857;8.256757213;3.41366634
09.04.2021 06:00;3.913342857;7.114127009;12.76060989
09.04.2021 07:00;4.537957143;5.714005193;15.28022076
09.04.2021 08:00;3.415914286;5.433905902;3.33238857
09.04.2021 09:00;3.529271429;4.377452194;1.30044432
09.04.2021 10:00;2.082385714;4.102751918;2.92599972
09.04.2021 11:00;3.915757143;2.773670977;1.78811094
09.04.2021 12:00;1.201471429;2.053721155;1.13788878
09.04.2021 13:00;3.418357143;1.993452525;2.92599972
09.04.2021 14:00;1.934714286;0.314394863;1.95066648
09.04.2021 15:00;1.278857143;0;9.10311024
09.04.2021 16:00;2.080857143;0.144075471;8.29033254
09.04.2021 17:00;5.644942857;0.70810726;6.17711052
09.04.2021 18:00;8.273485714;2.305054009;3.2511108
09.04.2021 19:00;8.1818;2.20796442;5.36433282
09.04.2021 20:00;11.9717;1.389978752;2.92599972
09.04.2021 21:00;2.676557143;2.637508231;0.97533324
09.04.2021 22:00;1.986671429;5.603016208;0.32511108
09.04.2021 23:00;1.006628571;6.624265649;0
10.04.2021 00:00;0.578285714;7.46875149;0
10.04.2021 01:00;0.562371429;7.960950739;0
10.04.2021 02:00;0.640785714;8.391448264;0
10.04.2021 03:00;0.656757143;8.90397626;0.32511108
10.04.2021 04:00;0.694514286;9.341017305;0
10.04.2021 05:00;0.8158;9.631337801;3.73877742
10.04.2021 06:00;3.5728;8.562619204;6.90861045
10.04.2021 07:00;4.191785714;6.701047311;12.43549881
10.04.2021 08:00;3.140771429;2.566185276;4.8766662
10.04.2021 09:00;0.920728571;1.388379085;0.8127777
10.04.2021 10:00;2.6898;2.66930114;4.63283289
10.04.2021 11:00;1.889928571;1.065955192;0.16255554
10.04.2021 12:00;3.413985714;0.836279872;5.36433282
10.04.2021 13:00;1.184542857;0.397279038;6.01455498
10.04.2021 14:00;1.7195;0.075911895;6.66477714
10.04.2021 15:00;4.026371429;0.617233079;2.60088864
10.04.2021 16:00;2.064842857;1.324399524;0.48766662
10.04.2021 17:00;1.4728;3.930119086;9.26566578
10.04.2021 18:00;3.4526;5.131620019;3.16983303
10.04.2021 19:00;9.050857143;3.510638983;10.97249895
10.04.2021 20:00;9.752471429;3.388791019;1.05661101
10.04.2021 21:00;2.953128571;6.106270928;3.73877742
10.04.2021 22:00;1.1931;8.75245525;3.90133296
10.04.2021 23:00;1.031285714;9.626631909;0
11.04.2021 00:00;0.859385714;9.941351987;0
11.04.2021 01:00;0.578328571;10.1978292;0
11.04.2021 02:00;0.570771429;10.53758061;0
11.04.2021 03:00;0.629671429;10.87663577;0
11.04.2021 04:00;0.653128571;11.1579519;0
11.04.2021 05:00;0.692285714;11.36589874;1.95066648
11.04.2021 06:00;1.981128571;10.20227561;2.4383331
11.04.2021 07:00;2.755071429;6.477009229;10.5661101
11.04.2021 08:00;4.603214286;1.681472582;2.35705533
11.04.2021 09:00;3.428428571;0.625793079;8.9405547
11.04.2021 10:00;1.011842857;0.350956137;3.73877742
11.04.2021 11:00;0.699985714;0.087412926;0.97533324
11.04.2021 12:00;2.262357143;0;9.7533324
11.04.2021 13:00;5.300642857;0;5.6894439
11.04.2021 14:00;2.964071429;0.005903901;0.48766662
11.04.2021 15:00;0.986585714;0.154369874;1.46299986
11.04.2021 16:00;3.818314286;0.360438983;3.90133296
11.04.2021 17:00;6.868114286;0.716786145;9.59077686
11.04.2021 18:00;9.355528571;0.556017702;1.54427763
11.04.2021 19:00;12.08028571;0.511305438;3.49494411
11.04.2021 20:00;9.9445;0.826735728;15.36149853
11.04.2021 21:00;11.51518571;2.666769442;2.4383331
11.04.2021 22:00;2.887757143;4.992946858;0.24383331
11.04.2021 23:00;0.8656;7.124820964;0
12.04.2021 00:00;0.7434;8.279601952;0
12.04.2021 01:00;0.585014286;9.418465928;0
12.04.2021 02:00;0.573214286;10.1806267;0
12.04.2021 03:00;0.574157143;10.63750772;0
12.04.2021 04:00;0.6557;11.21549431;0.32511108
12.04.2021 05:00;0.952357143;11.49351226;2.76344418
12.04.2021 06:00;3.631985714;10.16186819;9.26566578
12.04.2021 07:00;4.1551;8.624595437;8.37161031
12.04.2021 08:00;4.855457143;7.238108105;13.57338759
12.04.2021 09:00;8.683371429;4.580140837;4.30772181
12.04.2021 10:00;6.566785714;2.146947946;6.82733268
12.04.2021 11:00;4.872942857;1.612353623;16.33683177
12.04.2021 12:00;4.6032;0.178570566;0.56894439
12.04.2021 13:00;2.156842857;0.380410767;0.16255554
12.04.2021 14:00;4.8142;0.553891859;0.97533324
12.04.2021 15:00;5.830614286;0.087813913;0.48766662
12.04.2021 16:00;3.819157143;1.196448218;0.48766662
12.04.2021 17:00;0.9426;2.612675216;2.27577756
12.04.2021 18:00;3.673957143;4.821842815;11.29761003
12.04.2021 19:00;4.587928571;5.016345061;7.55883261
12.04.2021 20:00;2.535657143;6.332905447;3.2511108
12.04.2021 21:00;2.767628571;7.66788073;8.85927693
12.04.2021 22:00;1.228714286;8.725989511;0
12.04.2021 23:00;0.755485714;9.861928432;0.16255554
13.04.2021 00:00;0.593471429;10.42843016;0
13.04.2021 01:00;0.6439;10.74891445;0
13.04.2021 02:00;0.5909;10.96278176;0
13.04.2021 03:00;0.603728571;11.21047212;0.16255554
13.04.2021 04:00;0.777771429;11.41371282;0
13.04.2021 05:00;1.197485714;11.5987959;3.16983303
13.04.2021 06:00;3.850357143;10.70516643;3.65749965
13.04.2021 07:00;2.547814286;10.1369738;11.78527665
13.04.2021 08:00;5.883185714;8.026066775;4.71411066
13.04.2021 09:00;4.707071429;5.157703402;7.55883261
13.04.2021 10:00;5.839;3.804182382;13.65466536
13.04.2021 11:00;7.614385714;2.836101764;0
13.04.2021 12:00;3.113871429;2.34758721;0.48766662
13.04.2021 13:00;3.202685714;3.693974566;0.48766662
13.04.2021 14:00;7.802514286;3.550507727;1.95066648
13.04.2021 15:00;6.856257143;3.410917305;7.96522146
13.04.2021 16:00;1.377457143;5.854048833;0
13.04.2021 17:00;1.300285714;8.53306737;5.52688836
13.04.2021 18:00;4.138071429;8.477827624;1.78811094
13.04.2021 19:00;1.7478;9.148694398;3.2511108
13.04.2021 20:00;2.0196;10.35305797;12.35422104
13.04.2021 21:00;4.6909;9.364677996;11.54144334
13.04.2021 22:00;1.866157143;9.578237575;0
13.04.2021 23:00;1.118557143;12.00271785;0
14.04.2021 00:00;0.735814286;13.76549852;0
14.04.2021 01:00;0.6792;14.46443788;0
14.04.2021 02:00;0.759414286;14.86287562;0
14.04.2021 03:00;0.666528571;14.73746211;0
14.04.2021 04:00;0.729857143;14.4034202;0
14.04.2021 05:00;0.787114286;14.47523888;3.41366634
14.04.2021 06:00;3.866628571;12.00457501;9.99716571
14.04.2021 07:00;3.516428571;5.300966378;11.78527665
14.04.2021 08:00;3.455071429;3.138818684;12.84188766
14.04.2021 09:00;2.436271429;2.389294824;6.42094383
14.04.2021 10:00;0.887457143;2.228874609;0.48766662
14.04.2021 11:00;2.1261;1.016418223;3.08855526
14.04.2021 12:00;1.595957143;0.105651565;0.08127777
14.04.2021 13:00;2.464628571;0;0.24383331
14.04.2021 14:00;1.952228571;1.727960031;0.48766662
14.04.2021 15:00;3.020728571;2.998379928;0.32511108
14.04.2021 16:00;1.090071429;5.218849193;0.8127777
14.04.2021 17:00;0.911228571;6.77574915;0.16255554
14.04.2021 18:00;1.689371429;7.745958941;9.10311024
14.04.2021 19:00;6.2491;8.03816652;14.46744306
14.04.2021 20:00;3.073285714;8.537821156;2.92599972
14.04.2021 21:00;3.047942857;9.830835631;1.46299986
14.04.2021 22:00;1.1825;10.56403255;0
14.04.2021 23:00;1.4425;11.14177441;0
15.04.2021 00:00;0.816257143;12.21174005;0
15.04.2021 01:00;0.687285714;13.80609976;0
15.04.2021 02:00;0.671728571;14.22391119;0
15.04.2021 03:00;0.640857143;14.27474537;0
15.04.2021 04:00;0.687814286;14.4206712;0.16255554
15.04.2021 05:00;0.923357143;14.42319016;10.24099902
15.04.2021 06:00;3.437328571;13.61906195;11.70399888
15.04.2021 07:00;4.691314286;11.90942404;14.71127637
15.04.2021 08:00;2.594871429;11.10950625;8.20905477
15.04.2021 09:00;5.472185714;7.978091258;7.80266592
15.04.2021 10:00;1.693428571;2.978339394;6.98988822
15.04.2021 11:00;1.008714286;3.8240055;2.4383331
15.04.2021 12:00;3.847071429;1.964696804;5.20177728
15.04.2021 13:00;0.950028571;0.067480958;1.13788878
15.04.2021 14:00;0.941657143;0.123201812;0
15.04.2021 15:00;1.726385714;1.261691541;0.65022216
15.04.2021 16:00;3.300314286;3.839966331;1.46299986
15.04.2021 17:00;2.629842857;5.810458925;0.8127777
15.04.2021 18:00;5.655842857;5.874435199;4.0638885
15.04.2021 19:00;12.85607143;4.396509944;9.02183247
15.04.2021 20:00;8.8503;5.145171359;5.12049951
15.04.2021 21:00;4.7615;7.588402995;0.48766662
15.04.2021 22:00;1.575342857;9.788010213;0
15.04.2021 23:00;0.873685714;12.1237713;0
16.04.2021 00:00;0.723471429;13.29662804;0
16.04.2021 01:00;0.646042857;14.03307937;0
16.04.2021 02:00;0.6296;14.53345934;0
16.04.2021 03:00;0.630342857;14.9133402;0
16.04.2021 04:00;0.651371429;15.18352834;0.97533324
16.04.2021 05:00;0.708657143;14.56267034;3.90133296
16.04.2021 06:00;2.347385714;13.25983804;7.88394369
16.04.2021 07:00;4.118128571;8.550337211;14.14233198
16.04.2021 08:00;4.909071429;3.658451781;11.05377672
16.04.2021 09:00;4.266;1.910566683;24.46460877
16.04.2021 10:00;2.542985714;0.97961776;2.92599972
16.04.2021 11:00;1.790742857;1.304358616;0
16.04.2021 12:00;1.973785714;0.282934066;0
16.04.2021 13:00;1.8786;0.293592637;1.78811094
16.04.2021 14:00;6.231;1.176223941;0.32511108
16.04.2021 15:00;2.352428571;2.134300542;0
16.04.2021 16:00;1.910714286;4.509075606;0.65022216
16.04.2021 17:00;1.631128571;5.56849422;2.76344418
16.04.2021 18:00;4.311528571;5.882447104;4.55155512
16.04.2021 19:00;10.14778571;3.764588615;2.92599972
16.04.2021 20:00;2.541471429;5.072734408;0.16255554
16.04.2021 21:00;3.6944;7.911923768;3.73877742
16.04.2021 22:00;2.193914286;8.642775119;0
16.04.2021 23:00;0.9346;10.17757289;0.48766662
17.04.2021 00:00;1.054371429;10.82599991;0.48766662
17.04.2021 01:00;0.795585714;11.03875513;0
17.04.2021 02:00;0.5977;11.46557843;0
17.04.2021 03:00;0.638128571;11.81618094;0
17.04.2021 04:00;0.653042857;12.02063823;0
17.04.2021 05:00;0.745528571;11.97485058;2.27577756
17.04.2021 06:00;1.6716;11.2309747;6.17711052
17.04.2021 07:00;4.968242857;5.661029738;15.93044292
17.04.2021 08:00;2.874671429;1.711942914;17.0683317
17.04.2021 09:00;3.782057143;1.047993514;14.22360975
17.04.2021 10:00;4.427814286;0.487860871;12.51677658
17.04.2021 11:00;3.597114286;0.039560286;0
17.04.2021 12:00;3.972728571;0;0.8127777
17.04.2021 13:00;4.199714286;0;0.48766662
17.04.2021 14:00;5.003557143;0;0
17.04.2021 15:00;2.5167;0;0.16255554
17.04.2021 16:00;1.5081;0;1.95066648
17.04.2021 17:00;1.633214286;0;1.78811094
17.04.2021 18:00;7.0902;0.170568758;9.59077686
17.04.2021 19:00;8.079214286;0.207386586;2.03194425
17.04.2021 20:00;2.767414286;0.834728856;0.48766662
17.04.2021 21:00;2.019528571;2.258442341;1.46299986
17.04.2021 22:00;1.001685714;3.506532401;0
17.04.2021 23:00;0.6656;5.064939356;0.32511108
18.04.2021 00:00;0.577928571;6.277281343;0
18.04.2021 01:00;0.654414286;7.269608692;0
18.04.2021 02:00;0.5895;8.100733257;0
18.04.2021 03:00;0.600814286;8.840496208;0
18.04.2021 04:00;0.685414286;9.573868089;0
18.04.2021 05:00;0.730214286;8.970763034;4.71411066
18.04.2021 06:00;5.288171429;3.480667264;19.91305365
18.04.2021 07:00;4.945585714;1.988580538;17.0683317
18.04.2021 08:00;4.267342857;0.941520034;20.80710912
18.04.2021 09:00;3.5221;0.285440858;1.13788878
18.04.2021 10:00;3.661757143;0;3.16983303
18.04.2021 11:00;3.374214286;0;4.71411066
18.04.2021 12:00;4.508014286;0;0.48766662
18.04.2021 13:00;2.101971429;0;1.30044432
18.04.2021 14:00;3.049714286;0;1.46299986
18.04.2021 15:00;2.014385714;0;0.65022216
18.04.2021 16:00;5.030485714;0;0.97533324
18.04.2021 17:00;4.196971429;0;0.97533324
18.04.2021 18:00;11.54828571;0;6.98988822
18.04.2021 19:00;7.761485714;0;0.65022216
18.04.2021 20:00;3.146528571;0.284408984;2.92599972
18.04.2021 21:00;3.0061;0.338115078;0.48766662
18.04.2021 22:00;1.158171429;0.49272561;0.16255554
18.04.2021 23:00;0.693642857;0.826437627;0
19.04.2021 00:00;0.584114286;1.447848282;0
19.04.2021 01:00;0.573557143;2.819688359;0
19.04.2021 02:00;0.5748;4.338959927;0
19.04.2021 03:00;0.678585714;5.301743993;0
19.04.2021 04:00;0.704757143;6.235978037;0.16255554
19.04.2021 05:00;0.820542857;5.582047062;5.52688836
19.04.2021 06:00;2.634842857;2.965405022;9.26566578
19.04.2021 07:00;5.262557143;0.847488756;18.45005379
19.04.2021 08:00;10.85917143;0.229809628;12.1916655
19.04.2021 09:00;10.36192857;0;22.02627567
19.04.2021 10:00;7.002528571;0;5.60816613
19.04.2021 11:00;5.309971429;0;0.32511108
19.04.2021 12:00;3.769928571;0;0
19.04.2021 13:00;1.251628571;0;1.13788878
19.04.2021 14:00;3.075285714;0;2.27577756
19.04.2021 15:00;2.439228571;0;0.32511108
19.04.2021 16:00;0.8891;0;1.13788878
19.04.2021 17:00;0.859228571;0;4.8766662
19.04.2021 18:00;7.754042857;0;6.42094383
19.04.2021 19:00;15.30111429;0;9.26566578
19.04.2021 20:00;10.98132857;0.046647896;1.70683317
19.04.2021 21:00;2.845071429;0.115841087;0
19.04.2021 22:00;1.290542857;0.341611713;0
19.04.2021 23:00;0.957842857;0.654053355;0
20.04.2021 00:00;0.617414286;0.903888612;0
20.04.2021 01:00;0.563757143;1.092728872;0
20.04.2021 02:00;0.598828571;1.365209726;0
20.04.2021 03:00;0.646642857;1.841974128;0
20.04.2021 04:00;0.647142857;2.41811908;0
20.04.2021 05:00;0.724485714;2.10235954;1.95066648
20.04.2021 06:00;3.118757143;1.017374627;11.70399888
20.04.2021 07:00;5.267857143;0.664583097;20.80710912
20.04.2021 08:00;4.762457143;0.261252657;15.76788738
20.04.2021 09:00;6.305714286;0;4.0638885
20.04.2021 10:00;9.472357143;0;8.127777
20.04.2021 11:00;6.052528571;0;13.97977644
20.04.2021 12:00;6.812657143;0;2.76344418
20.04.2021 13:00;0.939928571;0;0.48766662
20.04.2021 14:00;3.325385714;0;0.48766662
20.04.2021 15:00;6.0454;0;2.92599972
20.04.2021 16:00;2.765071429;0;6.33966606
20.04.2021 17:00;1.919314286;0;0.48766662
20.04.2021 18:00;3.017442857;0;1.13788878
20.04.2021 19:00;6.508885714;0;3.65749965
20.04.2021 20:00;1.521214286;0;3.41366634
20.04.2021 21:00;1.096871429;0;0.65022216
20.04.2021 22:00;1.063885714;0.062283002;0
20.04.2021 23:00;0.810757143;0.193067956;0
21.04.2021 00:00;0.589142857;0.309355024;0
21.04.2021 01:00;0.618314286;0.419158284;0
21.04.2021 02:00;0.569342857;0.525582782;0
21.04.2021 03:00;0.570585714;0.630957596;0
21.04.2021 04:00;0.6698;0.74522198;0
21.04.2021 05:00;0.931285714;0.764679393;6.82733268
21.04.2021 06:00;2.9456;0.627182397;14.6299986
21.04.2021 07:00;4.430357143;0.361824756;17.55599832
21.04.2021 08:00;5.511142857;0;18.53133156
21.04.2021 09:00;2.298628571;0;1.38172209
21.04.2021 10:00;3.074571429;0;0.97533324
21.04.2021 11:00;2.949857143;0;3.73877742
21.04.2021 12:00;4.144757143;0;0.16255554
21.04.2021 13:00;6.4225;0;0
21.04.2021 14:00;4.7713;0;0.32511108
21.04.2021 15:00;1.760828571;0;2.60088864
21.04.2021 16:00;4.411471429;0;1.30044432
21.04.2021 17:00;1.378214286;0;1.6255554
21.04.2021 18:00;3.585214286;0;4.79538843
21.04.2021 19:00;6.997071429;0;3.73877742
21.04.2021 20:00;5.275742857;0;0.56894439
21.04.2021 21:00;2.749685714;0;1.30044432
21.04.2021 22:00;1.165242857;0.039299417;0
21.04.2021 23:00;0.659985714;0.122539839;0
22.04.2021 00:00;0.698885714;0.218036537;0
22.04.2021 01:00;0.691471429;0.307913133;0
22.04.2021 02:00;0.646814286;0.390899331;0
22.04.2021 03:00;0.563471429;0.472368994;0
22.04.2021 04:00;0.577128571;0.530306312;0
22.04.2021 05:00;0.761642857;0.552934852;3.41366634
22.04.2021 06:00;2.598814286;0.50323725;11.54144334
22.04.2021 07:00;4.812057143;0.310690214;22.92033114
22.04.2021 08:00;2.744457143;0.010803956;22.27010898
22.04.2021 09:00;7.068528571;0;1.38172209
22.04.2021 10:00;2.0878;0;3.49494411
22.04.2021 11:00;2.522471429;0;0.8127777
22.04.2021 12:00;9.975614286;0;2.92599972
22.04.2021 13:00;5.321371429;0;0.97533324
22.04.2021 14:00;3.471885714;0;0
22.04.2021 15:00;1.056371429;0;8.127777
22.04.2021 16:00;1.761914286;0;1.13788878
22.04.2021 17:00;1.853342857;0;3.41366634
22.04.2021 18:00;3.460628571;0;1.05661101
22.04.2021 19:00;5.933185714;0;1.6255554
22.04.2021 20:00;1.929085714;0;0.73149993
22.04.2021 21:00;2.596228571;0.059650124;0.08127777
22.04.2021 22:00;1.372942857;0.155199155;0
22.04.2021 23:00;0.773971429;0.24756284;0
23.04.2021 00:00;0.576914286;0.314229499;0
23.04.2021 01:00;0.565357143;0.373622587;0
23.04.2021 02:00;0.595542857;0.438708635;0
23.04.2021 03:00;0.6549;0.53054842;0
23.04.2021 04:00;0.771428571;0.622264498;0.16255554
23.04.2021 05:00;1.1446;0.690921231;6.17711052
23.04.2021 06:00;2.093085714;0.534641029;14.06105421
23.04.2021 07:00;4.003171429;0.307796387;10.89122118
23.04.2021 08:00;5.982414286;0;12.35422104
23.04.2021 09:00;4.460314286;0;9.42822132
23.04.2021 10:00;6.548085714;0;3.41366634
23.04.2021 11:00;1.395757143;0;1.46299986
23.04.2021 12:00;1.478614286;0;8.77799916
23.04.2021 13:00;4.678342857;0;0
23.04.2021 14:00;2.628042857;0;0.16255554
23.04.2021 15:00;2.356571429;0;0.32511108
23.04.2021 16:00;2.018771429;0;3.90133296
23.04.2021 17:00;1.133485714;0.018738088;6.01455498
23.04.2021 18:00;2.205785714;0.124504836;0.8127777
23.04.2021 19:00;8.978328571;0.27047108;2.27577756
23.04.2021 20:00;1.310471429;0.370682966;0.32511108
23.04.2021 21:00;2.068542857;0.3986287;4.0638885
23.04.2021 22:00;1.085785714;0.435103854;0
23.04.2021 23:00;0.745142857;0.491487255;0
24.04.2021 00:00;0.596742857;0.576344098;0
24.04.2021 01:00;0.580942857;0.696709785;0
24.04.2021 02:00;0.568214286;0.804236584;0
24.04.2021 03:00;0.602285714;0.898835997;0
24.04.2021 04:00;0.688128571;0.99641418;0
24.04.2021 05:00;0.644728571;1.048460757;4.0638885
24.04.2021 06:00;1.596328571;1.053463984;3.57622188
24.04.2021 07:00;3.138971429;1.084472316;13.08572097
24.04.2021 08:00;4.510571429;1.136682743;16.90577616
24.04.2021 09:00;5.172371429;1.118166207;18.45005379
24.04.2021 10:00;3.843285714;1.064390438;11.70399888
24.04.2021 11:00;2.800328571;0.582753313;0.8127777
24.04.2021 12:00;2.500228571;0;0.48766662
24.04.2021 13:00;1.909685714;0;0
24.04.2021 14:00;4.0537;0;1.30044432
24.04.2021 15:00;2.304842857;0;1.46299986
24.04.2021 16:00;1.872142857;0;0.16255554
24.04.2021 17:00;1.543257143;0;3.2511108
24.04.2021 18:00;10.40584286;0.198593131;5.52688836
24.04.2021 19:00;4.603285714;0.622906388;1.70683317
24.04.2021 20:00;2.501885714;0.798096114;3.41366634
24.04.2021 21:00;2.876614286;0.919796331;2.11322202
24.04.2021 22:00;0.998185714;1.02523928;0
24.04.2021 23:00;0.616985714;1.194416726;0
25.04.2021 00:00;0.599128571;1.450998223;0
25.04.2021 01:00;0.637985714;1.701640907;0
25.04.2021 02:00;0.584671429;1.950695927;0
25.04.2021 03:00;0.582128571;2.162765683;0
25.04.2021 04:00;0.6047;2.409171505;0.65022216
25.04.2021 05:00;1.2174;2.124270886;2.76344418
25.04.2021 06:00;3.929228571;1.425098893;9.91588794
25.04.2021 07:00;3.756757143;1.176428183;17.47472055
25.04.2021 08:00;5.700171429;0.805487266;13.97977644
25.04.2021 09:00;10.11362857;0.321591462;18.20622048
25.04.2021 10:00;3.149257143;0;1.46299986
25.04.2021 11:00;4.084557143;0;1.95066648
25.04.2021 12:00;6.924114286;0;3.2511108
25.04.2021 13:00;8.6935;0;1.46299986
25.04.2021 14:00;4.006914286;0;0.32511108
25.04.2021 15:00;3.7564;0;0
25.04.2021 16:00;1.457457143;0;0.97533324
25.04.2021 17:00;1.206042857;0;2.27577756
25.04.2021 18:00;5.048328571;0;6.42094383
25.04.2021 19:00;3.790171429;0.091666993;0.40638885
25.04.2021 20:00;3.040257143;0.249799277;0.8127777
25.04.2021 21:00;1.132471429;0.491111254;2.11322202
25.04.2021 22:00;1.9224;0.667271922;0
25.04.2021 23:00;1.485128571;0.792802043;0
26.04.2021 00:00;0.631214286;0.892603548;0
26.04.2021 01:00;0.6595;0.984764823;0
26.04.2021 02:00;0.599771429;1.054416625;0
26.04.2021 03:00;0.582614286;1.081032407;0
26.04.2021 04:00;0.736771429;1.162007894;0
26.04.2021 05:00;0.765171429;1.090430055;3.08855526
26.04.2021 06:00;1.892028571;1.044017008;11.46016557
26.04.2021 07:00;4.668071429;0.855384919;8.77799916
26.04.2021 08:00;3.384814286;0.53006311;20.96966466
26.04.2021 09:00;7.418014286;0.162950095;11.29761003
26.04.2021 10:00;7.599342857;0;11.94783219
26.04.2021 11:00;3.415157143;0;3.16983303
26.04.2021 12:00;1.728585714;0;0.16255554
26.04.2021 13:00;2.499428571;0;0.40638885
26.04.2021 14:00;2.254142857;0;0.48766662
26.04.2021 15:00;1.237414286;0.220552697;0.8127777
26.04.2021 16:00;1.166714286;0.450110264;3.2511108
26.04.2021 17:00;1.265257143;0.645762059;5.6894439
26.04.2021 18:00;5.8482;0.787221077;1.46299986
26.04.2021 19:00;5.654285714;0.888597901;5.36433282
26.04.2021 20:00;3.803171429;0.966153463;5.36433282
26.04.2021 21:00;2.765057143;1.024942256;1.13788878
26.04.2021 22:00;3.584785714;1.073090488;0.48766662
26.04.2021 23:00;1.382;1.133331824;0
27.04.2021 00:00;0.608471429;1.310102795;0
27.04.2021 01:00;0.5869;1.481075027;0
27.04.2021 02:00;0.5777;1.649468624;0
27.04.2021 03:00;0.637128571;1.820418033;0
27.04.2021 04:00;0.635628571;1.98558687;0
27.04.2021 05:00;0.660642857;2.009972428;2.27577756
27.04.2021 06:00;5.1546;1.290995825;10.5661101
27.04.2021 07:00;2.202642857;1.037679332;19.83177588
27.04.2021 08:00;4.799628571;0.71067782;12.92316543
27.04.2021 09:00;4.986914286;0.38864457;13.57338759
27.04.2021 10:00;6.195014286;0.015987289;2.76344418
27.04.2021 11:00;5.859114286;0;2.60088864
27.04.2021 12:00;3.516042857;0;3.82005519
27.04.2021 13:00;3.604228571;0;10.15972125
27.04.2021 14:00;4.679071429;0;0.65022216
27.04.2021 15:00;1.798414286;0;0
27.04.2021 16:00;1.1726;0;7.15244376
27.04.2021 17:00;1.784042857;0;0.48766662
27.04.2021 18:00;7.2892;0.180154337;1.21916655
27.04.2021 19:00;13.04597143;0.406794617;1.13788878
27.04.2021 20:00;4.605971429;0.556501388;0.89405547
27.04.2021 21:00;3.8977;0.633246522;0.32511108
27.04.2021 22:00;0.943485714;0.69199729;0
27.04.2021 23:00;0.638342857;0.747452839;0
28.04.2021 00:00;0.721857143;0.822510226;0
28.04.2021 01:00;0.727085714;0.968245842;0.32511108
28.04.2021 02:00;0.6899;1.228416479;0.16255554
28.04.2021 03:00;0.737985714;1.557776241;0.16255554
28.04.2021 04:00;0.834657143;1.754847008;0
28.04.2021 05:00;0.980214286;1.832670279;5.36433282
28.04.2021 06:00;4.118542857;1.701757337;7.64011038
28.04.2021 07:00;3.181042857;1.581502717;13.65466536
28.04.2021 08:00;2.386285714;0.893633446;15.93044292
28.04.2021 09:00;7.325442857;0.534434007;2.03194425
28.04.2021 10:00;2.062042857;0.23900605;4.8766662
28.04.2021 11:00;1.607957143;0.078138921;0.48766662
28.04.2021 12:00;0.902214286;0.195614624;9.26566578
28.04.2021 13:00;2.346142857;0;1.95066648
28.04.2021 14:00;0.930242857;0;0.65022216
28.04.2021 15:00;2.573414286;0;1.30044432
28.04.2021 16:00;2.0943;0.006936133;0
28.04.2021 17:00;1.884242857;0.470360309;0.97533324
28.04.2021 18:00;1.837442857;0.730366718;0
28.04.2021 19:00;5.755242857;0.990507606;5.60816613
28.04.2021 20:00;5.750671429;1.116626207;5.36433282
28.04.2021 21:00;1.8488;1.180050392;3.08855526
28.04.2021 22:00;1.263871429;1.505408517;0.32511108
28.04.2021 23:00;0.954271429;1.736728744;0
29.04.2021 00:00;0.7832;1.912433561;0
29.04.2021 01:00;0.587871429;2.15451847;0
29.04.2021 02:00;0.643671429;2.588350846;0
29.04.2021 03:00;0.593885714;3.55706368;0.48766662
29.04.2021 04:00;0.727771429;4.733226583;0
29.04.2021 05:00;0.752528571;5.172162481;7.15244376
29.04.2021 06:00;3.9195;3.896823552;11.54144334
29.04.2021 07:00;3.889214286;2.125152562;13.16699874
29.04.2021 08:00;3.686914286;1.297019021;11.70399888
29.04.2021 09:00;5.8283;1.057606239;16.255554
29.04.2021 10:00;1.928657143;0.812511639;2.11322202
29.04.2021 11:00;1.536285714;0.597798571;1.13788878
29.04.2021 12:00;2.051128571;0.297345368;2.92599972
29.04.2021 13:00;2.211371429;0.187204877;2.4383331
29.04.2021 14:00;1.556757143;0.314626336;0
29.04.2021 15:00;3.370928571;0.483494422;0.97533324
29.04.2021 16:00;2.413028571;0.705992368;0.16255554
29.04.2021 17:00;2.782328571;0.904730913;3.73877742
29.04.2021 18:00;4.971471429;1.041370833;1.46299986
29.04.2021 19:00;5.389342857;1.147893857;1.95066648
29.04.2021 20:00;2.561257143;1.519481508;11.21633226
29.04.2021 21:00;1.4846;1.894285128;0.8127777
29.04.2021 22:00;1.058114286;2.251297478;0.32511108
29.04.2021 23:00;0.614271429;2.937904596;0
30.04.2021 00:00;0.582314286;3.430606291;0
30.04.2021 01:00;0.581885714;3.889790834;0
30.04.2021 02:00;0.595828571;4.760636825;0
30.04.2021 03:00;0.649657143;5.496540818;0
30.04.2021 04:00;0.613514286;5.978439207;0.16255554
30.04.2021 05:00;0.743314286;6.022386269;4.0638885
30.04.2021 06:00;4.807357143;3.696123934;5.12049951
30.04.2021 07:00;1.575657143;2.878611825;20.56327581
30.04.2021 08:00;4.257442857;2.582584364;19.26283149
30.04.2021 09:00;2.898728571;1.698143509;2.51961087
30.04.2021 10:00;3.013457143;1.383633949;4.79538843
30.04.2021 11:00;6.796928571;1.064021253;1.6255554
30.04.2021 12:00;3.170957143;1.383487936;1.46299986
30.04.2021 13:00;7.126657143;1.281755918;1.6255554
30.04.2021 14:00;8.440071429;1.267321963;0.48766662
30.04.2021 15:00;4.0393;1.010966606;6.5022216
30.04.2021 16:00;4.072085714;0.201696574;2.68216641
30.04.2021 17:00;2.482;0.69755146;0.48766662
30.04.2021 18:00;8.6201;1.342578787;9.10311024
30.04.2021 19:00;5.600271429;1.507743858;2.60088864
30.04.2021 20:00;3.178842857;2.14442117;2.27577756
30.04.2021 21:00;2.020485714;2.861857807;2.4383331
30.04.2021 22:00;1.314571429;3.895005475;0
30.04.2021 23:00;0.953628571;4.889931938;0
01.05.2021 00:00;0.813985714;5.581363;0
01.05.2021 01:00;0.734557143;6.073154874;0
01.05.2021 02:00;0.575571429;6.496424763;0
01.05.2021 03:00;0.589357143;6.794339912;0.16255554
01.05.2021 04:00;0.7309;6.890399659;0.16255554
01.05.2021 05:00;0.821671429;6.37429995;2.27577756
01.05.2021 06:00;1.599642857;5.104267639;15.4427763
01.05.2021 07:00;4.885471429;2.090586695;4.63283289
01.05.2021 08:00;3.1155;0.431531077;4.63283289
01.05.2021 09:00;3.5579;0.177136639;10.72866564
01.05.2021 10:00;2.280214286;0.104612484;11.3788878
01.05.2021 11:00;3.9466;0;0
01.05.2021 12:00;5.404357143;0;0
01.05.2021 13:00;2.043228571;0;0.65022216
01.05.2021 14:00;2.266342857;0;2.76344418
01.05.2021 15:00;4.010857143;0.328268705;2.92599972
01.05.2021 16:00;1.368242857;0.904979911;4.22644404
01.05.2021 17:00;1.978057143;1.101314404;12.51677658
01.05.2021 18:00;7.736314286;0.516901738;1.95066648
01.05.2021 19:00;6.227757143;0.617207162;7.64011038
01.05.2021 20:00;5.251614286;0.898545136;0.97533324
01.05.2021 21:00;1.6532;1.485661014;1.13788878
01.05.2021 22:00;4.331142857;2.002975553;1.6255554
01.05.2021 23:00;0.735428571;2.682278517;0
02.05.2021 00:00;0.662528571;4.105176847;0
02.05.2021 01:00;0.583085714;4.534971476;0
02.05.2021 02:00;0.575542857;5.140072696;0
02.05.2021 03:00;0.610171429;5.644901043;0.32511108
02.05.2021 04:00;0.677642857;6.004875082;0.32511108
02.05.2021 05:00;0.755385714;5.854241316;5.20177728
02.05.2021 06:00;5.2278;4.227201759;17.39344278
02.05.2021 07:00;3.597728571;1.132293316;22.35138675
02.05.2021 08:00;4.462442857;0.439437445;5.12049951
02.05.2021 09:00;2.358485714;0.336634958;0.8127777
02.05.2021 10:00;1.627228571;0.039702979;2.76344418
02.05.2021 11:00;2.314114286;0;0.32511108
02.05.2021 12:00;2.600942857;0;1.78811094
02.05.2021 13:00;1.736571429;0;6.33966606
02.05.2021 14:00;1.910242857;0;0.16255554
02.05.2021 15:00;0.961485714;0.22641626;0.32511108
02.05.2021 16:00;2.673114286;0.930395043;3.65749965
02.05.2021 17:00;9.026285714;1.316992215;11.46016557
02.05.2021 18:00;7.203328571;2.428192854;1.13788878
02.05.2021 19:00;4.490542857;2.298211905;2.11322202
02.05.2021 20:00;1.554857143;3.164011988;1.46299986
02.05.2021 21:00;1.483528571;4.400344221;7.96522146
02.05.2021 22:00;1.127857143;5.113248337;0
02.05.2021 23:00;0.766385714;6.009575735;0
03.05.2021 00:00;0.610357143;6.739498175;0
03.05.2021 01:00;0.6107;7.354853242;0
03.05.2021 02:00;0.690857143;7.951858181;0
03.05.2021 03:00;0.674471429;8.287364942;0
03.05.2021 04:00;0.653942857;8.577881018;0.32511108
03.05.2021 05:00;0.7598;8.631554699;0.16255554
03.05.2021 06:00;2.371;7.500309175;4.30772181
03.05.2021 07:00;5.261371429;4.401496323;13.73594313
03.05.2021 08:00;6.087714286;0.902427105;19.26283149
03.05.2021 09:00;11.02741429;0;10.24099902
03.05.2021 10:00;4.786514286;0;4.47027735
03.05.2021 11:00;7.2277;0;0.8127777
03.05.2021 12:00;6.582657143;0;4.0638885
03.05.2021 13:00;5.431342857;0;2.60088864
03.05.2021 14:00;2.718528571;0;7.80266592
03.05.2021 15:00;4.3201;0;2.92599972
03.05.2021 16:00;5.842628571;0.059419283;3.73877742
03.05.2021 17:00;3.084942857;0.449020741;3.2511108
03.05.2021 18:00;1.614342857;1.256894736;2.27577756
03.05.2021 19:00;3.115671429;1.492873849;11.21633226
03.05.2021 20:00;2.799614286;2.040455933;1.6255554
03.05.2021 21:00;3.392085714;3.388630638;8.61544362
03.05.2021 22:00;2.454885714;4.070305402;0
03.05.2021 23:00;1.155028571;4.580861505;0
04.05.2021 00:00;0.592257143;5.472422654;0
04.05.2021 01:00;0.583357143;6.169105587;0
04.05.2021 02:00;0.575428571;6.536194169;0
04.05.2021 03:00;0.592357143;6.866139845;0
04.05.2021 04:00;0.630342857;7.239786913;0
04.05.2021 05:00;0.966685714;6.796634349;5.6894439
04.05.2021 06:00;2.382642857;5.351609387;7.96522146
04.05.2021 07:00;5.364771429;0.955443348;6.33966606
04.05.2021 08:00;6.415142857;0.684150379;15.03638745
04.05.2021 09:00;12.87021429;0.462862057;7.23372153
04.05.2021 10:00;4.3574;0.014195278;6.33966606
04.05.2021 11:00;6.280514286;0;5.77072167
04.05.2021 12:00;3.944614286;0;4.95794397
04.05.2021 13:00;2.206471429;0;2.03194425
04.05.2021 14:00;2.837114286;0;8.77799916
04.05.2021 15:00;5.1047;0;3.73877742
04.05.2021 16:00;4.443628571;0;0.8127777
04.05.2021 17:00;5.504814286;0;4.71411066
04.05.2021 18:00;6.597428571;0;6.5022216
04.05.2021 19:00;7.139385714;0.23014989;14.14233198
04.05.2021 20:00;5.029742857;0.318139715;2.11322202
04.05.2021 21:00;1.906757143;1.248369037;0.32511108
04.05.2021 22:00;0.935571429;2.272779679;0
04.05.2021 23:00;0.5979;3.102117183;0
05.05.2021 00:00;0.635242857;3.534408633;0
05.05.2021 01:00;0.6448;4.087431305;0
05.05.2021 02:00;0.585957143;4.714073723;0
05.05.2021 03:00;0.551271429;5.104395005;0
05.05.2021 04:00;0.616857143;5.447549534;0.48766662
05.05.2021 05:00;1.172414286;5.225745465;5.6894439
05.05.2021 06:00;3.454642857;3.529693626;12.02910996
05.05.2021 07:00;3.645457143;0.590714461;4.38899958
05.05.2021 08:00;1.301171429;0.244463032;2.03194425
05.05.2021 09:00;2.077185714;0.111191635;4.38899958
05.05.2021 10:00;5.0753;0;0.97533324
05.05.2021 11:00;6.514457143;0;0
05.05.2021 12:00;2.0858;0;0.32511108
05.05.2021 13:00;1.060642857;0;4.22644404
05.05.2021 14:00;3.464414286;0;13.97977644
05.05.2021 15:00;2.752057143;0;0.48766662
05.05.2021 16:00;1.847628571;0;6.17711052
05.05.2021 17:00;3.067028571;0;10.72866564
05.05.2021 18:00;8.885485714;0;1.70683317
05.05.2021 19:00;13.57468571;0;4.47027735
05.05.2021 20:00;4.8799;0.175081774;13.65466536
05.05.2021 21:00;3.833885714;0.374890326;1.30044432
05.05.2021 22:00;7.423357143;0.563494388;0
05.05.2021 23:00;0.681428571;0.79453926;0
06.05.2021 00:00;0.579757143;1.362275548;0
06.05.2021 01:00;0.575828571;1.453962828;0
06.05.2021 02:00;0.661942857;2.087526592;0
06.05.2021 03:00;0.629328571;2.619348562;0
06.05.2021 04:00;0.704214286;3.15309782;0
06.05.2021 05:00;0.732657143;2.692619133;4.38899958
06.05.2021 06:00;2.660828571;0.581092085;7.39627707
06.05.2021 07:00;6.367242857;0.177131817;7.07116599
06.05.2021 08:00;2.861728571;0;11.21633226
06.05.2021 09:00;5.848814286;0;2.76344418
06.05.2021 10:00;3.098985714;0;2.76344418
06.05.2021 11:00;2.775042857;0;2.60088864
06.05.2021 12:00;1.910057143;0;0.8127777
06.05.2021 13:00;0.648228571;0;11.21633226
06.05.2021 14:00;4.246428571;0;2.11322202
06.05.2021 15:00;2.417;0;12.1916655
06.05.2021 16:00;2.592585714;0;0.97533324
06.05.2021 17:00;6.458228571;0;0.16255554
06.05.2021 18:00;7.850785714;0;7.47755484
06.05.2021 19:00;5.813471429;0;10.07844348
06.05.2021 20:00;3.775142857;0;6.82733268
06.05.2021 21:00;3.025757143;0;0.97533324
06.05.2021 22:00;1.469471429;0;0
06.05.2021 23:00;0.998528571;0;0
07.05.2021 00:00;0.665171429;0.041642005;0.48766662
07.05.2021 01:00;0.581742857;0.120436632;0
07.05.2021 02:00;0.581;0.234346831;0
07.05.2021 03:00;0.584028571;0.334972427;0.32511108
07.05.2021 04:00;0.739085714;0.421826929;0.16255554
07.05.2021 05:00;0.8414;0.351777109;3.08855526
07.05.2021 06:00;2.279285714;0.097177868;9.83461017
07.05.2021 07:00;4.560871429;0;3.65749965
07.05.2021 08:00;5.071328571;0;6.82733268
07.05.2021 09:00;3.295828571;0;6.5022216
07.05.2021 10:00;4.141942857;0;3.08855526
07.05.2021 11:00;3.937071429;0;0
07.05.2021 12:00;4.518142857;0;0.89405547
07.05.2021 13:00;5.749942857;0;13.32955428
07.05.2021 14:00;2.672485714;0;7.55883261
07.05.2021 15:00;1.217328571;0;3.73877742
07.05.2021 16:00;1.8123;0;0.16255554
07.05.2021 17:00;5.511557143;0;14.14233198
07.05.2021 18:00;10.37714286;0;2.03194425
07.05.2021 19:00;13.27721429;0;2.4383331
07.05.2021 20:00;3.572042857;0;11.13505449
07.05.2021 21:00;3.309;0;1.30044432
07.05.2021 22:00;2.426514286;0;0
07.05.2021 23:00;1.591957143;0;0
08.05.2021 00:00;0.765271429;0;0
08.05.2021 01:00;0.641957143;0;0
08.05.2021 02:00;0.562385714;0;0
08.05.2021 03:00;0.570585714;0.00114997;0
08.05.2021 04:00;0.637057143;0;0.16255554
08.05.2021 05:00;0.824171429;0;3.57622188
08.05.2021 06:00;2.7724;0;6.82733268
08.05.2021 07:00;2.963114286;0;6.66477714
08.05.2021 08:00;3.295714286;0;11.05377672
08.05.2021 09:00;2.337671429;0;2.68216641
08.05.2021 10:00;2.234028571;0;5.6894439
08.05.2021 11:00;0.999214286;0;0
08.05.2021 12:00;3.6353;0;0.8127777
08.05.2021 13:00;4.170057143;0;9.7533324
08.05.2021 14:00;2.338014286;0;9.10311024
08.05.2021 15:00;2.125585714;0;1.95066648
08.05.2021 16:00;2.021485714;0;1.13788878
08.05.2021 17:00;1.754985714;0;1.30044432
08.05.2021 18:00;4.425728571;0;3.90133296
08.05.2021 19:00;7.423271429;0;6.17711052
08.05.2021 20:00;7.966585714;0;2.4383331
08.05.2021 21:00;4.055142857;0;6.01455498
08.05.2021 22:00;1.069085714;0;0.16255554
08.05.2021 23:00;0.5766;0;0.32511108
09.05.2021 00:00;0.5878;0;0
09.05.2021 01:00;0.610814286;0;0
09.05.2021 02:00;0.605142857;0;0
09.05.2021 03:00;0.616985714;0;0.32511108
09.05.2021 04:00;0.837357143;0;0
09.05.2021 05:00;1.087542857;0;4.22644404
09.05.2021 06:00;4.622357143;0;6.17711052
09.05.2021 07:00;3.909785714;0;23.73310884
09.05.2021 08:00;4.028428571;0;1.70683317
09.05.2021 09:00;2.658785714;0;3.00727749
09.05.2021 10:00;1.319928571;0;3.73877742
09.05.2021 11:00;1.851114286;0;8.127777
09.05.2021 12:00;1.498442857;0;0.32511108
09.05.2021 13:00;4.158842857;0;5.03922174
09.05.2021 14:00;4.837757143;0;0.8127777
09.05.2021 15:00;2.382571429;0.010461519;3.57622188
09.05.2021 16:00;1.275757143;0.080158976;5.52688836
09.05.2021 17:00;1.6966;0.257519722;0.65022216
09.05.2021 18:00;9.245385714;0.252933466;9.91588794
09.05.2021 19:00;9.4535;0;0.32511108
09.05.2021 20:00;4.840471429;0.119518977;3.41366634
09.05.2021 21:00;2.139557143;0.446600596;0.8127777
09.05.2021 22:00;1.252242857;0.520613921;0
09.05.2021 23:00;0.706357143;0.611173453;0
10.05.2021 00:00;0.573842857;0.689351086;0
10.05.2021 01:00;0.568557143;0.742529638;0
10.05.2021 02:00;0.568914286;0.794808784;0
10.05.2021 03:00;0.635842857;0.844097941;0.16255554
10.05.2021 04:00;0.694485714;0.882074176;0
10.05.2021 05:00;0.821714286;0.870020706;5.20177728
10.05.2021 06:00;5.274185714;0.81918373;14.46744306
10.05.2021 07:00;4.462857143;0.570725795;14.79255414
10.05.2021 08:00;11.48982857;0.358197169;10.97249895
10.05.2021 09:00;12.65207143;0;12.1916655
10.05.2021 10:00;10.51467143;0;13.16699874
10.05.2021 11:00;11.66934286;0;3.57622188
10.05.2021 12:00;4.699028571;0;0.32511108
10.05.2021 13:00;3.320128571;0.221179033;3.08855526
10.05.2021 14:00;3.336757143;0;0.65022216
10.05.2021 15:00;3.920371429;0;0.97533324
10.05.2021 16:00;2.882871429;0.188427034;2.76344418
10.05.2021 17:00;3.022685714;0.316628908;1.78811094
10.05.2021 18:00;8.0877;0;9.59077686
10.05.2021 19:00;5.568114286;0;8.9405547
10.05.2021 20:00;8.2505;0.563119674;2.03194425
10.05.2021 21:00;14.56387143;0.336644731;2.76344418
10.05.2021 22:00;4.0592;0.370275684;0.40638885
10.05.2021 23:00;0.676214286;0.998544523;0
11.05.2021 00:00;0.606542857;1.037132308;0
11.05.2021 01:00;0.571571429;1.165680458;0
11.05.2021 02:00;0.571928571;1.300295689;0
11.05.2021 03:00;0.591042857;1.428158237;0
11.05.2021 04:00;0.6473;1.541929599;0
11.05.2021 05:00;0.768971429;1.516604974;0.32511108
11.05.2021 06:00;3.228114286;1.119304505;14.79255414
11.05.2021 07:00;6.1111;0.61868296;16.255554
11.05.2021 08:00;10.04374286;0.478662436;12.76060989
11.05.2021 09:00;8.296414286;0.099712379;8.85927693
11.05.2021 10:00;4.292971429;0;10.15972125
11.05.2021 11:00;9.942857143;0;4.0638885
11.05.2021 12:00;5.986157143;0;9.83461017
11.05.2021 13:00;3.246985714;0.241878124;4.8766662
11.05.2021 14:00;2.751685714;0.143954342;1.13788878
11.05.2021 15:00;6.671785714;0;5.85199944
11.05.2021 16:00;3.8734;0;0
11.05.2021 17:00;1.365957143;0.288961345;0.48766662
11.05.2021 18:00;2.372371429;0.627460367;6.01455498
11.05.2021 19:00;2.730614286;0.773159915;1.30044432
11.05.2021 20:00;2.5925;0.490905345;0.8127777
11.05.2021 21:00;6.239857143;0.565602688;6.74605491
11.05.2021 22:00;1.9513;0.910625683;0.32511108
11.05.2021 23:00;1.047857143;1.099334618;0
12.05.2021 00:00;0.5791;1.378316395;0
12.05.2021 01:00;0.658685714;1.494451079;0
12.05.2021 02:00;0.564528571;1.613700168;0
12.05.2021 03:00;0.6199;1.803345955;0
12.05.2021 04:00;0.692428571;1.93475047;0
12.05.2021 05:00;0.873057143;1.973050814;2.4383331
12.05.2021 06:00;3.577771429;1.503310355;7.23372153
12.05.2021 07:00;3.817628571;1.374182972;22.27010898
12.05.2021 08:00;3.280114286;1.808210786;1.95066648
12.05.2021 09:00;2.239042857;2.007439649;1.38172209
12.05.2021 10:00;5.116114286;1.920936298;6.33966606
12.05.2021 11:00;1.962857143;1.783078802;1.13788878
12.05.2021 12:00;2.024928571;2.246137056;2.60088864
12.05.2021 13:00;1.090928571;2.032081166;8.29033254
12.05.2021 14:00;2.219714286;2.141873962;12.67933212
12.05.2021 15:00;4.261042857;2.542301508;0.48766662
12.05.2021 16:00;1.872428571;2.790148045;0.97533324
12.05.2021 17:00;5.5258;2.357842815;0.97533324
12.05.2021 18:00;8.132642857;2.218316758;10.72866564
12.05.2021 19:00;10.79395714;2.316491393;3.73877742
12.05.2021 20:00;5.035385714;1.725251001;0.32511108
12.05.2021 21:00;3.421357143;2.829987322;2.92599972
12.05.2021 22:00;1.3813;3.784135705;0
12.05.2021 23:00;0.767757143;4.568729275;0
13.05.2021 00:00;0.867242857;5.10559563;0
13.05.2021 01:00;0.894071429;5.463168886;0
13.05.2021 02:00;0.677242857;5.877389161;0
13.05.2021 03:00;0.655085714;6.237642063;0
13.05.2021 04:00;0.684971429;6.386693977;0.48766662
13.05.2021 05:00;0.754385714;6.313379327;4.55155512
13.05.2021 06:00;4.526257143;4.867920583;6.90861045
13.05.2021 07:00;2.906557143;4.437990976;9.10311024
13.05.2021 08:00;1.801114286;5.356670802;6.17711052
13.05.2021 09:00;4.090257143;3.436793571;1.95066648
13.05.2021 10:00;3.330385714;1.623016593;0.8127777
13.05.2021 11:00;2.639628571;0.7244469;12.67933212
13.05.2021 12:00;1.558042857;0.488642298;2.92599972
13.05.2021 13:00;4.994257143;0.572217168;4.71411066
13.05.2021 14:00;3.784628571;0.643924644;8.61544362
13.05.2021 15:00;4.1547;0.9081129;10.07844348
13.05.2021 16:00;1.5826;1.424096008;2.11322202
13.05.2021 17:00;1.291471429;3.06533534;2.92599972
13.05.2021 18:00;5.018771429;2.927610143;1.95066648
13.05.2021 19:00;10.87557143;2.925829763;5.85199944
13.05.2021 20:00;4.766614286;3.595013157;3.57622188
13.05.2021 21:00;2.329771429;4.721864967;0.8127777
13.05.2021 22:00;1.848828571;5.322127012;0
13.05.2021 23:00;1.165657143;6.090322402;0
14.05.2021 00:00;0.605485714;6.8666301;0
14.05.2021 01:00;0.603714286;7.308034533;0
14.05.2021 02:00;0.6678;7.463179606;0
14.05.2021 03:00;0.594528571;7.75455629;0
14.05.2021 04:00;0.679785714;8.053090749;0.32511108
14.05.2021 05:00;1.173542857;6.274319651;2.4383331
14.05.2021 06:00;5.871042857;2.367289852;3.08855526
14.05.2021 07:00;4.786471429;1.182283194;14.38616529
14.05.2021 08:00;2.990357143;1.864227271;7.23372153
14.05.2021 09:00;1.491157143;1.133154004;8.61544362
14.05.2021 10:00;0.863785714;0.563091956;0
14.05.2021 11:00;2.302428571;0.245506482;7.64011038
14.05.2021 12:00;4.730457143;0;2.27577756
14.05.2021 13:00;3.030528571;0.018100146;4.0638885
14.05.2021 14:00;2.302685714;0.210810699;0.24383331
14.05.2021 15:00;4.835857143;0.27827772;8.9405547
14.05.2021 16:00;2.074885714;0.679144912;3.08855526
14.05.2021 17:00;4.247714286;0.476854677;11.46016557
14.05.2021 18:00;12.48167143;0.230057511;10.24099902
14.05.2021 19:00;20.52138571;0.339566315;5.12049951
14.05.2021 20:00;5.368428571;0.953208112;0.16255554
14.05.2021 21:00;2.006528571;1.920979423;1.46299986
14.05.2021 22:00;1.388842857;2.454464975;0.16255554
14.05.2021 23:00;1.0033;3.184699732;0
15.05.2021 00:00;0.658442857;3.50438682;0
15.05.2021 01:00;0.551642857;4.001268395;0
15.05.2021 02:00;0.564742857;4.389665341;0
15.05.2021 03:00;0.585442857;4.69812639;0
15.05.2021 04:00;0.631528571;4.960815494;0.16255554
15.05.2021 05:00;0.849271429;4.690008791;1.78811094
15.05.2021 06:00;2.948142857;2.884317869;7.55883261
15.05.2021 07:00;4.049385714;1.003074542;11.3788878
15.05.2021 08:00;3.9558;0.673530635;9.10311024
15.05.2021 09:00;5.114771429;0.489471194;12.51677658
15.05.2021 10:00;3.197257143;0.158537919;3.00727749
15.05.2021 11:00;1.0227;0;0
15.05.2021 12:00;2.471414286;0;3.2511108
15.05.2021 13:00;0.849714286;0;3.90133296
15.05.2021 14:00;1.244942857;0;1.30044432
15.05.2021 15:00;1.673414286;0;0.48766662
15.05.2021 16:00;1.911714286;0;8.61544362
15.05.2021 17:00;3.547757143;0;4.22644404
15.05.2021 18:00;5.747785714;0;4.71411066
15.05.2021 19:00;9.602428571;0;8.45288808
15.05.2021 20:00;2.6211;0.033408792;2.60088864
15.05.2021 21:00;1.878657143;0.316347177;2.27577756
15.05.2021 22:00;1.635071429;0.64454421;0.97533324
15.05.2021 23:00;0.850114286;1.272998725;0
16.05.2021 00:00;0.637928571;2.021782997;0
16.05.2021 01:00;0.612428571;2.783280749;0
16.05.2021 02:00;0.637757143;3.382959543;0
16.05.2021 03:00;0.541857143;3.839798701;0
16.05.2021 04:00;0.621942857;3.733088965;0.16255554
16.05.2021 05:00;0.678928571;2.908853502;0.32511108
16.05.2021 06:00;3.519414286;1.731068522;14.6299986
16.05.2021 07:00;3.729742857;0.673973299;13.32955428
16.05.2021 08:00;4.329257143;0;1.05661101
16.05.2021 09:00;8.817585714;0;3.90133296
16.05.2021 10:00;7.176628571;0;2.4383331
16.05.2021 11:00;7.080342857;0;3.73877742
16.05.2021 12:00;1.817485714;0;0.48766662
16.05.2021 13:00;2.0683;0;5.85199944
16.05.2021 14:00;0.887957143;0;9.26566578
16.05.2021 15:00;1.057285714;0;0.48766662
16.05.2021 16:00;3.356371429;0;1.46299986
16.05.2021 17:00;7.609514286;0;8.61544362
16.05.2021 18:00;2.493257143;0;2.4383331
16.05.2021 19:00;3.726185714;0;5.6894439
16.05.2021 20:00;3.954857143;0;11.86655442
16.05.2021 21:00;3.331557143;0;0.32511108
16.05.2021 22:00;1.532814286;0;0
16.05.2021 23:00;0.907771429;0;0
17.05.2021 00:00;0.846414286;0;0
17.05.2021 01:00;0.592757143;0;0
17.05.2021 02:00;0.587985714;0;0
17.05.2021 03:00;0.569885714;0.017918753;0
17.05.2021 04:00;0.618742857;0.069873488;0.32511108
17.05.2021 05:00;0.798085714;0.091797998;2.4383331
17.05.2021 06:00;3.831928571;0.011086592;7.55883261
17.05.2021 07:00;7.145028571;0;11.13505449
17.05.2021 08:00;10.16151429;0;8.9405547
17.05.2021 09:00;11.68191429;0;9.59077686
17.05.2021 10:00;8.486842857;0;8.45288808
17.05.2021 11:00;4.434114286;0;9.83461017
17.05.2021 12:00;3.602471429;0;0.8127777
17.05.2021 13:00;3.680642857;0;1.30044432
17.05.2021 14:00;1.078442857;0;6.33966606
17.05.2021 15:00;2.0851;0;0
17.05.2021 16:00;3.773314286;0;0.65022216
17.05.2021 17:00;4.214742857;0;2.92599972
17.05.2021 18:00;3.365428571;0;5.85199944
17.05.2021 19:00;6.735171429;0;7.55883261
17.05.2021 20:00;2.304685714;0;4.47027735
17.05.2021 21:00;2.896842857;0;1.6255554
17.05.2021 22:00;0.942771429;0;0.65022216
17.05.2021 23:00;0.595457143;0;0
18.05.2021 00:00;0.574185714;0;0
18.05.2021 01:00;0.570342857;0;0
18.05.2021 02:00;0.616271429;0;0
18.05.2021 03:00;0.635042857;0;0.32511108
18.05.2021 04:00;0.613428571;0.012540096;0
18.05.2021 05:00;0.773914286;0;2.76344418
18.05.2021 06:00;5.443928571;0;11.05377672
18.05.2021 07:00;3.266071429;0;23.16416445
18.05.2021 08:00;3.319514286;0;3.73877742
18.05.2021 09:00;7.289457143;0;7.07116599
18.05.2021 10:00;9.0289;0;7.3149993
18.05.2021 11:00;9.481642857;0;4.71411066
18.05.2021 12:00;4.1234;0;2.68216641
18.05.2021 13:00;2.3538;0;6.33966606
18.05.2021 14:00;2.795442857;0;2.92599972
18.05.2021 15:00;1.864357143;0;0
18.05.2021 16:00;3.406642857;0;2.27577756
18.05.2021 17:00;3.762985714;0;8.127777
18.05.2021 18:00;2.754514286;0;4.71411066
18.05.2021 19:00;2.665071429;0;2.60088864
18.05.2021 20:00;4.576928571;0;0.32511108
18.05.2021 21:00;2.164928571;0;0
18.05.2021 22:00;0.994071429;0;0
18.05.2021 23:00;0.842142857;0;0
19.05.2021 00:00;0.605685714;0;0
19.05.2021 01:00;0.584814286;0;0
19.05.2021 02:00;0.590471429;0;0
19.05.2021 03:00;0.6032;0;0
19.05.2021 04:00;0.6869;0;0.8127777
19.05.2021 05:00;0.7377;0;2.4383331
19.05.2021 06:00;1.562814286;0;4.8766662
19.05.2021 07:00;3.692071429;0;6.01455498
19.05.2021 08:00;1.976771429;0;1.95066648
19.05.2021 09:00;2.690985714;0;12.51677658
19.05.2021 10:00;3.071714286;0;9.26566578
19.05.2021 11:00;4.502057143;0;2.27577756
19.05.2021 12:00;2.288914286;0;2.60088864
19.05.2021 13:00;3.2939;0;3.57622188
19.05.2021 14:00;3.186385714;0;0
19.05.2021 15:00;4.752728571;0;0.48766662
19.05.2021 16:00;2.320542857;0.035059167;8.127777
19.05.2021 17:00;1.964228571;0.120462713;7.47755484
19.05.2021 18:00;4.067371429;0;5.36433282
19.05.2021 19:00;6.799671429;0;9.26566578
19.05.2021 20:00;1.864442857;0;0.24383331
19.05.2021 21:00;3.315885714;0.168740053;4.55155512
19.05.2021 22:00;2.071414286;0.215818105;0.56894439
19.05.2021 23:00;1.159671429;0.293022886;0
20.05.2021 00:00;0.655528571;0.372909101;0
20.05.2021 01:00;0.571928571;0.437403408;0
20.05.2021 02:00;0.5992;0.478618533;0
20.05.2021 03:00;0.684628571;0.566404235;0
20.05.2021 04:00;0.620742857;0.624473243;0.65022216
20.05.2021 05:00;0.724671429;0.577503818;3.57622188
20.05.2021 06:00;4.293814286;0.322322973;3.08855526
20.05.2021 07:00;3.924257143;0.286766599;18.77516487
20.05.2021 08:00;1.728457143;0.408693708;4.38899958
20.05.2021 09:00;2.5426;0.347833069;8.61544362
20.05.2021 10:00;2.8706;0.266934423;2.03194425
20.05.2021 11:00;1.2674;0;3.57622188
20.05.2021 12:00;0.700628571;0;0.16255554
20.05.2021 13:00;2.5954;0.185368813;2.92599972
20.05.2021 14:00;9.626242857;0;4.55155512
20.05.2021 15:00;4.136385714;0;6.82733268
20.05.2021 16:00;7.217757143;0;7.47755484
20.05.2021 17:00;1.889942857;0;3.41366634
20.05.2021 18:00;7.313285714;0;6.42094383
20.05.2021 19:00;8.561557143;0;2.27577756
20.05.2021 20:00;3.245742857;0.25165094;6.25838829
20.05.2021 21:00;2.168771429;0.408382909;0.16255554
20.05.2021 22:00;1.704614286;0.615469571;0
20.05.2021 23:00;0.940385714;0.947329423;0
21.05.2021 00:00;0.5801;1.198082237;0
21.05.2021 01:00;0.582714286;1.350032565;0
21.05.2021 02:00;0.621957143;1.496825704;0
21.05.2021 03:00;0.560771429;1.854728935;0
21.05.2021 04:00;0.637871429;2.304102749;0.16255554
21.05.2021 05:00;0.8936;0.781115172;5.03922174
21.05.2021 06:00;3.162542857;0.508664987;17.39344278
21.05.2021 07:00;3.344157143;0.131564906;12.11038773
21.05.2021 08:00;5.474614286;0;2.19449979
21.05.2021 09:00;7.5574;0;4.63283289
21.05.2021 10:00;5.0521;0;2.27577756
21.05.2021 11:00;1.607885714;0;3.2511108
21.05.2021 12:00;3.028214286;0;0.65022216
21.05.2021 13:00;6.605342857;0;3.16983303
21.05.2021 14:00;4.568714286;0;8.85927693
21.05.2021 15:00;0.799285714;0;0.16255554
21.05.2021 16:00;2.325242857;0;2.11322202
21.05.2021 17:00;2.843342857;0;3.41366634
21.05.2021 18:00;4.857957143;0;4.8766662
21.05.2021 19:00;10.64448571;0;2.76344418
21.05.2021 20:00;4.187;0;6.33966606
21.05.2021 21:00;1.964142857;0;0.32511108
21.05.2021 22:00;0.905871429;0.017610758;0
21.05.2021 23:00;0.595657143;0.255355475;0
22.05.2021 00:00;0.574928571;0.381829187;0
22.05.2021 01:00;0.662842857;0.490389714;0
22.05.2021 02:00;0.586457143;0.609983238;0
22.05.2021 03:00;0.585571429;0.768783785;0
22.05.2021 04:00;0.690485714;0.617495396;0.16255554
22.05.2021 05:00;0.709314286;0.526987215;1.78811094
22.05.2021 06:00;5.5777;0.109793705;9.83461017
22.05.2021 07:00;3.035814286;0;17.79983163
22.05.2021 08:00;2.003114286;0;10.07844348
22.05.2021 09:00;3.290785714;0;1.95066648
22.05.2021 10:00;1.851942857;0;5.44561059
22.05.2021 11:00;1.552742857;0;0
22.05.2021 12:00;1.434514286;0;1.13788878
22.05.2021 13:00;3.203671429;0;3.65749965
22.05.2021 14:00;1.4427;0;11.54144334
22.05.2021 15:00;1.897642857;0;1.6255554
22.05.2021 16:00;2.921771429;0;1.13788878
22.05.2021 17:00;8.606714286;0;5.85199944
22.05.2021 18:00;7.441071429;0;6.01455498
22.05.2021 19:00;6.148585714;0;3.41366634
22.05.2021 20:00;1.599485714;0;0.48766662
22.05.2021 21:00;2.779;0;1.6255554
22.05.2021 22:00;1.039957143;0;0
22.05.2021 23:00;0.6248;0.015226622;0
23.05.2021 00:00;0.580042857;0.020793264;0
23.05.2021 01:00;0.673385714;0.062950252;0
23.05.2021 02:00;0.600842857;0.037563255;0
23.05.2021 03:00;0.597771429;0.077717511;0.16255554
23.05.2021 04:00;0.6292;0.139714804;0
23.05.2021 05:00;0.715385714;0.13543518;3.57622188
23.05.2021 06:00;1.5825;0.137059261;3.65749965
23.05.2021 07:00;6.945271429;0;18.45005379
23.05.2021 08:00;1.315728571;0;7.55883261
23.05.2021 09:00;2.822014286;0;4.95794397
23.05.2021 10:00;2.463385714;0;3.16983303
23.05.2021 11:00;8.601057143;0;0.97533324
23.05.2021 12:00;3.448414286;0;0.97533324
23.05.2021 13:00;3.337;0;5.20177728
23.05.2021 14:00;1.859671429;0;2.11322202
23.05.2021 15:00;1.287071429;0;9.26566578
23.05.2021 16:00;1.568728571;0;0.65022216
23.05.2021 17:00;1.155414286;0;0.32511108
23.05.2021 18:00;8.040642857;0;9.83461017
23.05.2021 19:00;11.51821429;0;1.78811094
23.05.2021 20:00;6.864142857;0;3.49494411
23.05.2021 21:00;3.367;0;0.32511108
23.05.2021 22:00;2.289014286;0;0
23.05.2021 23:00;1.134342857;0.057342142;0
24.05.2021 00:00;0.798457143;0.083504674;0
24.05.2021 01:00;0.580528571;0.18993749;0
24.05.2021 02:00;0.574557143;0.277080298;0
24.05.2021 03:00;0.643857143;0.360852282;0
24.05.2021 04:00;0.719742857;0.415879916;0.16255554
24.05.2021 05:00;0.734757143;0.182292491;2.76344418
24.05.2021 06:00;2.866542857;0;8.45288808
24.05.2021 07:00;6.635557143;0;26.0088864
24.05.2021 08:00;10.15358571;0;15.93044292
24.05.2021 09:00;9.8602;0;1.6255554
24.05.2021 10:00;5.646971429;0;12.59805435
24.05.2021 11:00;5.8658;0;6.33966606
24.05.2021 12:00;4.392914286;0;0.32511108
24.05.2021 13:00;4.113542857;0;0.48766662
24.05.2021 14:00;8.940614286;0;0.8127777
24.05.2021 15:00;2.064757143;0;0
24.05.2021 16:00;1.560442857;0;1.46299986
24.05.2021 17:00;4.149042857;0;11.86655442
24.05.2021 18:00;6.178085714;0;9.42822132
24.05.2021 19:00;6.752342857;0;4.55155512
24.05.2021 20:00;3.382742857;0;0.48766662
24.05.2021 21:00;1.3025;0;0.16255554
24.05.2021 22:00;0.973442857;0;0
24.05.2021 23:00;0.670185714;0;0
25.05.2021 00:00;0.578628571;0;0
25.05.2021 01:00;0.584914286;0;0
25.05.2021 02:00;0.598528571;0;0
25.05.2021 03:00;0.604228571;0;0
25.05.2021 04:00;0.716557143;0;0.65022216
25.05.2021 05:00;1.305057143;0;1.21916655
25.05.2021 06:00;3.572542857;0;15.4427763
25.05.2021 07:00;5.718414286;0;29.01616389
25.05.2021 08:00;8.217214286;0;8.9405547
25.05.2021 09:00;11.5893;0;9.34694355
25.05.2021 10:00;10.86214286;0;9.91588794
25.05.2021 11:00;7.436314286;0;2.4383331
25.05.2021 12:00;2.213085714;0;0.8127777
25.05.2021 13:00;3.0688;0;6.98988822
25.05.2021 14:00;4.530328571;0;4.14516627
25.05.2021 15:00;2.380514286;0;0.24383331
25.05.2021 16:00;1.586042857;0;0
25.05.2021 17:00;0.805071429;0;2.11322202
25.05.2021 18:00;1.893342857;0;2.27577756
25.05.2021 19:00;4.2015;0;3.33238857
25.05.2021 20:00;4.967214286;0;0.65022216
25.05.2021 21:00;4.699657143;0;1.70683317
25.05.2021 22:00;1.7435;0;0
25.05.2021 23:00;1.046942857;0;0
26.05.2021 00:00;0.681257143;0;0
26.05.2021 01:00;0.633885714;0;0
26.05.2021 02:00;0.565485714;0;0
26.05.2021 03:00;0.606657143;0;0
26.05.2021 04:00;0.825028571;0;0
26.05.2021 05:00;1.181771429;0;1.6255554
26.05.2021 06:00;4.651471429;0;17.55599832
26.05.2021 07:00;2.973257143;0;5.20177728
26.05.2021 08:00;2.828785714;0;14.06105421
26.05.2021 09:00;5.300028571;0;5.12049951
26.05.2021 10:00;5.406657143;0;2.4383331
26.05.2021 11:00;2.280128571;0;0.16255554
26.05.2021 12:00;4.640885714;0;12.1916655
26.05.2021 13:00;3.064485714;0;3.08855526
26.05.2021 14:00;3.162157143;0;1.46299986
26.05.2021 15:00;5.779057143;0;0.16255554
26.05.2021 16:00;0.931928571;0;0.48766662
26.05.2021 17:00;1.123742857;0;0.8127777
26.05.2021 18:00;3.307785714;0;3.57622188
26.05.2021 19:00;4.140928571;0;7.64011038
26.05.2021 20:00;2.166957143;0;4.22644404
26.05.2021 21:00;3.527542857;0;1.6255554
26.05.2021 22:00;1.875071429;0;0
26.05.2021 23:00;0.9988;0;0
27.05.2021 00:00;0.576085714;0;0
27.05.2021 01:00;0.572228571;0;0
27.05.2021 02:00;0.577642857;0;0
27.05.2021 03:00;0.602742857;0;0
27.05.2021 04:00;0.659814286;0;0.16255554
27.05.2021 05:00;0.725185714;0;3.90133296
27.05.2021 06:00;3.704114286;0;3.82005519
27.05.2021 07:00;3.721257143;0;20.96966466
27.05.2021 08:00;5.712814286;0;18.53133156
27.05.2021 09:00;3.610571429;0;4.30772181
27.05.2021 10:00;1.128228571;0;3.90133296
27.05.2021 11:00;0.945571429;0;2.27577756
27.05.2021 12:00;2.164542857;0;1.30044432
27.05.2021 13:00;0.709571429;0;10.07844348
27.05.2021 14:00;1.588385714;0;1.95066648
27.05.2021 15:00;0.975628571;0;3.08855526
27.05.2021 16:00;2.961657143;0;0.16255554
27.05.2021 17:00;8.710328571;0;6.66477714
27.05.2021 18:00;6.977714286;0;1.46299986
27.05.2021 19:00;8.563128571;0;0.48766662
27.05.2021 20:00;6.161528571;0;4.38899958
27.05.2021 21:00;1.684;0;4.22644404
27.05.2021 22:00;2.043528571;0;0
27.05.2021 23:00;1.073714286;0;0
28.05.2021 00:00;0.652457143;0;0
28.05.2021 01:00;0.585957143;0;0
28.05.2021 02:00;0.561357143;0;0
28.05.2021 03:00;0.5686;0;0
28.05.2021 04:00;0.653785714;0;0.32511108
28.05.2021 05:00;0.764785714;0;0.32511108
28.05.2021 06:00;3.425371429;0;8.77799916
28.05.2021 07:00;4.216557143;0;16.41810954
28.05.2021 08:00;2.882842857;0;9.67205463
28.05.2021 09:00;4.420728571;0;5.28305505
28.05.2021 10:00;2.573957143;0;3.08855526
28.05.2021 11:00;2.023257143;0;0.97533324
28.05.2021 12:00;0.770157143;0;5.85199944
28.05.2021 13:00;0.890957143;0;0.97533324
28.05.2021 14:00;2.528414286;0;3.41366634
28.05.2021 15:00;4.9096;0;8.9405547
28.05.2021 16:00;4.146385714;0;8.77799916
28.05.2021 17:00;2.292857143;0;1.78811094
28.05.2021 18:00;3.960328571;0;0.73149993
28.05.2021 19:00;6.612314286;0;1.38172209
28.05.2021 20:00;7.176857143;0;5.36433282
28.05.2021 21:00;4.498185714;0;0.48766662
28.05.2021 22:00;1.2792;0;0
28.05.2021 23:00;1.029;0;0
29.05.2021 00:00;0.788071429;0;0.97533324
29.05.2021 01:00;0.5714;0;0
29.05.2021 02:00;0.601871429;0;0
29.05.2021 03:00;0.658971429;0;0
29.05.2021 04:00;0.636028571;0;0
29.05.2021 05:00;0.696057143;0;2.92599972
29.05.2021 06:00;2.382042857;0;3.57622188
29.05.2021 07:00;3.006671429;0;18.77516487
29.05.2021 08:00;3.096842857;0;6.09583275
29.05.2021 09:00;3.871657143;0;13.08572097
29.05.2021 10:00;6.836228571;0;1.6255554
29.05.2021 11:00;2.855771429;0;0.97533324
29.05.2021 12:00;3.641785714;0;2.76344418
29.05.2021 13:00;3.498;0;13.8172209
29.05.2021 14:00;2.221328571;0;0.97533324
29.05.2021 15:00;2.782442857;0;0.40638885
29.05.2021 16:00;1.2528;0;0.48766662
29.05.2021 17:00;1.564014286;0;1.13788878
29.05.2021 18:00;11.78148571;0;10.89122118
29.05.2021 19:00;7.714242857;0;8.77799916
29.05.2021 20:00;10.67605714;0;2.4383331
29.05.2021 21:00;3.288257143;0;0
29.05.2021 22:00;1.341228571;0;0
29.05.2021 23:00;0.705314286;0;0
30.05.2021 00:00;0.587657143;0;0
30.05.2021 01:00;0.583728571;0;0
30.05.2021 02:00;0.572685714;0;0
30.05.2021 03:00;0.625071429;0;0.16255554
30.05.2021 04:00;0.807871429;0;0.32511108
30.05.2021 05:00;0.770114286;0;2.27577756
30.05.2021 06:00;5.076185714;0;4.0638885
30.05.2021 07:00;3.519614286;0;17.31216501
30.05.2021 08:00;2.763514286;0;1.6255554
30.05.2021 09:00;2.027314286;0;6.98988822
30.05.2021 10:00;4.239571429;0;6.66477714
30.05.2021 11:00;4.244214286;0;1.46299986
30.05.2021 12:00;4.782814286;0;2.60088864
30.05.2021 13:00;4.181785714;0;3.41366634
30.05.2021 14:00;1.878485714;0;3.57622188
30.05.2021 15:00;2.142842857;0;8.45288808
30.05.2021 16:00;1.005657143;0;0.65022216
30.05.2021 17:00;0.8348;0;2.60088864
30.05.2021 18:00;3.040357143;0;4.22644404
30.05.2021 19:00;7.371328571;0;1.6255554
30.05.2021 20:00;7.050485714;0;6.33966606
30.05.2021 21:00;4.291985714;0;7.64011038
30.05.2021 22:00;1.501557143;0;0
30.05.2021 23:00;1.055371429;0;0
31.05.2021 00:00;0.853942857;0;0
31.05.2021 01:00;0.573185714;0;0
31.05.2021 02:00;0.569585714;0;0
31.05.2021 03:00;0.583928571;0;0.32511108
31.05.2021 04:00;0.624657143;0;0
31.05.2021 05:00;0.716171429;0;2.60088864
31.05.2021 06:00;2.224428571;0;4.95794397
31.05.2021 07:00;3.939014286;0;15.03638745
31.05.2021 08:00;8.789842857;0;1.21916655
31.05.2021 09:00;10.54905714;0;17.8811094
31.05.2021 10:00;8.434314286;0;6.25838829
31.05.2021 11:00;9.918942857;0;12.11038773
31.05.2021 12:00;6.807385714;0;3.49494411
31.05.2021 13:00;6.649857143;0;3.08855526
31.05.2021 14:00;4.7723;0;3.08855526
31.05.2021 15:00;2.1798;0;2.60088864
31.05.2021 16:00;1.3306;0;2.27577756
31.05.2021 17:00;3.1054;0;7.3149993
31.05.2021 18:00;5.304942857;0;1.86938871
31.05.2021 19:00;7.442028571;0;8.77799916
31.05.2021 20:00;5.0609;0;9.59077686
31.05.2021 21:00;2.642557143;0;1.78811094
31.05.2021 22:00;1.357785714;0;0
31.05.2021 23:00;1.006685714;0;0
01.06.2021 00:00;0.692671429;0;0
01.06.2021 01:00;0.610357143;0;0
01.06.2021 02:00;0.626028571;0;0
01.06.2021 03:00;0.570628571;0;0
01.06.2021 04:00;0.591871429;0;0.32511108
01.06.2021 05:00;0.616128571;0;0
01.06.2021 06:00;3.809385714;0;10.40355456
01.06.2021 07:00;3.124428571;0;2.84472195
01.06.2021 08:00;8.080557143;0;14.71127637
01.06.2021 09:00;8.397771429;0;9.34694355
01.06.2021 10:00;8.933157143;0;12.27294327
01.06.2021 11:00;9.126185714;0;6.82733268
01.06.2021 12:00;3.162228571;0;11.46016557
01.06.2021 13:00;2.227442857;0;4.0638885
01.06.2021 14:00;2.840157143;0;1.46299986
01.06.2021 15:00;2.134357143;0;8.45288808
01.06.2021 16:00;3.739085714;0;0.16255554
01.06.2021 17:00;3.122357143;0;7.80266592
01.06.2021 18:00;1.566342857;0;13.0044432
01.06.2021 19:00;4.234614286;0;1.38172209
01.06.2021 20:00;2.353457143;0;1.30044432
01.06.2021 21:00;9.829871429;0;1.46299986
01.06.2021 22:00;8.5396;0;0.24383331
01.06.2021 23:00;0.824357143;0;0
02.06.2021 00:00;0.581257143;0;0
02.06.2021 01:00;0.586614286;0;0
02.06.2021 02:00;0.575885714;0;0
02.06.2021 03:00;0.593114286;0;0
02.06.2021 04:00;0.713542857;0;0.32511108
02.06.2021 05:00;0.739628571;0;5.03922174
02.06.2021 06:00;4.288471429;0;7.64011038
02.06.2021 07:00;3.873142857;0;9.02183247
02.06.2021 08:00;4.003814286;0;3.41366634
02.06.2021 09:00;5.029757143;0;1.6255554
02.06.2021 10:00;3.169571429;0;9.59077686
02.06.2021 11:00;6.501342857;0;2.11322202
02.06.2021 12:00;2.908142857;0;2.92599972
02.06.2021 13:00;2.774628571;0;9.59077686
02.06.2021 14:00;1.439428571;0;9.59077686
02.06.2021 15:00;4.5746;0;4.55155512
02.06.2021 16:00;2.336528571;0;0.65022216
02.06.2021 17:00;3.047542857;0;10.07844348
02.06.2021 18:00;9.765871429;0;2.27577756
02.06.2021 19:00;6.529471429;0;2.27577756
02.06.2021 20:00;2.534485714;0;0.16255554
02.06.2021 21:00;1.766057143;0;0.97533324
02.06.2021 22:00;1.023514286;0;0
02.06.2021 23:00;0.912257143;0;0
03.06.2021 00:00;0.862028571;0;0.16255554
03.06.2021 01:00;0.602471429;0;0
03.06.2021 02:00;0.585342857;0;0
03.06.2021 03:00;0.597228571;0;0
03.06.2021 04:00;0.656842857;0;0.16255554
03.06.2021 05:00;0.777214286;0;1.95066648
03.06.2021 06:00;3.904814286;0;9.67205463
03.06.2021 07:00;3.391857143;0;11.29761003
03.06.2021 08:00;2.907485714;0;9.34694355
03.06.2021 09:00;3.2915;0;0.65022216
03.06.2021 10:00;1.950685714;0;1.95066648
03.06.2021 11:00;2.9407;0;10.24099902
03.06.2021 12:00;3.936071429;0;5.36433282
03.06.2021 13:00;1.945442857;0;2.11322202
03.06.2021 14:00;4.803785714;0;0.8127777
03.06.2021 15:00;5.713185714;0;7.47755484
03.06.2021 16:00;2.004614286;0;6.17711052
03.06.2021 17:00;3.964128571;0;10.72866564
03.06.2021 18:00;8.429385714;0;0.24383331
03.06.2021 19:00;12.36247143;0;2.11322202
03.06.2021 20:00;5.767357143;0;1.54427763
03.06.2021 21:00;2.448385714;0;0.97533324
03.06.2021 22:00;1.3256;0;0.16255554
03.06.2021 23:00;0.741014286;0;0
04.06.2021 00:00;0.581871429;0;0
04.06.2021 01:00;0.671128571;0;0
04.06.2021 02:00;0.5805;0;0
04.06.2021 03:00;0.568485714;0;0
04.06.2021 04:00;0.6128;0;0.16255554
04.06.2021 05:00;0.709514286;0;0
04.06.2021 06:00;2.910842857;0;4.14516627
04.06.2021 07:00;2.431957143;0;11.70399888
04.06.2021 08:00;4.818457143;0;4.63283289
04.06.2021 09:00;2.405628571;0;15.11766522
04.06.2021 10:00;5.199914286;0;0.48766662
04.06.2021 11:00;5.085828571;0;9.26566578
04.06.2021 12:00;3.125614286;0;3.57622188
04.06.2021 13:00;4.516014286;0;1.30044432
04.06.2021 14:00;5.234014286;0;1.13788878
04.06.2021 15:00;3.551528571;0;0.97533324
04.06.2021 16:00;1.985128571;0;11.21633226
04.06.2021 17:00;1.593957143;0;3.73877742
04.06.2021 18:00;7.7578;0;8.127777
04.06.2021 19:00;3.074171429;0;0.32511108
04.06.2021 20:00;12.03224286;0;3.65749965
04.06.2021 21:00;3.046685714;0;0.73149993
04.06.2021 22:00;1.2522;0;0
04.06.2021 23:00;0.912314286;0;0
05.06.2021 00:00;0.589085714;0;0
05.06.2021 01:00;0.592671429;0;0
05.06.2021 02:00;0.611757143;0;0
05.06.2021 03:00;0.611314286;0;0
05.06.2021 04:00;0.676542857;0;0.65022216
05.06.2021 05:00;0.776414286;0;0
05.06.2021 06:00;1.545028571;0;5.03922174
05.06.2021 07:00;4.2669;0;7.23372153
05.06.2021 08:00;2.255285714;0;11.21633226
05.06.2021 09:00;1.462314286;0;9.42822132
05.06.2021 10:00;1.107042857;0;0.97533324
05.06.2021 11:00;1.014042857;0;0
05.06.2021 12:00;2.982371429;0;0.48766662
05.06.2021 13:00;0.695914286;0;2.27577756
05.06.2021 14:00;1.148085714;0;1.13788878
05.06.2021 15:00;1.559371429;0;2.4383331
05.06.2021 16:00;2.135614286;0;6.82733268
05.06.2021 17:00;0.849714286;0;9.10311024
05.06.2021 18:00;11.06915714;0;9.59077686
05.06.2021 19:00;7.801585714;0;3.41366634
05.06.2021 20:00;7.437471429;0;0.97533324
05.06.2021 21:00;1.371542857;0;2.27577756
05.06.2021 22:00;1.361828571;0;0.16255554
05.06.2021 23:00;1.027957143;0;0
06.06.2021 00:00;0.822814286;0;0
06.06.2021 01:00;0.691342857;0;0
06.06.2021 02:00;0.556757143;0;0
06.06.2021 03:00;0.5935;0;0
06.06.2021 04:00;0.678928571;0;0
06.06.2021 05:00;0.669557143;0;0.32511108
06.06.2021 06:00;2.336657143;0;3.16983303
06.06.2021 07:00;3.412128571;0;19.58794257
06.06.2021 08:00;2.636771429;0;1.30044432
06.06.2021 09:00;2.933842857;0;1.95066648
06.06.2021 10:00;4.732957143;0;1.6255554
06.06.2021 11:00;2.364;0;1.30044432
06.06.2021 12:00;0.707014286;0;0.65022216
06.06.2021 13:00;0.693057143;0;3.90133296
06.06.2021 14:00;5.021342857;0;0.16255554
06.06.2021 15:00;4.412814286;0;3.41366634
06.06.2021 16:00;4.315585714;0;14.46744306
06.06.2021 17:00;6.812671429;0;4.38899958
06.06.2021 18:00;6.923957143;0;1.30044432
06.06.2021 19:00;4.307857143;0;5.85199944
06.06.2021 20:00;2.085628571;0;0.65022216
06.06.2021 21:00;1.723542857;0;0.48766662
06.06.2021 22:00;1.0573;0;0
06.06.2021 23:00;0.642857143;0;0
07.06.2021 00:00;0.589342857;0;0
07.06.2021 01:00;0.670642857;0;0
07.06.2021 02:00;0.565957143;0;0
07.06.2021 03:00;0.590242857;0;0.16255554
07.06.2021 04:00;0.705057143;0;0
07.06.2021 05:00;0.655542857;0;0
07.06.2021 06:00;2.618885714;0;4.38899958
07.06.2021 07:00;2.874028571;0;12.92316543
07.06.2021 08:00;4.8522;0;23.16416445
07.06.2021 09:00;7.460285714;0;3.90133296
07.06.2021 10:00;8.956485714;0;2.27577756
07.06.2021 11:00;5.001685714;0;9.59077686
07.06.2021 12:00;1.987928571;0;3.41366634
07.06.2021 13:00;2.838014286;0;2.84472195
07.06.2021 14:00;2.752014286;0;2.84472195
07.06.2021 15:00;3.867042857;0;6.01455498
07.06.2021 16:00;1.002471429;0;2.60088864
07.06.2021 17:00;1.7386;0;0.65022216
07.06.2021 18:00;7.135885714;0;9.50949909
07.06.2021 19:00;16.17684286;0;8.20905477
07.06.2021 20:00;7.307557143;0;0
07.06.2021 21:00;2.962185714;0;0.16255554
07.06.2021 22:00;1.130714286;0;0
07.06.2021 23:00;0.744485714;0;0
08.06.2021 00:00;0.664028571;0;0
08.06.2021 01:00;0.733885714;0;0
08.06.2021 02:00;0.6082;0;0
08.06.2021 03:00;0.586571429;0;0
08.06.2021 04:00;0.592228571;0;0
08.06.2021 05:00;0.633742857;0;0.32511108
08.06.2021 06:00;2.991514286;0;3.2511108
08.06.2021 07:00;3.333828571;0;15.28022076
08.06.2021 08:00;5.246271429;0;8.20905477
08.06.2021 09:00;4.399314286;0;11.46016557
08.06.2021 10:00;3.642385714;0;5.85199944
08.06.2021 11:00;8.182171429;0;1.95066648
08.06.2021 12:00;5.8691;0;3.90133296
08.06.2021 13:00;2.577642857;0;12.02910996
08.06.2021 14:00;4.943542857;0;6.33966606
08.06.2021 15:00;4.836285714;0;7.3149993
08.06.2021 16:00;2.320842857;0;0.48766662
08.06.2021 17:00;1.232057143;0;0.8127777
08.06.2021 18:00;3.023742857;0;0.16255554
08.06.2021 19:00;5.1083;0;5.6894439
08.06.2021 20:00;5.855528571;0;0.97533324
08.06.2021 21:00;2.629642857;0;1.95066648
08.06.2021 22:00;1.591242857;0;0
08.06.2021 23:00;1.1505;0;0
09.06.2021 00:00;0.829042857;0;0
09.06.2021 01:00;0.573342857;0;0
09.06.2021 02:00;0.630928571;0;0
09.06.2021 03:00;0.594185714;0;0
09.06.2021 04:00;0.680528571;0;0.32511108
09.06.2021 05:00;0.761814286;0;0.16255554
09.06.2021 06:00;2.323257143;0;5.93327721
09.06.2021 07:00;4.118028571;0;6.17711052
09.06.2021 08:00;4.6817;0;3.65749965
09.06.2021 09:00;1.729728571;0;6.01455498
09.06.2021 10:00;2.006342857;0;1.46299986
09.06.2021 11:00;4.488828571;0;0.97533324
09.06.2021 12:00;3.8951;0;3.08855526
09.06.2021 13:00;2.886214286;0;8.9405547
09.06.2021 14:00;4.232;0;0.32511108
09.06.2021 15:00;1.749528571;0;9.7533324
09.06.2021 16:00;0.832057143;0;0
09.06.2021 17:00;1.746285714;0;8.9405547
09.06.2021 18:00;1.165171429;0;7.80266592
09.06.2021 19:00;2.196085714;0;0.97533324
09.06.2021 20:00;4.041514286;0;5.20177728
09.06.2021 21:00;2.570971429;0;0.16255554
09.06.2021 22:00;1.296457143;0;0.8127777
09.06.2021 23:00;0.9952;0;0
10.06.2021 00:00;0.6369;0;0
10.06.2021 01:00;0.644828571;0;0
10.06.2021 02:00;0.594614286;0;0
10.06.2021 03:00;0.621742857;0;0.16255554
10.06.2021 04:00;0.680457143;0;0.32511108
10.06.2021 05:00;0.783442857;0;0.8127777
10.06.2021 06:00;3.016057143;0;14.38616529
10.06.2021 07:00;4.855257143;0;9.42822132
10.06.2021 08:00;2.325657143;0;1.6255554
10.06.2021 09:00;4.027785714;0;0.32511108
10.06.2021 10:00;0.793914286;0;0
10.06.2021 11:00;0.7953;0;2.60088864
10.06.2021 12:00;2.438928571;0;2.60088864
10.06.2021 13:00;3.659728571;0;11.70399888
10.06.2021 14:00;4.668457143;0;2.76344418
10.06.2021 15:00;1.962457143;0;0
10.06.2021 16:00;2.462028571;0;3.16983303
10.06.2021 17:00;3.385628571;0;5.6894439
10.06.2021 18:00;5.381342857;0;13.49210982
10.06.2021 19:00;7.391657143;0;0
10.06.2021 20:00;2.352842857;0;5.6894439
10.06.2021 21:00;3.019257143;0;1.30044432
10.06.2021 22:00;0.860457143;0;0.48766662
10.06.2021 23:00;0.614528571;0;0
11.06.2021 00:00;0.664357143;0;0
11.06.2021 01:00;0.575985714;0;0
11.06.2021 02:00;0.580385714;0;0
11.06.2021 03:00;0.578942857;0;0
11.06.2021 04:00;0.732414286;0;0.32511108
11.06.2021 05:00;0.787628571;0;0.32511108
11.06.2021 06:00;3.680428571;0;10.5661101
11.06.2021 07:00;3.152985714;0;13.49210982
11.06.2021 08:00;2.957542857;0;0.97533324
11.06.2021 09:00;2.305371429;0;0.97533324
11.06.2021 10:00;4.160571429;0;1.70683317
11.06.2021 11:00;2.493585714;0;3.08855526
11.06.2021 12:00;0.699371429;0;13.49210982
11.06.2021 13:00;1.1396;0;3.41366634
11.06.2021 14:00;3.132328571;0;1.13788878
11.06.2021 15:00;4.105914286;0;6.33966606
11.06.2021 16:00;0.904842857;0;0
11.06.2021 17:00;1.9451;0;1.6255554
11.06.2021 18:00;7.485514286;0;2.27577756
11.06.2021 19:00;11.75372857;0;7.72138815
11.06.2021 20:00;10.60404286;0;0.65022216
11.06.2021 21:00;5.691628571;0;9.83461017
11.06.2021 22:00;1.001757143;0;0
11.06.2021 23:00;0.708171429;0;0
12.06.2021 00:00;0.634771429;0;0.16255554
12.06.2021 01:00;0.652;0;0
12.06.2021 02:00;0.637171429;0;0
12.06.2021 03:00;0.731842857;0;0
12.06.2021 04:00;0.725028571;0;1.30044432
12.06.2021 05:00;0.696671429;0;2.92599972
12.06.2021 06:00;3.4503;0;12.27294327
12.06.2021 07:00;4.176128571;0;9.59077686
12.06.2021 08:00;2.4704;0;3.16983303
12.06.2021 09:00;2.437471429;0;7.3149993
12.06.2021 10:00;0.879085714;0;12.02910996
12.06.2021 11:00;1.581285714;0;0.32511108
12.06.2021 12:00;3.3568;0;0
12.06.2021 13:00;1.662642857;0;0.97533324
12.06.2021 14:00;3.345714286;0;2.4383331
12.06.2021 15:00;1.6482;0;0.16255554
12.06.2021 16:00;1.468857143;0;0.48766662
12.06.2021 17:00;5.810785714;0;12.35422104
12.06.2021 18:00;6.971214286;0;4.71411066
12.06.2021 19:00;4.578028571;0;1.46299986
12.06.2021 20:00;4.060371429;0.016422313;1.54427763
12.06.2021 21:00;2.521742857;0.070479119;1.46299986
12.06.2021 22:00;2.2108;0.112251084;0
12.06.2021 23:00;1.089128571;0.152797348;0
13.06.2021 00:00;0.558885714;0.271088388;0
13.06.2021 01:00;0.570157143;0.374990104;0
13.06.2021 02:00;0.562142857;0.463992747;0
13.06.2021 03:00;0.623828571;0.608637068;0
13.06.2021 04:00;0.622371429;0.706252639;0
13.06.2021 05:00;0.6847;0;0.16255554
13.06.2021 06:00;2.598885714;0;6.5022216
13.06.2021 07:00;4.587771429;0;12.59805435
13.06.2021 08:00;4.456;0;19.66922034
13.06.2021 09:00;2.646928571;0;2.27577756
13.06.2021 10:00;5.735014286;0;1.95066648
13.06.2021 11:00;3.464928571;0;0.48766662
13.06.2021 12:00;1.393;0;0
13.06.2021 13:00;3.623485714;0;2.60088864
13.06.2021 14:00;8.961557143;0;1.78811094
13.06.2021 15:00;4.580514286;0;14.46744306
13.06.2021 16:00;1.0069;0;0.97533324
13.06.2021 17:00;1.253871429;0;0.48766662
13.06.2021 18:00;3.981571429;0;5.03922174
13.06.2021 19:00;4.407228571;0;1.30044432
13.06.2021 20:00;2.770157143;0;3.57622188
13.06.2021 21:00;1.226171429;0;0.48766662
13.06.2021 22:00;1.269585714;0;0
13.06.2021 23:00;0.980042857;0;0
14.06.2021 00:00;0.842228571;0;0
14.06.2021 01:00;0.597328571;0;0
14.06.2021 02:00;0.611485714;0;0
14.06.2021 03:00;0.610528571;0;0.16255554
14.06.2021 04:00;0.652657143;0;0.32511108
14.06.2021 05:00;0.746728571;0;0.48766662
14.06.2021 06:00;2.510542857;0;3.57622188
14.06.2021 07:00;3.565614286;0;7.39627707
14.06.2021 08:00;3.805542857;0;19.5066648
14.06.2021 09:00;5.225271429;0;12.11038773
14.06.2021 10:00;5.195657143;0;5.28305505
14.06.2021 11:00;6.866657143;0;8.45288808
14.06.2021 12:00;2.254785714;0;8.77799916
14.06.2021 13:00;0.808328571;0;0.32511108
14.06.2021 14:00;2.760014286;0;0.8127777
14.06.2021 15:00;2.0536;0;1.30044432
14.06.2021 16:00;2.016657143;0;2.92599972
14.06.2021 17:00;1.698471429;0;0.65022216
14.06.2021 18:00;2.951314286;0;6.17711052
14.06.2021 19:00;7.030471429;0;0.48766662
14.06.2021 20:00;4.771957143;0;5.6894439
14.06.2021 21:00;3.567542857;0;0.32511108
14.06.2021 22:00;1.580542857;0;0
14.06.2021 23:00;0.811742857;0;0
15.06.2021 00:00;0.598242857;0;0
15.06.2021 01:00;0.645614286;0;0
15.06.2021 02:00;0.589042857;0;0
15.06.2021 03:00;0.5639;0;0
15.06.2021 04:00;0.564071429;0;0
15.06.2021 05:00;0.778914286;0;0.8127777
15.06.2021 06:00;5.404057143;0;8.53416585
15.06.2021 07:00;2.9299;0;27.39060849
15.06.2021 08:00;4.925471429;0;12.51677658
15.06.2021 09:00;4.4276;0;3.41366634
15.06.2021 10:00;4.109157143;0;3.41366634
15.06.2021 11:00;10.75044286;0;6.82733268
15.06.2021 12:00;9.187042857;0;1.95066648
15.06.2021 13:00;8.075585714;0;0.16255554
15.06.2021 14:00;2.899314286;0;1.46299986
15.06.2021 15:00;4.600214286;0;5.6894439
15.06.2021 16:00;2.4886;0;1.95066648
15.06.2021 17:00;1.614042857;0;3.57622188
15.06.2021 18:00;3.166371429;0;2.76344418
15.06.2021 19:00;9.487728571;0;3.16983303
15.06.2021 20:00;2.965128571;0;0.48766662
15.06.2021 21:00;1.426814286;0;0.32511108
15.06.2021 22:00;1.0282;0;0
15.06.2021 23:00;0.978314286;0;0
16.06.2021 00:00;0.5926;0;0.32511108
16.06.2021 01:00;0.580771429;0;0
16.06.2021 02:00;0.677785714;0;0
16.06.2021 03:00;0.572985714;0;0
16.06.2021 04:00;0.590657143;0.023210671;0.16255554
16.06.2021 05:00;0.637114286;0;0.48766662
16.06.2021 06:00;1.159828571;0;5.03922174
16.06.2021 07:00;6.186471429;0;5.77072167
16.06.2021 08:00;0.665285714;0;15.11766522
16.06.2021 09:00;2.185314286;0;0.73149993
16.06.2021 10:00;3.235014286;0;3.08855526
16.06.2021 11:00;4.664571429;0;1.95066648
16.06.2021 12:00;1.7553;0;2.27577756
16.06.2021 13:00;1.338842857;0;1.30044432
16.06.2021 14:00;4.444385714;0;8.9405547
16.06.2021 15:00;2.440857143;0;0
16.06.2021 16:00;0.999057143;0;0
16.06.2021 17:00;5.195557143;0;13.97977644
16.06.2021 18:00;4.450371429;0;0.48766662
16.06.2021 19:00;7.827471429;0;1.13788878
16.06.2021 20:00;2.721685714;0;5.20177728
16.06.2021 21:00;1.180528571;0;0.97533324
16.06.2021 22:00;1.055171429;0;0.48766662
16.06.2021 23:00;0.689371429;0;0
17.06.2021 00:00;0.599928571;0.014935979;0
17.06.2021 01:00;0.579471429;0.060086291;0
17.06.2021 02:00;0.574228571;0.17730518;0
17.06.2021 03:00;0.673757143;0.323089392;0.16255554
17.06.2021 04:00;0.666028571;0.390202592;0.16255554
17.06.2021 05:00;0.663542857;0;0
17.06.2021 06:00;2.921985714;0;5.12049951
17.06.2021 07:00;3.169685714;0;14.71127637
17.06.2021 08:00;2.872128571;0;1.38172209
17.06.2021 09:00;1.407828571;0;8.20905477
17.06.2021 10:00;1.4369;0;3.08855526
17.06.2021 11:00;2.345585714;0;0.48766662
17.06.2021 12:00;1.4586;0;6.98988822
17.06.2021 13:00;1.019671429;0;2.92599972
17.06.2021 14:00;2.7588;0;0.32511108
17.06.2021 15:00;1.344285714;0;0.65022216
17.06.2021 16:00;1.151157143;0;0
17.06.2021 17:00;5.896614286;0;13.65466536
17.06.2021 18:00;12.09362857;0;5.52688836
17.06.2021 19:00;9.9745;0;2.76344418
17.06.2021 20:00;4.437757143;0;1.46299986
17.06.2021 21:00;2.406157143;0;2.60088864
17.06.2021 22:00;1.061514286;0;0.32511108
17.06.2021 23:00;0.685814286;0;0
18.06.2021 00:00;0.793;0;0.32511108
18.06.2021 01:00;0.701085714;0;0.65022216
18.06.2021 02:00;0.688057143;0;0.16255554
18.06.2021 03:00;0.715728571;0;0
18.06.2021 04:00;0.998114286;0;0.16255554
18.06.2021 05:00;1.233771429;0;3.2511108
18.06.2021 06:00;2.084471429;0;6.58349937
18.06.2021 07:00;7.502314286;0;16.17427623
18.06.2021 08:00;2.828314286;0;9.42822132
18.06.2021 09:00;1.582285714;0;3.73877742
18.06.2021 10:00;1.596871429;0;3.00727749
18.06.2021 11:00;4.1148;0;0.08127777
18.06.2021 12:00;6.815157143;0;3.33238857
18.06.2021 13:00;2.878671429;0;6.82733268
18.06.2021 14:00;5.050128571;0;2.11322202
18.06.2021 15:00;5.224971429;0;2.11322202
18.06.2021 16:00;0.898228571;0;8.127777
18.06.2021 17:00;6.165785714;0;6.66477714
18.06.2021 18:00;6.236914286;0;0.8127777
18.06.2021 19:00;4.608871429;0;11.54144334
18.06.2021 20:00;3.759171429;0;2.4383331
18.06.2021 21:00;1.339185714;0;0.48766662
18.06.2021 22:00;1.197128571;0;0
18.06.2021 23:00;0.595428571;0;0
19.06.2021 00:00;0.5643;0;0
19.06.2021 01:00;0.661085714;0;0
19.06.2021 02:00;0.589342857;0;0
19.06.2021 03:00;0.556528571;0;0
19.06.2021 04:00;0.6097;0;0
19.06.2021 05:00;0.778771429;0;0.97533324
19.06.2021 06:00;3.638014286;0;11.78527665
19.06.2021 07:00;5.232828571;0;2.51961087
19.06.2021 08:00;2.718885714;0;8.45288808
19.06.2021 09:00;2.664542857;0;5.36433282
19.06.2021 10:00;2.165185714;0;4.55155512
19.06.2021 11:00;3.113242857;0;2.11322202
19.06.2021 12:00;7.345342857;0;8.29033254
19.06.2021 13:00;4.093628571;0;3.08855526
19.06.2021 14:00;3.559914286;0;1.21916655
19.06.2021 15:00;4.556557143;0;3.65749965
19.06.2021 16:00;1.329542857;0;0.48766662
19.06.2021 17:00;8.213442857;0;15.60533184
19.06.2021 18:00;9.062714286;0;6.25838829
19.06.2021 19:00;12.25157143;0;9.42822132
19.06.2021 20:00;8.628814286;0;0.24383331
19.06.2021 21:00;2.7034;0;1.13788878
19.06.2021 22:00;1.137585714;0;0.32511108
19.06.2021 23:00;0.648485714;0;0
20.06.2021 00:00;0.574471429;0;0
20.06.2021 01:00;0.577114286;0;0
20.06.2021 02:00;0.614871429;0;0
20.06.2021 03:00;0.639242857;0;0.32511108
20.06.2021 04:00;0.755028571;0;0.16255554
20.06.2021 05:00;0.809985714;0;0.32511108
20.06.2021 06:00;2.377885714;0;10.64738787
20.06.2021 07:00;4.282514286;0;6.90861045
20.06.2021 08:00;3.118742857;0;12.35422104
20.06.2021 09:00;4.909342857;0;3.57622188
20.06.2021 10:00;3.023442857;0;4.0638885
20.06.2021 11:00;2.500628571;0;0.8127777
20.06.2021 12:00;0.838614286;0;11.05377672
20.06.2021 13:00;2.107585714;0;2.76344418
20.06.2021 14:00;2.315728571;0;0.97533324
20.06.2021 15:00;1.572342857;0;0.56894439
20.06.2021 16:00;1.430485714;0;0.48766662
20.06.2021 17:00;1.1765;0;8.45288808
20.06.2021 18:00;4.110157143;0;1.6255554
20.06.2021 19:00;9.658842857;0;7.96522146
20.06.2021 20:00;6.250985714;0;5.6894439
20.06.2021 21:00;3.066857143;0;5.6894439
20.06.2021 22:00;2.022171429;0;0.48766662
20.06.2021 23:00;0.8218;0;0
21.06.2021 00:00;0.665185714;0;0
21.06.2021 01:00;0.623857143;0;0
21.06.2021 02:00;0.609685714;0;0
21.06.2021 03:00;0.618814286;0;0
21.06.2021 04:00;0.728542857;0;0.32511108
21.06.2021 05:00;0.697628571;0;2.60088864
21.06.2021 06:00;2.5326;0;9.34694355
21.06.2021 07:00;4.615885714;0;6.82733268
21.06.2021 08:00;6.318;0;14.46744306
21.06.2021 09:00;6.3853;0;8.53416585
21.06.2021 10:00;7.289242857;0;5.6894439
21.06.2021 11:00;8.442814286;0;3.57622188
21.06.2021 12:00;3.263642857;0;2.76344418
21.06.2021 13:00;4.355514286;0;4.71411066
21.06.2021 14:00;7.354771429;0;2.76344418
21.06.2021 15:00;4.225;0;3.08855526
21.06.2021 16:00;1.4934;0;0
21.06.2021 17:00;1.078728571;0;3.73877742
21.06.2021 18:00;5.804542857;0;9.42822132
21.06.2021 19:00;3.6814;0;9.10311024
21.06.2021 20:00;3.091114286;0;7.80266592
21.06.2021 21:00;0.979614286;0;0.32511108
21.06.2021 22:00;0.871771429;0;0
21.06.2021 23:00;0.685057143;0;0
22.06.2021 00:00;0.578942857;0;0
22.06.2021 01:00;0.592057143;0;0
22.06.2021 02:00;0.588071429;0;0
22.06.2021 03:00;0.622157143;0;0
22.06.2021 04:00;0.733471429;0;0.65022216
22.06.2021 05:00;1.202557143;0;2.60088864
22.06.2021 06:00;3.593357143;0;5.20177728
22.06.2021 07:00;3.567214286;0;8.53416585
22.06.2021 08:00;2.706371429;0;7.47755484
22.06.2021 09:00;4.742171429;0;11.29761003
22.06.2021 10:00;4.884285714;0;4.14516627
22.06.2021 11:00;4.348842857;0;5.03922174
22.06.2021 12:00;2.522185714;0;3.41366634
22.06.2021 13:00;3.896614286;0;5.20177728
22.06.2021 14:00;5.985557143;0;9.26566578
22.06.2021 15:00;3.904471429;0;13.65466536
22.06.2021 16:00;2.123685714;0;8.77799916
22.06.2021 17:00;2.526328571;0;0
22.06.2021 18:00;10.93638571;0;8.53416585
22.06.2021 19:00;9.212542857;0;3.73877742
22.06.2021 20:00;2.670614286;0;0
22.06.2021 21:00;2.646471429;0;2.84472195
22.06.2021 22:00;1.139271429;0;1.6255554
22.06.2021 23:00;0.748485714;0;0
23.06.2021 00:00;0.600242857;0;0
23.06.2021 01:00;0.558457143;0;0
23.06.2021 02:00;0.563328571;0;0
23.06.2021 03:00;0.662271429;0;0
23.06.2021 04:00;0.835228571;0;0.32511108
23.06.2021 05:00;0.794985714;0;2.27577756
23.06.2021 06:00;1.864914286;0;2.68216641
23.06.2021 07:00;5.653814286;0;8.9405547
23.06.2021 08:00;2.256671429;0;10.5661101
23.06.2021 09:00;3.825328571;0;5.77072167
23.06.2021 10:00;4.443428571;0;0.16255554
23.06.2021 11:00;2.084842857;0;0.65022216
23.06.2021 12:00;0.624357143;0;2.76344418
23.06.2021 13:00;2.447114286;0;9.91588794
23.06.2021 14:00;2.042057143;0;9.7533324
23.06.2021 15:00;2.225471429;0;0
23.06.2021 16:00;1.237771429;0;3.90133296
23.06.2021 17:00;3.493671429;0;3.08855526
23.06.2021 18:00;11.1943;0;7.07116599
23.06.2021 19:00;8.982585714;0;9.50949909
23.06.2021 20:00;3.964714286;0;0.97533324
23.06.2021 21:00;1.712357143;0;1.95066648
23.06.2021 22:00;1.0163;0;0
23.06.2021 23:00;0.778171429;0;0
24.06.2021 00:00;0.684485714;0;0
24.06.2021 01:00;0.6374;0;0
24.06.2021 02:00;0.568642857;0;0
24.06.2021 03:00;0.5802;0;0
24.06.2021 04:00;0.632471429;0;0.32511108
24.06.2021 05:00;0.722171429;0;2.60088864
24.06.2021 06:00;2.476671429;0;11.46016557
24.06.2021 07:00;3.666328571;0;5.6894439
24.06.2021 08:00;2.944728571;0;4.38899958
24.06.2021 09:00;4.534242857;0;7.80266592
24.06.2021 10:00;3.953357143;0;6.17711052
24.06.2021 11:00;5.642642857;0;0
24.06.2021 12:00;3.738028571;0;6.82733268
24.06.2021 13:00;4.320328571;0;5.36433282
24.06.2021 14:00;2.394442857;0;2.92599972
24.06.2021 15:00;1.717671429;0;0.65022216
24.06.2021 16:00;1.325814286;0;8.9405547
24.06.2021 17:00;4.410828571;0;6.01455498
24.06.2021 18:00;9.651085714;0;6.33966606
24.06.2021 19:00;7.576514286;0;7.80266592
24.06.2021 20:00;1.591928571;0;0.97533324
24.06.2021 21:00;8.018642857;0;2.27577756
24.06.2021 22:00;1.702657143;0;0
24.06.2021 23:00;1.1571;0;0
25.06.2021 00:00;0.5868;0;0
25.06.2021 01:00;0.575614286;0;0
25.06.2021 02:00;0.562242857;0;0
25.06.2021 03:00;0.602628571;0;0
25.06.2021 04:00;0.780385714;0;0.48766662
25.06.2021 05:00;0.912028571;0;0
25.06.2021 06:00;3.325742857;0;8.04649923
25.06.2021 07:00;4.612842857;0;14.38616529
25.06.2021 08:00;2.4959;0;4.22644404
25.06.2021 09:00;1.298728571;0;5.6894439
25.06.2021 10:00;1.833714286;0;6.66477714
25.06.2021 11:00;5.310185714;0;0
25.06.2021 12:00;3.403057143;0;0.65022216
25.06.2021 13:00;2.202114286;0;7.80266592
25.06.2021 14:00;1.605614286;0;1.30044432
25.06.2021 15:00;1.201542857;0;0
25.06.2021 16:00;2.646857143;0;11.70399888
25.06.2021 17:00;4.616014286;0;1.78811094
25.06.2021 18:00;2.330842857;0;3.2511108
25.06.2021 19:00;11.1149;0;1.86938871
25.06.2021 20:00;7.255828571;0;2.27577756
25.06.2021 21:00;2.1054;0;10.89122118
25.06.2021 22:00;1.082242857;0;0
25.06.2021 23:00;0.697628571;0;0
26.06.2021 00:00;0.653742857;0;0
26.06.2021 01:00;0.649114286;0;0
26.06.2021 02:00;0.563671429;0;0
26.06.2021 03:00;0.586471429;0;0.16255554
26.06.2021 04:00;0.637342857;0;0.32511108
26.06.2021 05:00;0.673057143;0;0.16255554
26.06.2021 06:00;3.386928571;0;2.27577756
26.06.2021 07:00;4.246514286;0;16.33683177
26.06.2021 08:00;1.670128571;0;10.5661101
26.06.2021 09:00;4.0878;0;0.08127777
26.06.2021 10:00;6.8782;0;4.55155512
26.06.2021 11:00;3.764842857;0;1.21916655
26.06.2021 12:00;1.848757143;0;0.08127777
26.06.2021 13:00;4.642585714;0;5.20177728
26.06.2021 14:00;4.906128571;0;3.73877742
26.06.2021 15:00;0.989914286;0;0.48766662
26.06.2021 16:00;0.904628571;0;9.26566578
26.06.2021 17:00;1.464428571;0;0.32511108
26.06.2021 18:00;4.542214286;0;4.71411066
26.06.2021 19:00;8.279485714;0;10.89122118
26.06.2021 20:00;7.099885714;0;3.2511108
26.06.2021 21:00;1.6482;0;9.42822132
26.06.2021 22:00;1.302842857;0;0
26.06.2021 23:00;0.844428571;0;0
27.06.2021 00:00;0.684714286;0;0.16255554
27.06.2021 01:00;0.596142857;0;0
27.06.2021 02:00;0.6024;0;0
27.06.2021 03:00;0.653014286;0;0
27.06.2021 04:00;0.644542857;0;0.32511108
27.06.2021 05:00;0.885742857;0;0.8127777
27.06.2021 06:00;1.241542857;0;3.41366634
27.06.2021 07:00;4.842928571;0;11.78527665
27.06.2021 08:00;4.326014286;0;6.42094383
27.06.2021 09:00;3.435371429;0;0.16255554
27.06.2021 10:00;1.529285714;0;8.127777
27.06.2021 11:00;2.975214286;0;7.96522146
27.06.2021 12:00;1.414785714;0;0.65022216
27.06.2021 13:00;1.363442857;0;2.60088864
27.06.2021 14:00;1.347428571;0;3.2511108
27.06.2021 15:00;1.638071429;0;0.65022216
27.06.2021 16:00;2.228514286;0;0.65022216
27.06.2021 17:00;2.316142857;0;8.9405547
27.06.2021 18:00;10.06164286;0;7.3149993
27.06.2021 19:00;8.381742857;0;0.97533324
27.06.2021 20:00;2.705657143;0;5.52688836
27.06.2021 21:00;2.380057143;0;8.77799916
27.06.2021 22:00;1.330657143;0;0.16255554
27.06.2021 23:00;0.765271429;0;0
28.06.2021 00:00;0.757771429;0;0
28.06.2021 01:00;0.767257143;0;0
28.06.2021 02:00;0.870885714;0;0
28.06.2021 03:00;1.392985714;0;0
28.06.2021 04:00;0.917771429;0;0.8127777
28.06.2021 05:00;1.041271429;0;0.32511108
28.06.2021 06:00;2.514928571;0;7.07116599
28.06.2021 07:00;4.257228571;0;13.73594313
28.06.2021 08:00;5.721557143;0;16.255554
28.06.2021 09:00;6.183942857;0;10.72866564
28.06.2021 10:00;6.617757143;0;3.90133296
28.06.2021 11:00;4.661071429;0;4.79538843
28.06.2021 12:00;4.064328571;0;6.33966606
28.06.2021 13:00;3.009985714;0;1.6255554
28.06.2021 14:00;1.988171429;0;1.95066648
28.06.2021 15:00;6.5468;0;10.24099902
28.06.2021 16:00;2.423257143;0;0
28.06.2021 17:00;1.0488;0;1.46299986
28.06.2021 18:00;1.149014286;0;0.97533324
28.06.2021 19:00;6.142514286;0;2.35705533
28.06.2021 20:00;7.596614286;0;7.15244376
28.06.2021 21:00;2.436371429;0;11.13505449
28.06.2021 22:00;1.117928571;0;1.6255554
28.06.2021 23:00;0.7666;0;0
29.06.2021 00:00;0.594285714;0;0
29.06.2021 01:00;0.570342857;0;0
29.06.2021 02:00;0.557342857;0;0
29.06.2021 03:00;0.661628571;0;0
29.06.2021 04:00;0.625328571;0;0
29.06.2021 05:00;0.813771429;0;2.03194425
29.06.2021 06:00;4.619271429;0;7.64011038
29.06.2021 07:00;3.211085714;0;11.21633226
29.06.2021 08:00;13.27111429;0;13.8172209
29.06.2021 09:00;9.8893;0;8.53416585
29.06.2021 10:00;10.57968571;0;4.47027735
29.06.2021 11:00;8.824414286;0;10.89122118
29.06.2021 12:00;2.864357143;0;0.56894439
29.06.2021 13:00;6.329542857;0;9.26566578
29.06.2021 14:00;4.253885714;0;11.86655442
29.06.2021 15:00;3.902428571;0;0.65022216
29.06.2021 16:00;3.783528571;0;0.48766662
29.06.2021 17:00;3.912514286;0;1.13788878
29.06.2021 18:00;7.3246;0;6.98988822
29.06.2021 19:00;8.927571429;0;1.95066648
29.06.2021 20:00;6.005442857;0;3.41366634
29.06.2021 21:00;2.338057143;0;0.16255554
29.06.2021 22:00;1.061157143;0;2.92599972
29.06.2021 23:00;0.680828571;0;0
30.06.2021 00:00;0.672485714;0;0
30.06.2021 01:00;0.596985714;0;0
30.06.2021 02:00;0.588485714;0;0
30.06.2021 03:00;0.5986;0;0
30.06.2021 04:00;0.734014286;0;0.32511108
30.06.2021 05:00;0.7758;0;0
30.06.2021 06:00;2.298414286;0;4.38899958
30.06.2021 07:00;4.2279;0;12.27294327
30.06.2021 08:00;5.469857143;0;6.09583275
30.06.2021 09:00;2.626728571;0;2.92599972
30.06.2021 10:00;6.131385714;0;0.56894439
30.06.2021 11:00;4.997642857;0;2.76344418
30.06.2021 12:00;5.057042857;0;11.70399888
30.06.2021 13:00;8.117685714;0;8.45288808
30.06.2021 14:00;3.421185714;0;8.29033254
30.06.2021 15:00;6.712342857;0;5.03922174
30.06.2021 16:00;2.4629;0;6.33966606
30.06.2021 17:00;3.5509;0;0.32511108
30.06.2021 18:00;0.921342857;0;0.48766662
30.06.2021 19:00;5.5849;0;6.82733268
30.06.2021 20:00;3.438442857;0;0.32511108
30.06.2021 21:00;1.667714286;0;0.97533324
30.06.2021 22:00;1.236028571;0;0
30.06.2021 23:00;0.740428571;0;0
01.07.2021 00:00;0.575457143;0;0
01.07.2021 01:00;0.572271429;0;0
01.07.2021 02:00;0.575542857;0;0
01.07.2021 03:00;0.673728571;0;0
01.07.2021 04:00;0.612957143;0;0
01.07.2021 05:00;0.791671429;0;0.48766662
01.07.2021 06:00;3.679657143;0;2.92599972
01.07.2021 07:00;3.882;0;9.91588794
01.07.2021 08:00;2.579957143;0;7.96522146
01.07.2021 09:00;2.0411;0;9.34694355
01.07.2021 10:00;1.537314286;0;0.48766662
01.07.2021 11:00;1.205442857;0;2.92599972
01.07.2021 12:00;1.635528571;0;4.38899958
01.07.2021 13:00;0.938085714;0;5.36433282
01.07.2021 14:00;1.030028571;0;4.71411066
01.07.2021 15:00;1.950771429;0;0.65022216
01.07.2021 16:00;1.199257143;0;2.27577756
01.07.2021 17:00;3.613157143;0;9.59077686
01.07.2021 18:00;5.203114286;0;0.97533324
01.07.2021 19:00;5.177328571;0;4.55155512
01.07.2021 20:00;4.889728571;0;0.32511108
01.07.2021 21:00;3.722514286;0;8.69672139
01.07.2021 22:00;2.168028571;0;0
01.07.2021 23:00;0.919542857;0;0
02.07.2021 00:00;0.676857143;0;0
02.07.2021 01:00;0.595528571;0;0
02.07.2021 02:00;0.5786;0;0
02.07.2021 03:00;0.620085714;0;0.16255554
02.07.2021 04:00;0.809242857;0;0.32511108
02.07.2021 05:00;0.776142857;0;1.21916655
02.07.2021 06:00;2.332114286;0;3.57622188
02.07.2021 07:00;2.539014286;0;5.20177728
02.07.2021 08:00;0.628871429;0;4.8766662
02.07.2021 09:00;3.407985714;0;7.72138815
02.07.2021 10:00;3.509485714;0;14.14233198
02.07.2021 11:00;5.688371429;0;0
02.07.2021 12:00;3.932971429;0;2.27577756
02.07.2021 13:00;2.182957143;0;2.4383331
02.07.2021 14:00;1.9376;0;3.2511108
02.07.2021 15:00;4.490128571;0;10.24099902
02.07.2021 16:00;0.9613;0;2.4383331
02.07.2021 17:00;1.862314286;0;0.32511108
02.07.2021 18:00;7.378871429;0;6.66477714
02.07.2021 19:00;10.60414286;0;3.2511108
02.07.2021 20:00;5.965071429;0;0.65022216
02.07.2021 21:00;1.882614286;0;7.80266592
02.07.2021 22:00;1.247185714;0;0
02.07.2021 23:00;0.717314286;0;0
03.07.2021 00:00;0.638185714;0;0
03.07.2021 01:00;0.566585714;0;0
03.07.2021 02:00;0.570728571;0;0
03.07.2021 03:00;0.582771429;0;0
03.07.2021 04:00;0.721342857;0;0.48766662
03.07.2021 05:00;0.823157143;0;0
03.07.2021 06:00;5.315;0;12.35422104
03.07.2021 07:00;4.353457143;0;18.04366494
03.07.2021 08:00;3.870757143;0;5.44561059
03.07.2021 09:00;6.648228571;0;5.36433282
03.07.2021 10:00;4.119914286;0;2.92599972
03.07.2021 11:00;1.627271429;0;2.60088864
03.07.2021 12:00;2.616;0;4.22644404
03.07.2021 13:00;0.733771429;0;2.11322202
03.07.2021 14:00;0.833328571;0;1.30044432
03.07.2021 15:00;1.170485714;0;0
03.07.2021 16:00;2.115071429;0;0.48766662
03.07.2021 17:00;2.207771429;0;9.7533324
03.07.2021 18:00;7.536514286;0;7.3149993
03.07.2021 19:00;7.983185714;0;0.32511108
03.07.2021 20:00;2.637914286;0;0.32511108
03.07.2021 21:00;3.252228571;0;3.33238857
03.07.2021 22:00;0.754828571;0;0.32511108
03.07.2021 23:00;0.640985714;0;0
04.07.2021 00:00;0.617071429;0;0
04.07.2021 01:00;0.616985714;0;0
04.07.2021 02:00;0.584814286;0;0
04.07.2021 03:00;0.593257143;0;0.16255554
04.07.2021 04:00;0.671557143;0;0
04.07.2021 05:00;0.775657143;0;0
04.07.2021 06:00;3.414414286;0;8.61544362
04.07.2021 07:00;3.8741;0;14.95510968
04.07.2021 08:00;4.516428571;0;9.42822132
04.07.2021 09:00;4.6177;0;10.5661101
04.07.2021 10:00;6.419585714;0;3.73877742
04.07.2021 11:00;2.512328571;0;1.46299986
04.07.2021 12:00;5.567471429;0;5.20177728
04.07.2021 13:00;4.798628571;0;1.13788878
04.07.2021 14:00;4.552128571;0;4.22644404
04.07.2021 15:00;2.3839;0;0.48766662
04.07.2021 16:00;1.597514286;0;4.22644404
04.07.2021 17:00;2.471142857;0;6.82733268
04.07.2021 18:00;8.165671429;0;10.24099902
04.07.2021 19:00;6.335685714;0;2.27577756
04.07.2021 20:00;3.541228571;0;0.97533324
04.07.2021 21:00;3.136542857;0;1.30044432
04.07.2021 22:00;1.851085714;0;0
04.07.2021 23:00;0.924128571;0;0
05.07.2021 00:00;0.575628571;0;0
05.07.2021 01:00;0.663542857;0;0
05.07.2021 02:00;0.580885714;0;0
05.07.2021 03:00;0.579114286;0;0.16255554
05.07.2021 04:00;0.665142857;0;0.32511108
05.07.2021 05:00;1.051728571;0;2.11322202
05.07.2021 06:00;2.225414286;0;4.8766662
05.07.2021 07:00;6.023942857;0;23.08288668
05.07.2021 08:00;9.751071429;0;23.24544222
05.07.2021 09:00;12.87624286;0;7.64011038
05.07.2021 10:00;5.196171429;0;7.80266592
05.07.2021 11:00;4.722214286;0;6.33966606
05.07.2021 12:00;3.552014286;0;5.6894439
05.07.2021 13:00;3.889085714;0;1.46299986
05.07.2021 14:00;7.115942857;0;8.45288808
05.07.2021 15:00;7.664328571;0;3.73877742
05.07.2021 16:00;1.062771429;0;0.8127777
05.07.2021 17:00;1.114042857;0;10.72866564
05.07.2021 18:00;9.4726;0;1.46299986
05.07.2021 19:00;12.40862857;0;0
05.07.2021 20:00;5.278957143;0;1.13788878
05.07.2021 21:00;3.754742857;0;1.78811094
05.07.2021 22:00;1.380014286;0;0
05.07.2021 23:00;0.716971429;0;0
06.07.2021 00:00;0.589742857;0;0
06.07.2021 01:00;0.576142857;0;0
06.07.2021 02:00;0.592385714;0;0
06.07.2021 03:00;0.653542857;0;0
06.07.2021 04:00;0.642628571;0;0.32511108
06.07.2021 05:00;1.175485714;0;5.36433282
06.07.2021 06:00;5.757014286;0;4.8766662
06.07.2021 07:00;3.549542857;0;31.53577476
06.07.2021 08:00;4.087742857;0;6.09583275
06.07.2021 09:00;9.240057143;0;18.6938871
06.07.2021 10:00;6.973028571;0;7.07116599
06.07.2021 11:00;4.8094;0;2.27577756
06.07.2021 12:00;4.790642857;0;2.11322202
06.07.2021 13:00;8.369171429;0;3.08855526
06.07.2021 14:00;7.163042857;0;8.29033254
06.07.2021 15:00;2.691957143;0;0.32511108
06.07.2021 16:00;1.825971429;0;0.32511108
06.07.2021 17:00;1.024;0;0.65022216
06.07.2021 18:00;5.266485714;0;8.37161031
06.07.2021 19:00;9.866585714;0;1.78811094
06.07.2021 20:00;8.698528571;0;0.24383331
06.07.2021 21:00;2.793628571;0;0.8127777
06.07.2021 22:00;1.8794;0;0.48766662
06.07.2021 23:00;1.2846;0;0
07.07.2021 00:00;0.744871429;0;0
07.07.2021 01:00;0.592971429;0;0
07.07.2021 02:00;0.575071429;0;0
07.07.2021 03:00;0.584014286;0;0
07.07.2021 04:00;0.705871429;0;0.32511108
07.07.2021 05:00;1.2492;0;13.97977644
07.07.2021 06:00;4.771342857;0;8.20905477
07.07.2021 07:00;3.458071429;0;13.57338759
07.07.2021 08:00;4.452042857;0;6.42094383
07.07.2021 09:00;1.506985714;0;1.6255554
07.07.2021 10:00;5.346271429;0;3.41366634
07.07.2021 11:00;2.247785714;0;0.32511108
07.07.2021 12:00;5.2343;0;3.2511108
07.07.2021 13:00;6.314242857;0;11.86655442
07.07.2021 14:00;1.845371429;0;0.16255554
07.07.2021 15:00;1.839328571;0;5.03922174
07.07.2021 16:00;0.7741;0;0.48766662
07.07.2021 17:00;1.981057143;0;0.48766662
07.07.2021 18:00;7.739842857;0;5.93327721
07.07.2021 19:00;5.359957143;0;2.4383331
07.07.2021 20:00;3.778471429;0;1.30044432
07.07.2021 21:00;1.863414286;0;0.73149993
07.07.2021 22:00;1.309442857;0;0.48766662
07.07.2021 23:00;1.208742857;0;0
08.07.2021 00:00;0.7103;0;0
08.07.2021 01:00;0.580585714;0;0
08.07.2021 02:00;0.592985714;0;0
08.07.2021 03:00;0.589557143;0;0
08.07.2021 04:00;0.735285714;0;0.32511108
08.07.2021 05:00;0.8211;0;10.5661101
08.07.2021 06:00;2.9768;0;5.20177728
08.07.2021 07:00;2.996757143;0;9.7533324
08.07.2021 08:00;4.259328571;0;6.42094383
08.07.2021 09:00;1.381385714;0;12.67933212
08.07.2021 10:00;1.754442857;0;0.16255554
08.07.2021 11:00;1.409542857;0;0.16255554
08.07.2021 12:00;0.850271429;0;3.57622188
08.07.2021 13:00;2.063614286;0;6.82733268
08.07.2021 14:00;0.913528571;0;8.77799916
08.07.2021 15:00;2.380528571;0;1.95066648
08.07.2021 16:00;0.9074;0;2.27577756
08.07.2021 17:00;3.6768;0;7.64011038
08.07.2021 18:00;11.53761429;0;2.35705533
08.07.2021 19:00;8.128785714;0;1.38172209
08.07.2021 20:00;12.02104286;0;2.11322202
08.07.2021 21:00;4.607257143;0;0.97533324
08.07.2021 22:00;0.832042857;0;0
08.07.2021 23:00;0.838557143;0;0
09.07.2021 00:00;0.913114286;0;0
09.07.2021 01:00;0.916571429;0;0
09.07.2021 02:00;0.700628571;0;0
09.07.2021 03:00;0.604228571;0;0
09.07.2021 04:00;0.634128571;0;0
09.07.2021 05:00;0.746985714;0;2.27577756
09.07.2021 06:00;3.055428571;0;11.3788878
09.07.2021 07:00;3.7848;0;16.09299846
09.07.2021 08:00;4.144428571;0;5.77072167
09.07.2021 09:00;4.961657143;0;1.30044432
09.07.2021 10:00;5.129957143;0;2.4383331
09.07.2021 11:00;1.262771429;0;2.60088864
09.07.2021 12:00;4.381871429;0;2.60088864
09.07.2021 13:00;2.409385714;0;4.38899958
09.07.2021 14:00;0.7469;0;7.80266592
09.07.2021 15:00;2.19;0;6.17711052
09.07.2021 16:00;4.496185714;0;3.57622188
09.07.2021 17:00;4.977157143;0;6.17711052
09.07.2021 18:00;4.983371429;0;5.85199944
09.07.2021 19:00;3.492042857;0;2.76344418
09.07.2021 20:00;3.965414286;0;0
09.07.2021 21:00;2.033814286;0;3.2511108
09.07.2021 22:00;1.312971429;0;0
09.07.2021 23:00;0.865542857;0;0
10.07.2021 00:00;0.593114286;0;0
10.07.2021 01:00;0.5748;0;0
10.07.2021 02:00;0.6029;0;0
10.07.2021 03:00;0.6585;0;0
10.07.2021 04:00;0.618657143;0;0.48766662
10.07.2021 05:00;0.670171429;0;1.78811094
10.07.2021 06:00;2.331728571;0;6.17711052
10.07.2021 07:00;5.044157143;0;13.08572097
10.07.2021 08:00;1.914957143;0;9.91588794
10.07.2021 09:00;3.304614286;0;1.21916655
10.07.2021 10:00;5.074357143;0;2.60088864
10.07.2021 11:00;3.166042857;0;0.65022216
10.07.2021 12:00;3.813285714;0;9.59077686
10.07.2021 13:00;5.315542857;0;2.76344418
10.07.2021 14:00;3.760757143;0;2.4383331
10.07.2021 15:00;4.6402;0;14.14233198
10.07.2021 16:00;5.943342857;0;0.8127777
10.07.2021 17:00;7.378642857;0;3.41366634
10.07.2021 18:00;3.537042857;0;1.05661101
10.07.2021 19:00;5.491885714;0;0.65022216
10.07.2021 20:00;1.146471429;0;0.32511108
10.07.2021 21:00;1.137;0;3.57622188
10.07.2021 22:00;1.138085714;0;0
10.07.2021 23:00;0.939885714;0;0
11.07.2021 00:00;0.6762;0;0
11.07.2021 01:00;0.571757143;0;0
11.07.2021 02:00;0.5747;0;0
11.07.2021 03:00;0.5664;0;0
11.07.2021 04:00;0.665785714;0;0.16255554
11.07.2021 05:00;0.863185714;0;6.01455498
11.07.2021 06:00;3.971885714;0;5.85199944
11.07.2021 07:00;1.737785714;0;14.71127637
11.07.2021 08:00;1.485171429;0;5.44561059
11.07.2021 09:00;6.161728571;0;10.24099902
11.07.2021 10:00;3.969185714;0;4.71411066
11.07.2021 11:00;1.535457143;0;0.32511108
11.07.2021 12:00;1.789585714;0;0.32511108
11.07.2021 13:00;2.922942857;0;2.4383331
11.07.2021 14:00;5.902428571;0;0
11.07.2021 15:00;3.1729;0;2.92599972
11.07.2021 16:00;2.733;0;2.11322202
11.07.2021 17:00;2.271442857;0;0.65022216
11.07.2021 18:00;2.8797;0;0.8127777
11.07.2021 19:00;3.624071429;0;2.76344418
11.07.2021 20:00;6.918885714;0;0.08127777
11.07.2021 21:00;2.863342857;0;2.68216641
11.07.2021 22:00;1.556771429;0;0
11.07.2021 23:00;0.923057143;0;0
12.07.2021 00:00;0.631757143;0;0
12.07.2021 01:00;0.5849;0;0
12.07.2021 02:00;0.573028571;0;0
12.07.2021 03:00;0.661414286;0;0
12.07.2021 04:00;0.730157143;0;0
12.07.2021 05:00;0.818928571;0;4.22644404
12.07.2021 06:00;4.590285714;0;10.48483233
12.07.2021 07:00;3.422728571;0;17.23088724
12.07.2021 08:00;3.009;0;5.03922174
12.07.2021 09:00;5.720271429;0;4.8766662
12.07.2021 10:00;6.235514286;0;2.11322202
12.07.2021 11:00;8.863257143;0;5.6894439
12.07.2021 12:00;2.073742857;0;1.21916655
12.07.2021 13:00;1.704971429;0;2.35705533
12.07.2021 14:00;1.983;0;0.24383331
12.07.2021 15:00;0.866014286;0;0.32511108
12.07.2021 16:00;1.494728571;0;0.48766662
12.07.2021 17:00;1.597385714;0;0.97533324
12.07.2021 18:00;2.728828571;0;0.8127777
12.07.2021 19:00;4.466857143;0;10.89122118
12.07.2021 20:00;3.419728571;0;1.78811094
12.07.2021 21:00;1.535857143;0;2.4383331
12.07.2021 22:00;1.070585714;0;0.97533324
12.07.2021 23:00;0.793371429;0;0
13.07.2021 00:00;0.544985714;0;0
13.07.2021 01:00;0.558485714;0;0
13.07.2021 02:00;0.563914286;0;0
13.07.2021 03:00;0.632057143;0;0
13.07.2021 04:00;0.782314286;0;0
13.07.2021 05:00;0.951885714;0;5.85199944
13.07.2021 06:00;1.954328571;0;1.13788878
13.07.2021 07:00;2.293785714;0;6.74605491
13.07.2021 08:00;2.6377;0;16.58066508
13.07.2021 09:00;3.401857143;0;4.63283289
13.07.2021 10:00;2.867;0;6.17711052
13.07.2021 11:00;3.547514286;0;3.98261073
13.07.2021 12:00;1.866485714;0;3.73877742
13.07.2021 13:00;4.124242857;0;5.85199944
13.07.2021 14:00;7.043657143;0;0.48766662
13.07.2021 15:00;1.2623;0;0.32511108
13.07.2021 16:00;2.060228571;0;0
13.07.2021 17:00;0.779357143;0;0.32511108
13.07.2021 18:00;2.746157143;0;3.08855526
13.07.2021 19:00;3.5351;0;1.13788878
13.07.2021 20:00;1.765471429;0;1.6255554
13.07.2021 21:00;0.936971429;0;7.47755484
13.07.2021 22:00;0.8733;0;0
13.07.2021 23:00;0.714871429;0;0
14.07.2021 00:00;0.604971429;0;0
14.07.2021 01:00;0.580171429;0;0
14.07.2021 02:00;0.572242857;0;0
14.07.2021 03:00;0.631757143;0;0
14.07.2021 04:00;0.783414286;0;0.48766662
14.07.2021 05:00;0.711514286;0;1.95066648
14.07.2021 06:00;1.994771429;0;7.55883261
14.07.2021 07:00;3.468542857;0;11.05377672
14.07.2021 08:00;1.373842857;0;10.5661101
14.07.2021 09:00;3.068914286;0;1.78811094
14.07.2021 10:00;3.859957143;0;4.0638885
14.07.2021 11:00;5.366785714;0;2.27577756
14.07.2021 12:00;3.704328571;0;2.27577756
14.07.2021 13:00;6.647642857;0;0
14.07.2021 14:00;5.305328571;0;2.03194425
14.07.2021 15:00;2.686871429;0;1.30044432
14.07.2021 16:00;1.195157143;0;2.4383331
14.07.2021 17:00;1.968371429;0;1.95066648
14.07.2021 18:00;2.3164;0;0.32511108
14.07.2021 19:00;4.006285714;0;0.8127777
14.07.2021 20:00;1.952457143;0;0.65022216
14.07.2021 21:00;1.152942857;0;2.11322202
14.07.2021 22:00;1.212671429;0;0.8127777
14.07.2021 23:00;1.078171429;0;0
15.07.2021 00:00;0.7603;0;0
15.07.2021 01:00;0.582228571;0;0
15.07.2021 02:00;0.585771429;0;0
15.07.2021 03:00;0.575385714;0;0
15.07.2021 04:00;0.672385714;0;0.32511108
15.07.2021 05:00;0.791628571;0;2.76344418
15.07.2021 06:00;3.161914286;0;10.5661101
15.07.2021 07:00;3.028628571;0;9.02183247
15.07.2021 08:00;3.0436;0;10.5661101
15.07.2021 09:00;5.2524;0;1.30044432
15.07.2021 10:00;1.230728571;0;2.60088864
15.07.2021 11:00;2.020857143;0;4.38899958
15.07.2021 12:00;2.2084;0;2.76344418
15.07.2021 13:00;1.352957143;0;1.13788878
15.07.2021 14:00;5.849985714;0;3.2511108
15.07.2021 15:00;1.156285714;0;0.16255554
15.07.2021 16:00;3.407971429;0;0.48766662
15.07.2021 17:00;4.525428571;0;0.8127777
15.07.2021 18:00;3.835885714;0;2.76344418
15.07.2021 19:00;3.324671429;0;2.4383331
15.07.2021 20:00;2.128271429;0;0.65022216
15.07.2021 21:00;2.1232;0;0.16255554
15.07.2021 22:00;0.876628571;0;3.08855526
15.07.2021 23:00;0.790685714;0;0
16.07.2021 00:00;0.629642857;0;0
16.07.2021 01:00;0.6368;0;0
16.07.2021 02:00;0.5832;0;0
16.07.2021 03:00;0.5728;0;0
16.07.2021 04:00;0.671242857;0;0.32511108
16.07.2021 05:00;1.149;0;6.5022216
16.07.2021 06:00;3.171085714;0;5.60816613
16.07.2021 07:00;3.285957143;0;6.09583275
16.07.2021 08:00;1.763142857;0;2.60088864
16.07.2021 09:00;2.197457143;0;11.3788878
16.07.2021 10:00;4.642857143;0;2.03194425
16.07.2021 11:00;2.690271429;0;0.97533324
16.07.2021 12:00;6.643457143;0;3.2511108
16.07.2021 13:00;2.138685714;0;2.4383331
16.07.2021 14:00;1.469242857;0;0.40638885
16.07.2021 15:00;1.816857143;0;2.51961087
16.07.2021 16:00;1.847757143;0;1.30044432
16.07.2021 17:00;1.1471;0;2.76344418
16.07.2021 18:00;5.445828571;0;0.32511108
16.07.2021 19:00;2.797814286;0;0.8127777
16.07.2021 20:00;5.444128571;0;5.93327721
16.07.2021 21:00;2.877042857;0;1.13788878
16.07.2021 22:00;1.328857143;0;4.8766662
16.07.2021 23:00;0.727257143;0;0
17.07.2021 00:00;0.747028571;0;0.48766662
17.07.2021 01:00;0.805442857;0;0
17.07.2021 02:00;0.999957143;0;0
17.07.2021 03:00;1.320914286;0;0.16255554
17.07.2021 04:00;1.015128571;0;0
17.07.2021 05:00;0.986271429;0;2.27577756
17.07.2021 06:00;3.635142857;0;4.95794397
17.07.2021 07:00;4.6592;0;10.97249895
17.07.2021 08:00;2.026114286;0;3.65749965
17.07.2021 09:00;5.042428571;0;0.65022216
17.07.2021 10:00;1.405571429;0;2.51961087
17.07.2021 11:00;3.089157143;0;3.08855526
17.07.2021 12:00;3.207414286;0;2.92599972
17.07.2021 13:00;0.912428571;0;1.13788878
17.07.2021 14:00;1.257785714;0;2.27577756
17.07.2021 15:00;1.455114286;0;6.17711052
17.07.2021 16:00;4.1856;0;5.52688836
17.07.2021 17:00;3.100728571;0;3.73877742
17.07.2021 18:00;7.832285714;0;1.13788878
17.07.2021 19:00;7.5542;0;1.13788878
17.07.2021 20:00;5.758414286;0;1.30044432
17.07.2021 21:00;5.685742857;0;2.60088864
17.07.2021 22:00;1.606742857;0;0.32511108
17.07.2021 23:00;0.6572;0;0
18.07.2021 00:00;0.581314286;0;0
18.07.2021 01:00;0.585514286;0;0
18.07.2021 02:00;0.652471429;0;0
18.07.2021 03:00;0.656028571;0;0
18.07.2021 04:00;0.726942857;0;0.97533324
18.07.2021 05:00;0.718571429;0;0
18.07.2021 06:00;3.433242857;0;3.2511108
18.07.2021 07:00;1.955928571;0;10.32227679
18.07.2021 08:00;2.917228571;0;7.07116599
18.07.2021 09:00;1.470842857;0;8.29033254
18.07.2021 10:00;2.430728571;0;5.12049951
18.07.2021 11:00;1.350328571;0;0
18.07.2021 12:00;1.0443;0;3.2511108
18.07.2021 13:00;1.966471429;0;3.57622188
18.07.2021 14:00;2.165214286;0;0
18.07.2021 15:00;1.685542857;0;0.65022216
18.07.2021 16:00;2.0324;0;0.48766662
18.07.2021 17:00;1.503528571;0;6.01455498
18.07.2021 18:00;1.975028571;0;0.16255554
18.07.2021 19:00;2.108271429;0;0
18.07.2021 20:00;2.768814286;0;5.20177728
18.07.2021 21:00;2.8853;0;2.60088864
18.07.2021 22:00;0.8576;0;0
18.07.2021 23:00;0.642842857;0;0
19.07.2021 00:00;0.581842857;0;0
19.07.2021 01:00;0.584542857;0;0
19.07.2021 02:00;0.576514286;0;0
19.07.2021 03:00;0.651042857;0;0
19.07.2021 04:00;0.657885714;0;0
19.07.2021 05:00;0.750028571;0;0.97533324
19.07.2021 06:00;4.937814286;0;7.96522146
19.07.2021 07:00;5.970628571;0;12.84188766
19.07.2021 08:00;2.514528571;0;3.49494411
19.07.2021 09:00;4.245385714;0;10.24099902
19.07.2021 10:00;6.933857143;0;4.38899958
19.07.2021 11:00;7.451071429;0;6.33966606
19.07.2021 12:00;5.2987;0;6.33966606
19.07.2021 13:00;2.708028571;0;2.4383331
19.07.2021 14:00;3.481;0;1.13788878
19.07.2021 15:00;1.613514286;0;0
19.07.2021 16:00;2.543742857;0;1.30044432
19.07.2021 17:00;3.6706;0;4.8766662
19.07.2021 18:00;2.899842857;0;6.82733268
19.07.2021 19:00;1.701028571;0;3.08855526
19.07.2021 20:00;8.086457143;0;0.8127777
19.07.2021 21:00;1.846085714;0;2.27577756
19.07.2021 22:00;0.9472;0;1.6255554
19.07.2021 23:00;0.843042857;0;0
20.07.2021 00:00;0.639542857;0;0
20.07.2021 01:00;0.668471429;0;0
20.07.2021 02:00;0.646257143;0;0
20.07.2021 03:00;0.593085714;0;0
20.07.2021 04:00;0.649385714;0;0.32511108
20.07.2021 05:00;0.7747;0;0
20.07.2021 06:00;3.249514286;0;6.42094383
20.07.2021 07:00;3.515885714;0;13.16699874
20.07.2021 08:00;4.479385714;0;13.24827651
20.07.2021 09:00;6.650371429;0;5.44561059
20.07.2021 10:00;3.123471429;0;2.76344418
20.07.2021 11:00;7.678942857;0;3.2511108
20.07.2021 12:00;4.020971429;0;5.52688836
20.07.2021 13:00;2.017242857;0;2.27577756
20.07.2021 14:00;2.643728571;0;1.46299986
20.07.2021 15:00;1.966085714;0;3.08855526
20.07.2021 16:00;1.5864;0;0.65022216
20.07.2021 17:00;1.752842857;0;4.0638885
20.07.2021 18:00;2.174457143;0;4.22644404
20.07.2021 19:00;2.789871429;0;0
20.07.2021 20:00;3.612414286;0;3.2511108
20.07.2021 21:00;3.757757143;0;0.97533324
20.07.2021 22:00;0.888342857;0;0
20.07.2021 23:00;0.651185714;0;0
21.07.2021 00:00;0.574557143;0;0
21.07.2021 01:00;0.568871429;0;0
21.07.2021 02:00;0.562114286;0;0
21.07.2021 03:00;0.628671429;0;0
21.07.2021 04:00;0.770571429;0;0.16255554
21.07.2021 05:00;1.301742857;0;9.91588794
21.07.2021 06:00;3.8108;0;4.14516627
21.07.2021 07:00;1.741928571;0;15.11766522
21.07.2021 08:00;2.3541;0;0.8127777
21.07.2021 09:00;3.9666;0;2.4383331
21.07.2021 10:00;4.515828571;0;4.71411066
21.07.2021 11:00;6.265285714;0;0
21.07.2021 12:00;1.662585714;0;5.85199944
21.07.2021 13:00;1.261185714;0;2.11322202
21.07.2021 14:00;4.208071429;0;1.95066648
21.07.2021 15:00;3.920314286;0;0.8127777
21.07.2021 16:00;1.3935;0;0
21.07.2021 17:00;1.605742857;0;2.92599972
21.07.2021 18:00;2.241957143;0;0.48766662
21.07.2021 19:00;6.5802;0;0.65022216
21.07.2021 20:00;4.973771429;0;1.13788878
21.07.2021 21:00;3.437071429;0;2.11322202
21.07.2021 22:00;1.093614286;0;0
21.07.2021 23:00;0.703357143;0;0
22.07.2021 00:00;0.565857143;0;0
22.07.2021 01:00;0.570614286;0;0
22.07.2021 02:00;0.604957143;0;0
22.07.2021 03:00;0.666957143;0;0
22.07.2021 04:00;0.612971429;0;0.65022216
22.07.2021 05:00;0.748014286;0;0.16255554
22.07.2021 06:00;3.3875;0;8.29033254
22.07.2021 07:00;2.438385714;0;9.26566578
22.07.2021 08:00;3.445714286;0;8.29033254
22.07.2021 09:00;2.841342857;0;4.30772181
22.07.2021 10:00;1.563014286;0;5.36433282
22.07.2021 11:00;1.361628571;0;0.16255554
22.07.2021 12:00;0.8411;0;2.11322202
22.07.2021 13:00;2.630914286;0;3.2511108
22.07.2021 14:00;2.0273;0;5.03922174
22.07.2021 15:00;1.804414286;0;0
22.07.2021 16:00;1.104214286;0;3.41366634
22.07.2021 17:00;4.885128571;0;1.95066648
22.07.2021 18:00;3.145214286;0;0
22.07.2021 19:00;2.134514286;0;1.30044432
22.07.2021 20:00;2.916785714;0;3.2511108
22.07.2021 21:00;2.1319;0;2.60088864
22.07.2021 22:00;0.921357143;0;0
22.07.2021 23:00;0.658028571;0;0
23.07.2021 00:00;0.638014286;0;0
23.07.2021 01:00;0.578457143;0;0
23.07.2021 02:00;0.572557143;0;0
23.07.2021 03:00;0.5673;0;0
23.07.2021 04:00;0.708271429;0;0.32511108
23.07.2021 05:00;0.764828571;0;0.32511108
23.07.2021 06:00;1.338085714;0;4.14516627
23.07.2021 07:00;3.608071429;0;11.05377672
23.07.2021 08:00;2.341942857;0;12.11038773
23.07.2021 09:00;3.405514286;0;3.65749965
23.07.2021 10:00;5.227328571;0;2.27577756
23.07.2021 11:00;5.042328571;0;1.13788878
23.07.2021 12:00;1.297185714;0;0.65022216
23.07.2021 13:00;3.124528571;0;5.85199944
23.07.2021 14:00;5.632371429;0;1.46299986
23.07.2021 15:00;1.852671429;0;3.73877742
23.07.2021 16:00;2.480085714;0;3.90133296
23.07.2021 17:00;2.155928571;0;1.95066648
23.07.2021 18:00;3.500914286;0;0
23.07.2021 19:00;3.705428571;0;0
23.07.2021 20:00;3.911385714;0;2.35705533
23.07.2021 21:00;2.662157143;0;0.32511108
23.07.2021 22:00;1.033671429;0;0.16255554
23.07.2021 23:00;0.741714286;0;0
24.07.2021 00:00;0.580828571;0;0
24.07.2021 01:00;0.618657143;0;0
24.07.2021 02:00;0.616571429;0;0
24.07.2021 03:00;0.588171429;0;0.16255554
24.07.2021 04:00;0.695;0;0.16255554
24.07.2021 05:00;0.7331;0;2.27577756
24.07.2021 06:00;2.901642857;0;4.0638885
24.07.2021 07:00;3.261228571;0;11.54144334
24.07.2021 08:00;3.319671429;0;11.29761003
24.07.2021 09:00;1.732485714;0;7.80266592
24.07.2021 10:00;0.912942857;0;2.4383331
24.07.2021 11:00;3.527742857;0;0.48766662
24.07.2021 12:00;2.095685714;0;2.76344418
24.07.2021 13:00;1.4356;0;1.95066648
24.07.2021 14:00;2.1209;0;1.95066648
24.07.2021 15:00;1.139257143;0;4.22644404
24.07.2021 16:00;1.374685714;0;0.97533324
24.07.2021 17:00;1.016685714;0;0
24.07.2021 18:00;2.708185714;0;2.60088864
24.07.2021 19:00;4.748942857;0;3.57622188
24.07.2021 20:00;3.213471429;0;1.46299986
24.07.2021 21:00;3.686785714;0;0.32511108
24.07.2021 22:00;0.762;0;0
24.07.2021 23:00;0.657128571;0;0
25.07.2021 00:00;0.605228571;0;0
25.07.2021 01:00;0.623342857;0;0
25.07.2021 02:00;0.713757143;0;0.16255554
25.07.2021 03:00;0.652257143;0;0
25.07.2021 04:00;0.841842857;0;0
25.07.2021 05:00;1.693171429;0;9.10311024
25.07.2021 06:00;3.201957143;0;6.42094383
25.07.2021 07:00;2.122457143;0;8.85927693
25.07.2021 08:00;4.249242857;0;2.84472195
25.07.2021 09:00;4.818;0;2.11322202
25.07.2021 10:00;4.645385714;0;2.4383331
25.07.2021 11:00;1.468885714;0;3.08855526
25.07.2021 12:00;9.751728571;0;3.57622188
25.07.2021 13:00;3.289257143;0;2.4383331
25.07.2021 14:00;1.4896;0;3.08855526
25.07.2021 15:00;1.153814286;0;3.2511108
25.07.2021 16:00;0.800442857;0;0.16255554
25.07.2021 17:00;2.720142857;0;1.46299986
25.07.2021 18:00;3.451414286;0;2.4383331
25.07.2021 19:00;4.460857143;0;1.6255554
25.07.2021 20:00;3.137357143;0;0.48766662
25.07.2021 21:00;0.963542857;0;5.36433282
25.07.2021 22:00;1.2861;0;0
25.07.2021 23:00;0.924614286;0;0
26.07.2021 00:00;0.847228571;0;0
26.07.2021 01:00;0.592428571;0;0
26.07.2021 02:00;0.579185714;0;0
26.07.2021 03:00;0.654142857;0;0
26.07.2021 04:00;0.619257143;0;0
26.07.2021 05:00;0.7161;0;0.16255554
26.07.2021 06:00;2.011328571;0;7.15244376
26.07.2021 07:00;1.743614286;0;8.45288808
26.07.2021 08:00;3.765942857;0;2.4383331
26.07.2021 09:00;3.040314286;0;3.82005519
26.07.2021 10:00;4.341271429;0;6.5022216
26.07.2021 11:00;7.264628571;0;3.2511108
26.07.2021 12:00;4.354642857;0;2.76344418
26.07.2021 13:00;1.656028571;0;0.32511108
26.07.2021 14:00;1.064071429;0;1.78811094
26.07.2021 15:00;1.7265;0;2.60088864
26.07.2021 16:00;1.773242857;0;4.0638885
26.07.2021 17:00;2.017328571;0;0.8127777
26.07.2021 18:00;3.725428571;0;3.41366634
26.07.2021 19:00;6.485071429;0;0.32511108
26.07.2021 20:00;4.600142857;0;4.8766662
26.07.2021 21:00;0.896657143;0;6.01455498
26.07.2021 22:00;0.751685714;0;0
26.07.2021 23:00;0.664357143;0;0
27.07.2021 00:00;0.644571429;0;0
27.07.2021 01:00;0.586542857;0;0
27.07.2021 02:00;0.592185714;0;0
27.07.2021 03:00;0.671614286;0;0
27.07.2021 04:00;0.761814286;0;0
27.07.2021 05:00;0.736942857;0;0.16255554
27.07.2021 06:00;1.597414286;0;2.35705533
27.07.2021 07:00;2.8363;0;12.51677658
27.07.2021 08:00;5.086171429;0;6.33966606
27.07.2021 09:00;3.9284;0;3.65749965
27.07.2021 10:00;1.473214286;0;3.65749965
27.07.2021 11:00;2.994557143;0;6.17711052
27.07.2021 12:00;1.882614286;0;1.21916655
27.07.2021 13:00;4.074757143;0;5.03922174
27.07.2021 14:00;2.904314286;0;3.08855526
27.07.2021 15:00;1.276985714;0;0
27.07.2021 16:00;1.672057143;0;0
27.07.2021 17:00;1.445614286;0;0.16255554
27.07.2021 18:00;1.580985714;0;8.61544362
27.07.2021 19:00;1.739742857;0;2.76344418
27.07.2021 20:00;2.418985714;0;0.16255554
27.07.2021 21:00;0.815757143;0;2.60088864
27.07.2021 22:00;0.717485714;0;0.48766662
27.07.2021 23:00;0.648014286;0;0
28.07.2021 00:00;0.582285714;0;0
28.07.2021 01:00;0.572328571;0;0
28.07.2021 02:00;0.637828571;0;0
28.07.2021 03:00;0.602942857;0;0
28.07.2021 04:00;0.706071429;0;0.16255554
28.07.2021 05:00;0.765314286;0;1.95066648
28.07.2021 06:00;1.350042857;0;1.78811094
28.07.2021 07:00;2.242057143;0;5.6894439
28.07.2021 08:00;1.280614286;0;0.97533324
28.07.2021 09:00;1.259228571;0;10.72866564
28.07.2021 10:00;1.936828571;0;10.89122118
28.07.2021 11:00;2.309185714;0;2.92599972
28.07.2021 12:00;2.766028571;0;0
28.07.2021 13:00;1.789914286;0;1.78811094
28.07.2021 14:00;5.452628571;0;1.38172209
28.07.2021 15:00;1.2376;0;1.38172209
28.07.2021 16:00;1.326814286;0;0
28.07.2021 17:00;4.151385714;0;0.65022216
28.07.2021 18:00;1.810014286;0;0.65022216
28.07.2021 19:00;2.278585714;0;4.22644404
28.07.2021 20:00;1.920342857;0;6.01455498
28.07.2021 21:00;1.761971429;0;1.30044432
28.07.2021 22:00;0.870228571;0;0
28.07.2021 23:00;0.608671429;0;0
29.07.2021 00:00;0.649585714;0;0
29.07.2021 01:00;0.597942857;0;0
29.07.2021 02:00;0.580057143;0;0
29.07.2021 03:00;0.641842857;0;0
29.07.2021 04:00;0.876342857;0;0.48766662
29.07.2021 05:00;0.888028571;0;2.4383331
29.07.2021 06:00;2.208157143;0;4.30772181
29.07.2021 07:00;3.840085714;0;5.20177728
29.07.2021 08:00;3.214942857;0;11.46016557
29.07.2021 09:00;2.8422;0;13.65466536
29.07.2021 10:00;3.816342857;0;4.55155512
29.07.2021 11:00;6.2451;0;1.13788878
29.07.2021 12:00;2.8946;0;1.30044432
29.07.2021 13:00;3.076842857;0;1.6255554
29.07.2021 14:00;1.753985714;0;0.16255554
29.07.2021 15:00;1.172228571;0;0
29.07.2021 16:00;1.151414286;0;3.73877742
29.07.2021 17:00;2.128628571;0;2.11322202
29.07.2021 18:00;4.584671429;0;0.48766662
29.07.2021 19:00;2.421357143;0;0.8127777
29.07.2021 20:00;3.551471429;0;2.4383331
29.07.2021 21:00;1.217142857;0;3.73877742
29.07.2021 22:00;1.1555;0;0.32511108
29.07.2021 23:00;0.848928571;0;0
30.07.2021 00:00;0.768428571;0;0
30.07.2021 01:00;0.621114286;0;0
30.07.2021 02:00;1.176614286;0;0.48766662
30.07.2021 03:00;1.031157143;0;0.8127777
30.07.2021 04:00;1.032857143;0;0
30.07.2021 05:00;1.313942857;0;13.08572097
30.07.2021 06:00;6.167171429;0;9.42822132
30.07.2021 07:00;6.430971429;0;26.90294187
30.07.2021 08:00;6.1564;0;6.42094383
30.07.2021 09:00;3.893128571;0;10.15972125
30.07.2021 10:00;1.778814286;0;1.13788878
30.07.2021 11:00;3.8878;0;1.95066648
30.07.2021 12:00;3.888371429;0;0.65022216
30.07.2021 13:00;2.247942857;0;0.8127777
30.07.2021 14:00;1.565742857;0;0.48766662
30.07.2021 15:00;1.770828571;0;1.13788878
30.07.2021 16:00;2.589328571;0;0
30.07.2021 17:00;5.788185714;0;1.13788878
30.07.2021 18:00;6.380671429;0;3.2511108
30.07.2021 19:00;8.118371429;0;2.27577756
30.07.2021 20:00;9.645214286;0;1.86938871
30.07.2021 21:00;3.451671429;0;2.19449979
30.07.2021 22:00;1.265142857;0;0.97533324
30.07.2021 23:00;0.747657143;0;0
31.07.2021 00:00;0.648585714;0;0
31.07.2021 01:00;0.6682;0;0
31.07.2021 02:00;0.6265;0;0.16255554
31.07.2021 03:00;0.760071429;0;0.48766662
31.07.2021 04:00;0.739585714;0;0
31.07.2021 05:00;0.755014286;0;2.27577756
31.07.2021 06:00;3.7157;0;11.78527665
31.07.2021 07:00;6.027814286;0;32.75494131
31.07.2021 08:00;4.076285714;0;8.53416585
31.07.2021 09:00;4.648328571;0;13.65466536
31.07.2021 10:00;2.488114286;0;2.92599972
31.07.2021 11:00;3.720114286;0;0.97533324
31.07.2021 12:00;6.329785714;0;1.13788878
31.07.2021 13:00;3.111442857;0;0
31.07.2021 14:00;1.784714286;0;0.48766662
31.07.2021 15:00;0.849857143;0;0
31.07.2021 16:00;0.767057143;0;2.27577756
31.07.2021 17:00;0.941542857;0;9.10311024
31.07.2021 18:00;9.254714286;0;4.14516627
31.07.2021 19:00;10.55851429;0;4.55155512
31.07.2021 20:00;3.858814286;0;0.08127777
31.07.2021 21:00;2.216728571;0;2.76344418
31.07.2021 22:00;1.217257143;0;0
31.07.2021 23:00;0.917914286;0;0
01.08.2021 00:00;0.647185714;0;0
01.08.2021 01:00;0.5631;0;0
01.08.2021 02:00;0.576928571;0;0
01.08.2021 03:00;0.599985714;0;0
01.08.2021 04:00;0.7536;0;0.48766662
01.08.2021 05:00;0.856142857;0;3.2511108
01.08.2021 06:00;1.688257143;0;5.60816613
01.08.2021 07:00;5.760285714;0;20.80710912
01.08.2021 08:00;2.447185714;0;18.53133156
01.08.2021 09:00;7.1863;0;2.11322202
01.08.2021 10:00;4.378185714;0;5.52688836
01.08.2021 11:00;4.106257143;0;0
01.08.2021 12:00;5.268657143;0;0.08127777
01.08.2021 13:00;4.835671429;0;1.95066648
01.08.2021 14:00;6.441114286;0;0.40638885
01.08.2021 15:00;8.5864;0;9.34694355
01.08.2021 16:00;3.8318;0;2.19449979
01.08.2021 17:00;2.2528;0;7.47755484
01.08.2021 18:00;6.140057143;0;4.22644404
01.08.2021 19:00;9.185242857;0;3.41366634
01.08.2021 20:00;6.646014286;0;0.16255554
01.08.2021 21:00;3.447757143;0;0.32511108
01.08.2021 22:00;1.447314286;0;0
01.08.2021 23:00;0.684;0;0
02.08.2021 00:00;0.594171429;0;0
02.08.2021 01:00;0.672071429;0;0
02.08.2021 02:00;0.587542857;0;0
02.08.2021 03:00;0.572671429;0;0
02.08.2021 04:00;0.607457143;0;0.32511108
02.08.2021 05:00;0.793271429;0;0
02.08.2021 06:00;3.496442857;0;8.04649923
02.08.2021 07:00;3.477;0;14.38616529
02.08.2021 08:00;7.754371429;0;20.80710912
02.08.2021 09:00;6.255742857;0;17.79983163
02.08.2021 10:00;6.867714286;0;0.97533324
02.08.2021 11:00;6.9515;0;6.58349937
02.08.2021 12:00;6.322857143;0;4.0638885
02.08.2021 13:00;6.840614286;0;5.28305505
02.08.2021 14:00;2.524585714;0;2.51961087
02.08.2021 15:00;2.401371429;0;4.0638885
02.08.2021 16:00;1.4533;0;6.82733268
02.08.2021 17:00;1.3096;0;2.11322202
02.08.2021 18:00;3.216557143;0;5.03922174
02.08.2021 19:00;7.286642857;0;4.8766662
02.08.2021 20:00;2.082571429;0;1.13788878
02.08.2021 21:00;2.407585714;0;2.92599972
02.08.2021 22:00;1.469657143;0;0
02.08.2021 23:00;0.780657143;0;0
03.08.2021 00:00;0.573442857;0;0
03.08.2021 01:00;0.592842857;0;0
03.08.2021 02:00;0.648614286;0;0
03.08.2021 03:00;0.6019;0;0.16255554
03.08.2021 04:00;0.663957143;0;0.32511108
03.08.2021 05:00;0.880685714;0;4.38899958
03.08.2021 06:00;2.115385714;0;3.00727749
03.08.2021 07:00;3.893671429;0;20.72583135
03.08.2021 08:00;6.624242857;0;8.69672139
03.08.2021 09:00;6.953728571;0;9.10311024
03.08.2021 10:00;3.941042857;0;5.03922174
03.08.2021 11:00;6.847985714;0;4.47027735
03.08.2021 12:00;3.550614286;0;15.36149853
03.08.2021 13:00;4.743071429;0;11.54144334
03.08.2021 14:00;4.879185714;0;5.03922174
03.08.2021 15:00;4.264357143;0;0.48766662
03.08.2021 16:00;2.129471429;0;0
03.08.2021 17:00;1.208457143;0;1.6255554
03.08.2021 18:00;1.681371429;0;0
03.08.2021 19:00;5.205257143;0;2.76344418
03.08.2021 20:00;3.3323;0;5.85199944
03.08.2021 21:00;1.690314286;0;0
03.08.2021 22:00;1.198385714;0;0
03.08.2021 23:00;0.736542857;0;0
04.08.2021 00:00;0.580871429;0;0
04.08.2021 01:00;0.5744;0;0
04.08.2021 02:00;0.585728571;0;0
04.08.2021 03:00;0.6472;0;0
04.08.2021 04:00;0.6852;0;0.16255554
04.08.2021 05:00;0.744942857;0;5.52688836
04.08.2021 06:00;2.319671429;0;9.02183247
04.08.2021 07:00;5.257585714;0;8.85927693
04.08.2021 08:00;4.8129;0;14.79255414
04.08.2021 09:00;4.197428571;0;1.86938871
04.08.2021 10:00;3.326657143;0;6.5022216
04.08.2021 11:00;3.381785714;0;1.6255554
04.08.2021 12:00;3.865771429;0;9.26566578
04.08.2021 13:00;6.124471429;0;0.32511108
04.08.2021 14:00;2.071657143;0;3.2511108
04.08.2021 15:00;0.946585714;0;0.16255554
04.08.2021 16:00;3.225;0;0.8127777
04.08.2021 17:00;8.1477;0;20.15688696
04.08.2021 18:00;7.192971429;0;3.41366634
04.08.2021 19:00;7.776442857;0;0.48766662
04.08.2021 20:00;5.392385714;0;0.8127777
04.08.2021 21:00;9.864371429;0;0.73149993
04.08.2021 22:00;9.472757143;0;0.24383331
04.08.2021 23:00;0.6963;0;0
05.08.2021 00:00;0.569514286;0;0
05.08.2021 01:00;0.621757143;0;0
05.08.2021 02:00;0.622;0;0
05.08.2021 03:00;0.6023;0;0.32511108
05.08.2021 04:00;0.667657143;0;0
05.08.2021 05:00;1.469328571;0;3.90133296
05.08.2021 06:00;6.796242857;0;15.11766522
05.08.2021 07:00;3.654057143;0;14.22360975
05.08.2021 08:00;4.533357143;0;15.76788738
05.08.2021 09:00;2.851357143;0;2.27577756
05.08.2021 10:00;5.916157143;0;9.34694355
05.08.2021 11:00;3.922528571;0;1.30044432
05.08.2021 12:00;1.362285714;0;2.92599972
05.08.2021 13:00;2.805785714;0;0.32511108
05.08.2021 14:00;2.212228571;0;0.97533324
05.08.2021 15:00;1.480442857;0;2.27577756
05.08.2021 16:00;1.057442857;0;0.32511108
05.08.2021 17:00;0.799128571;0;0.65022216
05.08.2021 18:00;6.622957143;0;7.64011038
05.08.2021 19:00;12.09981429;0;9.10311024
05.08.2021 20:00;5.874271429;0;6.17711052
05.08.2021 21:00;2.6069;0;0
05.08.2021 22:00;1.087842857;0;0
05.08.2021 23:00;0.710171429;0;0
06.08.2021 00:00;0.608314286;0;0.48766662
06.08.2021 01:00;0.6113;0;0
06.08.2021 02:00;0.626028571;0;0
06.08.2021 03:00;0.5849;0;0
06.08.2021 04:00;0.6269;0;0.16255554
06.08.2021 05:00;0.702985714;0;1.6255554
06.08.2021 06:00;2.644471429;0;2.84472195
06.08.2021 07:00;5.772042857;0;15.60533184
06.08.2021 08:00;4.922028571;0;24.22077546
06.08.2021 09:00;4.553257143;0;2.60088864
06.08.2021 10:00;1.708128571;0;0.32511108
06.08.2021 11:00;3.697514286;0;3.08855526
06.08.2021 12:00;5.452371429;0;0.97533324
06.08.2021 13:00;5.274214286;0;0.97533324
06.08.2021 14:00;3.068885714;0;0.32511108
06.08.2021 15:00;2.128457143;0;0.48766662
06.08.2021 16:00;4.496414286;0;0.48766662
06.08.2021 17:00;2.3196;0;4.22644404
06.08.2021 18:00;12.30081429;0;8.61544362
06.08.2021 19:00;7.462842857;0;7.80266592
06.08.2021 20:00;4.433385714;0;2.4383331
06.08.2021 21:00;3.9454;0;0.48766662
06.08.2021 22:00;1.586357143;0;0.97533324
06.08.2021 23:00;0.9445;0;0
07.08.2021 00:00;0.586428571;0;0
07.08.2021 01:00;0.580042857;0;0
07.08.2021 02:00;0.649914286;0;0
07.08.2021 03:00;0.633642857;0;0
07.08.2021 04:00;0.652685714;0;0.48766662
07.08.2021 05:00;1.1164;0;6.33966606
07.08.2021 06:00;4.687242857;0;13.16699874
07.08.2021 07:00;4.641871429;0;17.39344278
07.08.2021 08:00;3.3817;0;9.59077686
07.08.2021 09:00;4.448328571;0;3.73877742
07.08.2021 10:00;2.514257143;0;14.38616529
07.08.2021 11:00;2.2158;0;0.97533324
07.08.2021 12:00;2.219071429;0;0.8127777
07.08.2021 13:00;1.764185714;0;0.32511108
07.08.2021 14:00;1.556671429;0;0
07.08.2021 15:00;0.8261;0;0.97533324
07.08.2021 16:00;1.152014286;0;1.78811094
07.08.2021 17:00;1.732957143;0;3.41366634
07.08.2021 18:00;5.291614286;0;8.29033254
07.08.2021 19:00;13.1492;0;4.63283289
07.08.2021 20:00;7.654714286;0;1.05661101
07.08.2021 21:00;2.124257143;0;1.30044432
07.08.2021 22:00;1.4486;0;0
07.08.2021 23:00;0.7557;0;0
08.08.2021 00:00;0.5606;0;0
08.08.2021 01:00;0.570971429;0;0
08.08.2021 02:00;0.569314286;0;0
08.08.2021 03:00;0.636914286;0;0.32511108
08.08.2021 04:00;0.750285714;0;0.32511108
08.08.2021 05:00;0.808671429;0;4.38899958
08.08.2021 06:00;4.276314286;0;11.3788878
08.08.2021 07:00;3.252842857;0;14.14233198
08.08.2021 08:00;4.427328571;0;16.09299846
08.08.2021 09:00;4.350714286;0;13.08572097
08.08.2021 10:00;4.781114286;0;2.27577756
08.08.2021 11:00;3.393585714;0;0
08.08.2021 12:00;3.063571429;0;1.46299986
08.08.2021 13:00;5.780457143;0;0.16255554
08.08.2021 14:00;3.1982;0;0
08.08.2021 15:00;1.172771429;0;0.89405547
08.08.2021 16:00;0.8807;0;7.15244376
08.08.2021 17:00;3.8246;0;1.70683317
08.08.2021 18:00;6.267585714;0;1.70683317
08.08.2021 19:00;14.15725714;0;5.36433282
08.08.2021 20:00;7.290214286;0;5.36433282
08.08.2021 21:00;3.482671429;0;0.16255554
08.08.2021 22:00;1.299685714;0;0
08.08.2021 23:00;0.920042857;0;0
09.08.2021 00:00;0.872885714;0;0
09.08.2021 01:00;0.586885714;0;0
09.08.2021 02:00;0.610414286;0;0
09.08.2021 03:00;0.575857143;0;0
09.08.2021 04:00;0.610285714;0;0.32511108
09.08.2021 05:00;0.840585714;0;0.32511108
09.08.2021 06:00;2.874942857;0;13.73594313
09.08.2021 07:00;5.691171429;0;25.84633086
09.08.2021 08:00;6.789285714;0;19.26283149
09.08.2021 09:00;5.366085714;0;6.09583275
09.08.2021 10:00;6.357614286;0;4.8766662
09.08.2021 11:00;8.109928571;0;0.65022216
09.08.2021 12:00;3.196314286;0;2.4383331
09.08.2021 13:00;1.557271429;0;1.46299986
09.08.2021 14:00;1.510914286;0;9.7533324
09.08.2021 15:00;0.890457143;0;0
09.08.2021 16:00;1.016385714;0;0.48766662
09.08.2021 17:00;1.101971429;0;0.97533324
09.08.2021 18:00;12.53601429;0;5.28305505
09.08.2021 19:00;12.23928571;0;7.39627707
09.08.2021 20:00;3.787214286;0;9.59077686
09.08.2021 21:00;4.302385714;0;0.48766662
09.08.2021 22:00;1.249885714;0;0
09.08.2021 23:00;0.725914286;0;0
10.08.2021 00:00;0.5718;0;0
10.08.2021 01:00;0.601785714;0;0
10.08.2021 02:00;0.630557143;0;0
10.08.2021 03:00;0.611414286;0;0
10.08.2021 04:00;0.696485714;0;0.32511108
10.08.2021 05:00;0.787014286;0;6.17711052
10.08.2021 06:00;2.468628571;0;8.29033254
10.08.2021 07:00;5.597442857;0;12.02910996
10.08.2021 08:00;6.553571429;0;26.0088864
10.08.2021 09:00;7.392685714;0;4.55155512
10.08.2021 10:00;5.976585714;0;9.83461017
10.08.2021 11:00;10.24515714;0;11.13505449
10.08.2021 12:00;4.66;0;1.86938871
10.08.2021 13:00;4.252557143;0;0
10.08.2021 14:00;9.439357143;0;4.55155512
10.08.2021 15:00;3.377985714;0;0.65022216
10.08.2021 16:00;1.379328571;0;0.8127777
10.08.2021 17:00;0.959471429;0;12.02910996
10.08.2021 18:00;8.095014286;0;2.11322202
10.08.2021 19:00;7.291;0;1.70683317
10.08.2021 20:00;7.715357143;0;3.2511108
10.08.2021 21:00;2.181471429;0;3.90133296
10.08.2021 22:00;1.017642857;0;0
10.08.2021 23:00;0.787485714;0;0
11.08.2021 00:00;0.583814286;0;0
11.08.2021 01:00;0.664528571;0;0
11.08.2021 02:00;0.595614286;0;0
11.08.2021 03:00;0.568857143;0;0
11.08.2021 04:00;0.585642857;0;0
11.08.2021 05:00;0.9896;0;2.92599972
11.08.2021 06:00;3.023142857;0;9.18438801
11.08.2021 07:00;2.813128571;0;9.18438801
11.08.2021 08:00;2.782028571;0;4.0638885
11.08.2021 09:00;3.220228571;0;24.30205323
11.08.2021 10:00;3.8048;0;7.15244376
11.08.2021 11:00;2.233642857;0;2.60088864
11.08.2021 12:00;3.5247;0;0.32511108
11.08.2021 13:00;4.712771429;0;0
11.08.2021 14:00;5.666057143;0;6.98988822
11.08.2021 15:00;3.548442857;0;1.78811094
11.08.2021 16:00;2.817514286;0;0
11.08.2021 17:00;2.539242857;0;1.6255554
11.08.2021 18:00;1.723542857;0;1.30044432
11.08.2021 19:00;3.0471;0;3.57622188
11.08.2021 20:00;1.990528571;0;2.92599972
11.08.2021 21:00;3.938585714;0;6.33966606
11.08.2021 22:00;1.3872;0;0.16255554
11.08.2021 23:00;0.664514286;0;0
12.08.2021 00:00;0.577685714;0;0
12.08.2021 01:00;0.604128571;0;0
12.08.2021 02:00;0.6437;0;0.32511108
12.08.2021 03:00;0.654642857;0;0
12.08.2021 04:00;0.694971429;0;0
12.08.2021 05:00;0.710071429;0;6.82733268
12.08.2021 06:00;2.783842857;0;9.18438801
12.08.2021 07:00;5.013471429;0;9.42822132
12.08.2021 08:00;2.477142857;0;13.08572097
12.08.2021 09:00;3.5406;0;20.07560919
12.08.2021 10:00;0.877342857;0;3.00727749
12.08.2021 11:00;1.910942857;0;4.8766662
12.08.2021 12:00;3.4962;0;6.98988822
12.08.2021 13:00;1.308842857;0;1.13788878
12.08.2021 14:00;2.473171429;0;1.21916655
12.08.2021 15:00;3.992428571;0;1.21916655
12.08.2021 16:00;4.101071429;0;2.27577756
12.08.2021 17:00;5.402428571;0;3.57622188
12.08.2021 18:00;8.135071429;0;3.41366634
12.08.2021 19:00;10.40762857;0;0.65022216
12.08.2021 20:00;5.685671429;0;2.76344418
12.08.2021 21:00;2.279714286;0;0.16255554
12.08.2021 22:00;1.287814286;0;0
12.08.2021 23:00;0.7242;0;0
13.08.2021 00:00;0.598685714;0;0
13.08.2021 01:00;0.569371429;0;0
13.08.2021 02:00;0.5655;0;0
13.08.2021 03:00;0.600985714;0;0
13.08.2021 04:00;0.7404;0;0.48766662
13.08.2021 05:00;0.721485714;0;3.41366634
13.08.2021 06:00;1.908742857;0;3.98261073
13.08.2021 07:00;5.136728571;0;21.86372013
13.08.2021 08:00;4.499014286;0;25.43994201
13.08.2021 09:00;4.100814286;0;5.93327721
13.08.2021 10:00;6.001671429;0;5.20177728
13.08.2021 11:00;5.2073;0;0
13.08.2021 12:00;1.771857143;0;0.97533324
13.08.2021 13:00;3.9336;0;2.68216641
13.08.2021 14:00;2.502128571;0;0.40638885
13.08.2021 15:00;2.223971429;0;0.48766662
13.08.2021 16:00;1.268514286;0;0.40638885
13.08.2021 17:00;1.947857143;0;7.80266592
13.08.2021 18:00;4.967114286;0;6.5022216
13.08.2021 19:00;12.08411429;0;3.41366634
13.08.2021 20:00;5.106342857;0;0.32511108
13.08.2021 21:00;2.957157143;0;4.0638885
13.08.2021 22:00;1.896028571;0;0
13.08.2021 23:00;1.182871429;0;0
14.08.2021 00:00;0.8094;0;0
14.08.2021 01:00;0.586842857;0;0
14.08.2021 02:00;0.565771429;0;0
14.08.2021 03:00;0.557771429;0;0
14.08.2021 04:00;0.634257143;0;0.16255554
14.08.2021 05:00;0.808871429;0;4.8766662
14.08.2021 06:00;4.907785714;0;16.41810954
14.08.2021 07:00;2.778714286;0;19.99433142
14.08.2021 08:00;5.0872;0;9.67205463
14.08.2021 09:00;2.334285714;0;11.21633226
14.08.2021 10:00;8.416871429;0;2.76344418
14.08.2021 11:00;2.875471429;0;1.30044432
14.08.2021 12:00;1.089085714;0;0
14.08.2021 13:00;1.625571429;0;1.6255554
14.08.2021 14:00;2.159371429;0;0.97533324
14.08.2021 15:00;1.205985714;0;0.97533324
14.08.2021 16:00;1.205042857;0;0.65022216
14.08.2021 17:00;4.741028571;0;5.6894439
14.08.2021 18:00;7.759828571;0;3.90133296
14.08.2021 19:00;7.637771429;0;5.20177728
14.08.2021 20:00;4.118285714;0;1.54427763
14.08.2021 21:00;2.458228571;0;3.73877742
14.08.2021 22:00;1.100414286;0;0.16255554
14.08.2021 23:00;0.6406;0;0
15.08.2021 00:00;0.582242857;0;0
15.08.2021 01:00;0.582057143;0;0
15.08.2021 02:00;0.659414286;0;0
15.08.2021 03:00;0.597285714;0;0
15.08.2021 04:00;0.650942857;0;0.32511108
15.08.2021 05:00;1.034585714;0;3.41366634
15.08.2021 06:00;4.297442857;0;3.82005519
15.08.2021 07:00;4.404642857;0;20.40072027
15.08.2021 08:00;5.320371429;0;13.49210982
15.08.2021 09:00;3.983528571;0;4.22644404
15.08.2021 10:00;2.832914286;0;4.8766662
15.08.2021 11:00;3.2578;0;0.48766662
15.08.2021 12:00;1.826514286;0;0.48766662
15.08.2021 13:00;2.241142857;0;0
15.08.2021 14:00;3.128357143;0;0.16255554
15.08.2021 15:00;5.199857143;0;0.32511108
15.08.2021 16:00;5.251142857;0;5.03922174
15.08.2021 17:00;3.356857143;0;3.73877742
15.08.2021 18:00;7.1841;0;15.11766522
15.08.2021 19:00;11.06387143;0;4.47027735
15.08.2021 20:00;5.989185714;0;0.56894439
15.08.2021 21:00;3.709485714;0;1.38172209
15.08.2021 22:00;1.690171429;0;0
15.08.2021 23:00;0.993828571;0;0
16.08.2021 00:00;0.577014286;0;0
16.08.2021 01:00;0.587942857;0;0
16.08.2021 02:00;0.583957143;0;0.32511108
16.08.2021 03:00;0.7271;0;0
16.08.2021 04:00;0.916857143;0;0
16.08.2021 05:00;0.734685714;0;5.20177728
16.08.2021 06:00;2.519971429;0;10.07844348
16.08.2021 07:00;4.881742857;0;12.27294327
16.08.2021 08:00;10.10044286;0;27.22805295
16.08.2021 09:00;8.103557143;0;4.55155512
16.08.2021 10:00;7.604842857;0;6.90861045
16.08.2021 11:00;6.983242857;0;1.13788878
16.08.2021 12:00;2.946585714;0;1.46299986
16.08.2021 13:00;1.863471429;0;0
16.08.2021 14:00;4.622042857;0;2.27577756
16.08.2021 15:00;1.998057143;0;1.46299986
16.08.2021 16:00;2.285857143;0;9.26566578
16.08.2021 17:00;2.096228571;0;8.61544362
16.08.2021 18:00;1.511657143;0;0
16.08.2021 19:00;7.551571429;0;4.71411066
16.08.2021 20:00;1.720957143;0;5.20177728
16.08.2021 21:00;1.989185714;0;5.20177728
16.08.2021 22:00;1.3403;0;0
16.08.2021 23:00;0.909657143;0;0
17.08.2021 00:00;0.573371429;0;0
17.08.2021 01:00;0.613228571;0;0
17.08.2021 02:00;0.603428571;0;0
17.08.2021 03:00;0.574542857;0;0
17.08.2021 04:00;0.652842857;0;0
17.08.2021 05:00;0.846885714;0;7.47755484
17.08.2021 06:00;6.075514286;0;6.01455498
17.08.2021 07:00;4.970942857;0;23.48927553
17.08.2021 08:00;5.3992;0;13.89849867
17.08.2021 09:00;5.980342857;0;7.39627707
17.08.2021 10:00;10.43782857;0;7.72138815
17.08.2021 11:00;8.458457143;0;1.13788878
17.08.2021 12:00;2.5784;0;0
17.08.2021 13:00;1.126685714;0;11.86655442
17.08.2021 14:00;3.6999;0;7.80266592
17.08.2021 15:00;4.730157143;0;0.16255554
17.08.2021 16:00;2.454714286;0;3.90133296
17.08.2021 17:00;6.188814286;0;1.13788878
17.08.2021 18:00;13.0422;0;2.03194425
17.08.2021 19:00;13.88937143;0;2.03194425
17.08.2021 20:00;6.9901;0;7.3149993
17.08.2021 21:00;2.081842857;0;0.32511108
17.08.2021 22:00;2.327214286;0;0
17.08.2021 23:00;0.923042857;0;0
18.08.2021 00:00;0.587214286;0;0
18.08.2021 01:00;0.575728571;0;0
18.08.2021 02:00;0.645257143;0;0
18.08.2021 03:00;0.596914286;0;0
18.08.2021 04:00;0.631828571;0;0.48766662
18.08.2021 05:00;1.072157143;0;4.38899958
18.08.2021 06:00;1.939528571;0;5.36433282
18.08.2021 07:00;4.019728571;0;17.79983163
18.08.2021 08:00;3.977985714;0;15.03638745
18.08.2021 09:00;2.4796;0;14.30488752
18.08.2021 10:00;5.077114286;0;5.52688836
18.08.2021 11:00;3.659985714;0;0.48766662
18.08.2021 12:00;1.618785714;0;0.16255554
18.08.2021 13:00;2.725371429;0;0
18.08.2021 14:00;1.573571429;0;1.13788878
18.08.2021 15:00;0.973185714;0;0.16255554
18.08.2021 16:00;1.341385714;0;0.32511108
18.08.2021 17:00;7.227871429;0;4.22644404
18.08.2021 18:00;11.41982857;0;9.10311024
18.08.2021 19:00;3.954942857;0;7.64011038
18.08.2021 20:00;1.698071429;0;1.95066648
18.08.2021 21:00;1.425528571;0;1.78811094
18.08.2021 22:00;1.547242857;0;0
18.08.2021 23:00;0.917857143;0;0
19.08.2021 00:00;0.588871429;0;0
19.08.2021 01:00;0.597357143;0;0
19.08.2021 02:00;0.581;0;0
19.08.2021 03:00;0.6479;0;0
19.08.2021 04:00;0.602471429;0;0.32511108
19.08.2021 05:00;0.984742857;0;2.27577756
19.08.2021 06:00;2.403471429;0;5.77072167
19.08.2021 07:00;6.318228571;0;16.17427623
19.08.2021 08:00;4.376085714;0;15.68660961
19.08.2021 09:00;4.589714286;0;4.55155512
19.08.2021 10:00;4.231785714;0;10.24099902
19.08.2021 11:00;3.246414286;0;3.2511108
19.08.2021 12:00;1.154485714;0;0.48766662
19.08.2021 13:00;2.596;0;0.97533324
19.08.2021 14:00;6.856985714;0;0
19.08.2021 15:00;1.190914286;0;0.65022216
19.08.2021 16:00;2.032585714;0;1.13788878
19.08.2021 17:00;2.968657143;0;6.5022216
19.08.2021 18:00;7.252742857;0;9.10311024
19.08.2021 19:00;6.835628571;0;6.09583275
19.08.2021 20:00;6.632485714;0;4.95794397
19.08.2021 21:00;7.678757143;0;0.32511108
19.08.2021 22:00;3.857414286;0;0.16255554
19.08.2021 23:00;0.807871429;0;0
20.08.2021 00:00;0.824857143;0;0.48766662
20.08.2021 01:00;0.885142857;0;0
20.08.2021 02:00;0.847071429;0;0
20.08.2021 03:00;0.577828571;0;0
20.08.2021 04:00;0.578271429;0;0
20.08.2021 05:00;1.0011;0;10.07844348
20.08.2021 06:00;1.767657143;0;3.98261073
20.08.2021 07:00;5.570714286;0;13.89849867
20.08.2021 08:00;3.649314286;0;12.67933212
20.08.2021 09:00;5.1929;0;8.45288808
20.08.2021 10:00;3.7071;0;4.63283289
20.08.2021 11:00;2.352971429;0;1.78811094
20.08.2021 12:00;4.041728571;0;3.08855526
20.08.2021 13:00;5.021085714;0;0
20.08.2021 14:00;5.177228571;0;1.78811094
20.08.2021 15:00;2.510357143;0;0.8127777
20.08.2021 16:00;0.854928571;0;0.97533324
20.08.2021 17:00;1.965785714;0;2.60088864
20.08.2021 18:00;4.071571429;0;10.89122118
20.08.2021 19:00;3.816885714;0;4.8766662
20.08.2021 20:00;4.465657143;0;3.57622188
20.08.2021 21:00;1.9588;0;0.48766662
20.08.2021 22:00;1.453742857;0;0
20.08.2021 23:00;0.732971429;0;0.32511108
21.08.2021 00:00;0.565428571;0;0
21.08.2021 01:00;0.568742857;0;0
21.08.2021 02:00;0.6626;0;0
21.08.2021 03:00;0.611085714;0;0
21.08.2021 04:00;0.6924;0;0
21.08.2021 05:00;1.1271;0;4.71411066
21.08.2021 06:00;1.283014286;0;7.96522146
21.08.2021 07:00;5.121857143;0;21.1322202
21.08.2021 08:00;5.015571429;0;20.64455358
21.08.2021 09:00;4.007285714;0;4.79538843
21.08.2021 10:00;3.612114286;0;0.16255554
21.08.2021 11:00;2.916671429;0;2.60088864
21.08.2021 12:00;4.398685714;0;0
21.08.2021 13:00;2.892771429;0;0.97533324
21.08.2021 14:00;1.230771429;0;1.95066648
21.08.2021 15:00;0.989342857;0;1.95066648
21.08.2021 16:00;1.010828571;0;1.6255554
21.08.2021 17:00;1.732414286;0;1.78811094
21.08.2021 18:00;4.489342857;0;1.13788878
21.08.2021 19:00;6.857928571;0;2.76344418
21.08.2021 20:00;2.544942857;0;10.5661101
21.08.2021 21:00;1.481485714;0;1.78811094
21.08.2021 22:00;2.953571429;0;0.8127777
21.08.2021 23:00;1.475614286;0;0
22.08.2021 00:00;0.584085714;0;0
22.08.2021 01:00;0.575328571;0;0
22.08.2021 02:00;0.589657143;0;0
22.08.2021 03:00;0.661085714;0;0.16255554
22.08.2021 04:00;0.840171429;0;0.32511108
22.08.2021 05:00;0.848942857;0;6.17711052
22.08.2021 06:00;3.190642857;0;3.2511108
22.08.2021 07:00;5.4765;0;13.97977644
22.08.2021 08:00;2.388185714;0;26.33399748
22.08.2021 09:00;5.3892;0;5.36433282
22.08.2021 10:00;3.121971429;0;2.27577756
22.08.2021 11:00;2.437714286;0;1.46299986
22.08.2021 12:00;2.591871429;0;0.32511108
22.08.2021 13:00;1.112342857;0;0.65022216
22.08.2021 14:00;2.684514286;0;0.65022216
22.08.2021 15:00;2.938414286;0;1.13788878
22.08.2021 16:00;1.350485714;0;0.32511108
22.08.2021 17:00;2.636557143;0;2.4383331
22.08.2021 18:00;9.620771429;0;10.72866564
22.08.2021 19:00;5.976;0;0.48766662
22.08.2021 20:00;3.330171429;0;6.01455498
22.08.2021 21:00;2.372914286;0;5.20177728
22.08.2021 22:00;2.539271429;0;0
22.08.2021 23:00;1.091;0;0
23.08.2021 00:00;0.584385714;0;0
23.08.2021 01:00;0.573985714;0;0
23.08.2021 02:00;0.566542857;0;0
23.08.2021 03:00;0.607971429;0;0
23.08.2021 04:00;0.647542857;0;0
23.08.2021 05:00;0.710142857;0;6.33966606
23.08.2021 06:00;3.181714286;0;7.07116599
23.08.2021 07:00;5.478271429;0;15.28022076
23.08.2021 08:00;0.972157143;0;12.1916655
23.08.2021 09:00;14.0046;0;14.6299986
23.08.2021 10:00;9.635485714;0;3.2511108
23.08.2021 11:00;10.85994286;0;3.49494411
23.08.2021 12:00;4.654171429;0;3.2511108
23.08.2021 13:00;4.624471429;0;0.40638885
23.08.2021 14:00;5.344385714;0;1.6255554
23.08.2021 15:00;3.397171429;0;0
23.08.2021 16:00;2.152157143;0;9.59077686
23.08.2021 17:00;1.019542857;0;2.4383331
23.08.2021 18:00;2.703485714;0;11.54144334
23.08.2021 19:00;4.6128;0;0.32511108
23.08.2021 20:00;6.103371429;0;7.96522146
23.08.2021 21:00;6.532271429;0;1.46299986
23.08.2021 22:00;1.0002;0;0
23.08.2021 23:00;0.775114286;0;0
24.08.2021 00:00;0.626728571;0;0
24.08.2021 01:00;0.632057143;0;0
24.08.2021 02:00;0.583871429;0;0
24.08.2021 03:00;0.576628571;0;0
24.08.2021 04:00;0.617957143;0;0.16255554
24.08.2021 05:00;0.705442857;0;5.12049951
24.08.2021 06:00;4.261471429;0;4.95794397
24.08.2021 07:00;3.758171429;0;13.89849867
24.08.2021 08:00;11.37845714;0;23.24544222
24.08.2021 09:00;7.0678;0;10.24099902
24.08.2021 10:00;6.033814286;0;8.53416585
24.08.2021 11:00;8.186542857;0;1.78811094
24.08.2021 12:00;2.534328571;0;0.48766662
24.08.2021 13:00;2.930971429;0;2.84472195
24.08.2021 14:00;3.651642857;0;6.90861045
24.08.2021 15:00;3.424457143;0;2.76344418
24.08.2021 16:00;4.252142857;0;0.97533324
24.08.2021 17:00;3.072285714;0;1.95066648
24.08.2021 18:00;3.027242857;0;11.3788878
24.08.2021 19:00;2.886628571;0;1.95066648
24.08.2021 20:00;4.683728571;0;2.60088864
24.08.2021 21:00;2.973171429;0;3.08855526
24.08.2021 22:00;1.2613;0;0
24.08.2021 23:00;1.066828571;0;0
25.08.2021 00:00;0.999671429;0;0
25.08.2021 01:00;0.665142857;0;0
25.08.2021 02:00;0.567385714;0;0
25.08.2021 03:00;0.571157143;0;0
25.08.2021 04:00;0.622114286;0;0
25.08.2021 05:00;1.089042857;0;2.27577756
25.08.2021 06:00;3.717414286;0;9.18438801
25.08.2021 07:00;2.918585714;0;21.70116459
25.08.2021 08:00;3.459771429;0;2.76344418
25.08.2021 09:00;7.623314286;0;12.11038773
25.08.2021 10:00;7.546242857;0;2.11322202
25.08.2021 11:00;1.637114286;0;0.48766662
25.08.2021 12:00;11.60365714;0;0.48766662
25.08.2021 13:00;2.978385714;0;0.97533324
25.08.2021 14:00;1.149814286;0;2.27577756
25.08.2021 15:00;4.3351;0;2.27577756
25.08.2021 16:00;3.968771429;0;0.97533324
25.08.2021 17:00;0.882642857;0;0.16255554
25.08.2021 18:00;7.6371;0;12.35422104
25.08.2021 19:00;6.436;0;8.45288808
25.08.2021 20:00;4.2733;0;6.01455498
25.08.2021 21:00;9.664242857;0;0.56894439
25.08.2021 22:00;11.22552857;0;0.24383331
25.08.2021 23:00;0.730442857;0;0
26.08.2021 00:00;0.580428571;0;0
26.08.2021 01:00;0.600528571;0;0
26.08.2021 02:00;0.642885714;0;0
26.08.2021 03:00;0.579485714;0;0.32511108
26.08.2021 04:00;0.709985714;0;0.16255554
26.08.2021 05:00;0.759157143;0;2.92599972
26.08.2021 06:00;1.352085714;0;3.65749965
26.08.2021 07:00;5.293785714;0;12.51677658
26.08.2021 08:00;3.294014286;0;21.29477574
26.08.2021 09:00;3.5327;0;1.95066648
26.08.2021 10:00;2.5456;0;5.6894439
26.08.2021 11:00;3.261457143;0;1.30044432
26.08.2021 12:00;2.927542857;0;1.95066648
26.08.2021 13:00;1.717714286;0;0.65022216
26.08.2021 14:00;1.383928571;0;1.78811094
26.08.2021 15:00;1.197171429;0;0.32511108
26.08.2021 16:00;3.9592;0;6.98988822
26.08.2021 17:00;4.9153;0;9.10311024
26.08.2021 18:00;7.282;0;0.8127777
26.08.2021 19:00;8.203042857;0;2.11322202
26.08.2021 20:00;6.561985714;0;0.16255554
26.08.2021 21:00;3.456628571;0;12.1916655
26.08.2021 22:00;3.155185714;0;0
26.08.2021 23:00;0.682371429;0;0
27.08.2021 00:00;0.601028571;0;0
27.08.2021 01:00;0.560328571;0;0
27.08.2021 02:00;0.582671429;0;0
27.08.2021 03:00;0.684371429;0;0
27.08.2021 04:00;0.666771429;0;0.48766662
27.08.2021 05:00;0.744128571;0;2.92599972
27.08.2021 06:00;3.015642857;0;6.82733268
27.08.2021 07:00;4.080442857;0;15.4427763
27.08.2021 08:00;3.9498;0;3.90133296
27.08.2021 09:00;3.9647;0;18.77516487
27.08.2021 10:00;3.1751;0;5.52688836
27.08.2021 11:00;3.071357143;0;0.48766662
27.08.2021 12:00;4.602328571;0;1.13788878
27.08.2021 13:00;3.764714286;0;2.11322202
27.08.2021 14:00;3.070285714;0;0.16255554
27.08.2021 15:00;0.823357143;0;2.60088864
27.08.2021 16:00;2.055042857;0;0
27.08.2021 17:00;4.520042857;0;4.8766662
27.08.2021 18:00;3.033728571;0;5.52688836
27.08.2021 19:00;6.515728571;0;6.82733268
27.08.2021 20:00;3.073828571;0;0
27.08.2021 21:00;2.765228571;0;3.2511108
27.08.2021 22:00;1.4811;0;1.13788878
27.08.2021 23:00;0.644642857;0;0
28.08.2021 00:00;0.582885714;0;0
28.08.2021 01:00;0.564714286;0;0
28.08.2021 02:00;0.6859;0;0
28.08.2021 03:00;0.605157143;0;0
28.08.2021 04:00;0.618371429;0;0.16255554
28.08.2021 05:00;0.738671429;0;2.60088864
28.08.2021 06:00;4.992514286;0;24.62716431
28.08.2021 07:00;2.8398;0;12.59805435
28.08.2021 08:00;2.381657143;0;3.73877742
28.08.2021 09:00;3.205185714;0;4.8766662
28.08.2021 10:00;3.820314286;0;14.46744306
28.08.2021 11:00;2.715685714;0;0.32511108
28.08.2021 12:00;2.068;0;3.08855526
28.08.2021 13:00;4.269771429;0;1.78811094
28.08.2021 14:00;10.494;0;1.13788878
28.08.2021 15:00;2.5483;0;0.32511108
28.08.2021 16:00;2.829842857;0;0
28.08.2021 17:00;3.7827;0;6.17711052
28.08.2021 18:00;10.74184286;0;13.16699874
28.08.2021 19:00;9.273585714;0;0.48766662
28.08.2021 20:00;3.741814286;0;1.13788878
28.08.2021 21:00;2.433585714;0;0.48766662
28.08.2021 22:00;0.860642857;0;0.97533324
28.08.2021 23:00;0.702571429;0;0
29.08.2021 00:00;0.602028571;0;0
29.08.2021 01:00;0.564742857;0;0
29.08.2021 02:00;0.583142857;0;0
29.08.2021 03:00;0.563871429;0;0
29.08.2021 04:00;0.778571429;0;0.32511108
29.08.2021 05:00;1.075857143;0;4.0638885
29.08.2021 06:00;3.570757143;0;10.24099902
29.08.2021 07:00;3.9072;0;20.80710912
29.08.2021 08:00;2.405828571;0;10.72866564
29.08.2021 09:00;3.0157;0;5.12049951
29.08.2021 10:00;6.219285714;0;11.94783219
29.08.2021 11:00;3.623685714;0;0
29.08.2021 12:00;3.754042857;0;1.13788878
29.08.2021 13:00;2.874557143;0;0.8127777
29.08.2021 14:00;3.264942857;0;0.32511108
29.08.2021 15:00;2.095728571;0;1.6255554
29.08.2021 16:00;7.0761;0;6.33966606
29.08.2021 17:00;6.344485714;0;5.20177728
29.08.2021 18:00;6.371114286;0;0.48766662
29.08.2021 19:00;14.37985714;0;3.16983303
29.08.2021 20:00;6.475771429;0;3.16983303
29.08.2021 21:00;1.712014286;0;1.30044432
29.08.2021 22:00;1.2995;0;0.32511108
29.08.2021 23:00;0.704;0;0
30.08.2021 00:00;0.657142857;0;0
30.08.2021 01:00;0.581957143;0;0
30.08.2021 02:00;0.584657143;0;0
30.08.2021 03:00;0.5967;0;0
30.08.2021 04:00;0.701971429;0;0.48766662
30.08.2021 05:00;0.850314286;0;0.48766662
30.08.2021 06:00;2.198814286;0;9.26566578
30.08.2021 07:00;4.149414286;0;11.86655442
30.08.2021 08:00;5.977885714;0;11.29761003
30.08.2021 09:00;10.09181429;0;4.8766662
30.08.2021 10:00;7.418428571;0;6.98988822
30.08.2021 11:00;5.303871429;0;12.67933212
30.08.2021 12:00;3.938314286;0;3.73877742
30.08.2021 13:00;2.620714286;0;2.27577756
30.08.2021 14:00;2.537714286;0;0.89405547
30.08.2021 15:00;4.665528571;0;8.45288808
30.08.2021 16:00;1.465842857;0;2.60088864
30.08.2021 17:00;1.206928571;0;3.08855526
30.08.2021 18:00;5.764814286;0;4.8766662
30.08.2021 19:00;4.560542857;0;0.32511108
30.08.2021 20:00;5.570314286;0;7.64011038
30.08.2021 21:00;6.662485714;0;0.32511108
30.08.2021 22:00;1.429614286;0;0
30.08.2021 23:00;0.861242857;0;0
31.08.2021 00:00;0.637185714;0;0
31.08.2021 01:00;0.629285714;0;0
31.08.2021 02:00;0.624485714;0;0
31.08.2021 03:00;0.704871429;0;0
31.08.2021 04:00;0.698142857;0;0
31.08.2021 05:00;0.994842857;0;1.95066648
31.08.2021 06:00;2.179428571;0;9.50949909
31.08.2021 07:00;5.727314286;0;18.53133156
31.08.2021 08:00;7.003685714;0;19.01899818
31.08.2021 09:00;7.995928571;0;4.79538843
31.08.2021 10:00;4.339428571;0;3.82005519
31.08.2021 11:00;12.04107143;0;4.0638885
31.08.2021 12:00;6.975128571;0;0.89405547
31.08.2021 13:00;4.998614286;0;10.24099902
31.08.2021 14:00;2.616371429;0;7.15244376
31.08.2021 15:00;2.442471429;0;3.90133296
31.08.2021 16:00;0.968257143;0;0
31.08.2021 17:00;1.116857143;0;0.97533324
31.08.2021 18:00;2.528385714;0;6.17711052
31.08.2021 19:00;3.009185714;0;1.13788878
31.08.2021 20:00;3.4095;0;1.78811094
31.08.2021 21:00;1.842585714;0;6.66477714
31.08.2021 22:00;2.164357143;0;0.16255554
31.08.2021 23:00;1.336457143;0;0
01.09.2021 00:00;0.591714286;0;0
01.09.2021 01:00;0.561142857;0;0
01.09.2021 02:00;0.576314286;0;0
01.09.2021 03:00;0.587242857;0;0
01.09.2021 04:00;0.682471429;0;0
01.09.2021 05:00;0.703514286;0;4.8766662
01.09.2021 06:00;4.300571429;0;11.70399888
01.09.2021 07:00;1.7736;0;5.44561059
01.09.2021 08:00;1.659242857;0;7.64011038
01.09.2021 09:00;3.322442857;0;7.39627707
01.09.2021 10:00;2.597971429;0;6.82733268
01.09.2021 11:00;2.313557143;0;0.32511108
01.09.2021 12:00;2.961542857;0;0.32511108
01.09.2021 13:00;1.176942857;0;0.16255554
01.09.2021 14:00;1.596557143;0;0.97533324
01.09.2021 15:00;1.0659;0;0
01.09.2021 16:00;1.046571429;0;0.16255554
01.09.2021 17:00;1.826771429;0;3.08855526
01.09.2021 18:00;5.412;0;6.98988822
01.09.2021 19:00;4.658514286;0;3.41366634
01.09.2021 20:00;2.637771429;0;2.92599972
01.09.2021 21:00;2.021;0;0.16255554
01.09.2021 22:00;0.924514286;0;0
01.09.2021 23:00;0.6974;0;0
02.09.2021 00:00;0.635185714;0;0
02.09.2021 01:00;0.601857143;0;0
02.09.2021 02:00;0.566928571;0;0
02.09.2021 03:00;0.577742857;0;0
02.09.2021 04:00;0.650528571;0;0
02.09.2021 05:00;1.119514286;0;2.60088864
02.09.2021 06:00;3.966871429;0;8.29033254
02.09.2021 07:00;2.705542857;0;14.6299986
02.09.2021 08:00;3.7662;0;8.20905477
02.09.2021 09:00;1.494457143;0;1.6255554
02.09.2021 10:00;1.2633;0;4.55155512
02.09.2021 11:00;3.8823;0;2.03194425
02.09.2021 12:00;4.360685714;0;0
02.09.2021 13:00;0.838857143;0;0.40638885
02.09.2021 14:00;0.748414286;0;0
02.09.2021 15:00;0.914;0;0.65022216
02.09.2021 16:00;0.993842857;0;0
02.09.2021 17:00;2.633014286;0;16.58066508
02.09.2021 18:00;5.739885714;0;2.27577756
02.09.2021 19:00;8.046671429;0;1.6255554
02.09.2021 20:00;4.983557143;0;1.13788878
02.09.2021 21:00;1.828328571;0;0.97533324
02.09.2021 22:00;1.129385714;0;1.6255554
02.09.2021 23:00;0.7752;0;0
03.09.2021 00:00;0.585257143;0;0
03.09.2021 01:00;0.567971429;0;0
03.09.2021 02:00;0.633714286;0;0
03.09.2021 03:00;0.589271429;0;0
03.09.2021 04:00;0.582;0;0.65022216
03.09.2021 05:00;0.691042857;0;5.03922174
03.09.2021 06:00;3.163128571;0;4.71411066
03.09.2021 07:00;2.889971429;0;16.33683177
03.09.2021 08:00;5.3755;0;2.11322202
03.09.2021 09:00;1.959828571;0;3.16983303
03.09.2021 10:00;2.278642857;0;3.73877742
03.09.2021 11:00;2.902828571;0;0.16255554
03.09.2021 12:00;2.2905;0;0
03.09.2021 13:00;1.920485714;0;3.2511108
03.09.2021 14:00;2.518571429;0;1.6255554
03.09.2021 15:00;1.275571429;0;0.97533324
03.09.2021 16:00;1.098257143;0;0.65022216
03.09.2021 17:00;2.148728571;0;8.127777
03.09.2021 18:00;9.496171429;0;12.51677658
03.09.2021 19:00;12.05977143;0;0.65022216
03.09.2021 20:00;11.15052857;0;0.40638885
03.09.2021 21:00;6.025628571;0;1.21916655
03.09.2021 22:00;1.224257143;0;0
03.09.2021 23:00;0.618942857;0;0
04.09.2021 00:00;0.577885714;0;0
04.09.2021 01:00;0.569971429;0;0
04.09.2021 02:00;0.594371429;0;0
04.09.2021 03:00;0.637671429;0;0.32511108
04.09.2021 04:00;0.769785714;0;0
04.09.2021 05:00;0.900914286;0;0.97533324
04.09.2021 06:00;3.191571429;0;7.07116599
04.09.2021 07:00;2.929385714;0;22.51394229
04.09.2021 08:00;3.489128571;0;1.46299986
04.09.2021 09:00;2.055585714;0;2.11322202
04.09.2021 10:00;2.310114286;0;0.32511108
04.09.2021 11:00;1.908642857;0;3.2511108
04.09.2021 12:00;1.7445;0;0.32511108
04.09.2021 13:00;2.463628571;0;2.11322202
04.09.2021 14:00;2.087914286;0;0.40638885
04.09.2021 15:00;1.841742857;0;1.70683317
04.09.2021 16:00;1.338014286;0;5.20177728
04.09.2021 17:00;3.048185714;0;3.90133296
04.09.2021 18:00;6.450957143;0;4.22644404
04.09.2021 19:00;6.521014286;0;2.4383331
04.09.2021 20:00;7.931028571;0;8.45288808
04.09.2021 21:00;2.643742857;0;0
04.09.2021 22:00;1.957271429;0;0
04.09.2021 23:00;0.890642857;0;0
05.09.2021 00:00;0.676971429;0;0
05.09.2021 01:00;0.604057143;0;0
05.09.2021 02:00;0.561528571;0;0
05.09.2021 03:00;0.553957143;0;0
05.09.2021 04:00;0.661114286;0;0
05.09.2021 05:00;0.807685714;0;4.38899958
05.09.2021 06:00;2.0212;0;7.23372153
05.09.2021 07:00;3.537285714;0;5.85199944
05.09.2021 08:00;2.5464;0;1.46299986
05.09.2021 09:00;2.176228571;0;11.21633226
05.09.2021 10:00;1.946285714;0;2.60088864
05.09.2021 11:00;1.115485714;0;1.30044432
05.09.2021 12:00;1.650742857;0;0
05.09.2021 13:00;2.581857143;0;0.16255554
05.09.2021 14:00;0.865185714;0;0
05.09.2021 15:00;1.273328571;0;0.32511108
05.09.2021 16:00;2.116542857;0;0.32511108
05.09.2021 17:00;5.130442857;0;6.17711052
05.09.2021 18:00;4.262114286;0;8.77799916
05.09.2021 19:00;8.803242857;0;5.85199944
05.09.2021 20:00;2.059128571;0;0.32511108
05.09.2021 21:00;1.738414286;0;9.10311024
05.09.2021 22:00;1.161914286;0;0.32511108
05.09.2021 23:00;0.899685714;0;0
06.09.2021 00:00;0.9023;0;0
06.09.2021 01:00;0.663142857;0;0
06.09.2021 02:00;0.547928571;0;0
06.09.2021 03:00;0.601714286;0;0
06.09.2021 04:00;0.7506;0;0.32511108
06.09.2021 05:00;0.867071429;0;2.92599972
06.09.2021 06:00;2.153614286;0;12.76060989
06.09.2021 07:00;4.214228571;0;5.6894439
06.09.2021 08:00;8.399271429;0;13.16699874
06.09.2021 09:00;6.582;0;3.57622188
06.09.2021 10:00;4.414742857;0;5.85199944
06.09.2021 11:00;4.024385714;0;1.13788878
06.09.2021 12:00;4.516457143;0;0.73149993
06.09.2021 13:00;4.559228571;0;0.73149993
06.09.2021 14:00;4.681257143;0;1.30044432
06.09.2021 15:00;3.097614286;0;9.59077686
06.09.2021 16:00;0.881657143;0;1.78811094
06.09.2021 17:00;0.912614286;0;0.16255554
06.09.2021 18:00;3.746085714;0;0.16255554
06.09.2021 19:00;5.858542857;0;19.5066648
06.09.2021 20:00;6.010985714;0;3.73877742
06.09.2021 21:00;4.558442857;0;0
06.09.2021 22:00;3.132828571;0;0.16255554
06.09.2021 23:00;0.896028571;0;0
07.09.2021 00:00;0.589442857;0;0
07.09.2021 01:00;0.591628571;0;0
07.09.2021 02:00;0.582414286;0;0
07.09.2021 03:00;0.645728571;0;0
07.09.2021 04:00;0.700414286;0;0
07.09.2021 05:00;0.702328571;0;3.2511108
07.09.2021 06:00;3.705028571;0;10.89122118
07.09.2021 07:00;3.196342857;0;8.69672139
07.09.2021 08:00;3.394885714;0;4.55155512
07.09.2021 09:00;5.097457143;0;14.46744306
07.09.2021 10:00;7.644014286;0;2.92599972
07.09.2021 11:00;6.714628571;0;4.22644404
07.09.2021 12:00;3.069971429;0;0.8127777
07.09.2021 13:00;1.908985714;0;0
07.09.2021 14:00;4.715128571;0;5.52688836
07.09.2021 15:00;7.186071429;0;4.38899958
07.09.2021 16:00;2.953814286;0;1.95066648
07.09.2021 17:00;0.999471429;0;2.4383331
07.09.2021 18:00;2.323142857;0;12.27294327
07.09.2021 19:00;9.340428571;0;14.6299986
07.09.2021 20:00;2.573785714;0;3.82005519
07.09.2021 21:00;2.058085714;0;0
07.09.2021 22:00;0.919242857;0;0
07.09.2021 23:00;0.887528571;0;0
08.09.2021 00:00;1.863028571;0;0.48766662
08.09.2021 01:00;1.308571429;0;0
08.09.2021 02:00;0.589514286;0;0
08.09.2021 03:00;0.633057143;0;0
08.09.2021 04:00;0.596528571;0;0
08.09.2021 05:00;1.110285714;0;4.0638885
08.09.2021 06:00;3.5374;0;7.64011038
08.09.2021 07:00;2.276757143;0;7.55883261
08.09.2021 08:00;4.424857143;0;3.16983303
08.09.2021 09:00;5.193257143;0;6.17711052
08.09.2021 10:00;2.400628571;0;9.91588794
08.09.2021 11:00;3.023885714;0;0
08.09.2021 12:00;2.411628571;0;0.08127777
08.09.2021 13:00;1.391742857;0;4.30772181
08.09.2021 14:00;1.454057143;0;0.8127777
08.09.2021 15:00;5.324714286;0;9.10311024
08.09.2021 16:00;2.429114286;0;7.47755484
08.09.2021 17:00;1.513314286;0;3.08855526
08.09.2021 18:00;5.213157143;0;2.35705533
08.09.2021 19:00;4.187;0;13.24827651
08.09.2021 20:00;5.318414286;0;0.48766662
08.09.2021 21:00;3.056585714;0;2.11322202
08.09.2021 22:00;1.687442857;0;0.24383331
08.09.2021 23:00;0.739157143;0;0
09.09.2021 00:00;0.565028571;0;0
09.09.2021 01:00;0.551314286;0;0
09.09.2021 02:00;0.573357143;0;0
09.09.2021 03:00;0.601842857;0;0
09.09.2021 04:00;0.751071429;0;0.32511108
09.09.2021 05:00;0.727842857;0;2.92599972
09.09.2021 06:00;4.720685714;0;10.64738787
09.09.2021 07:00;3.039314286;0;14.38616529
09.09.2021 08:00;2.811871429;0;2.27577756
09.09.2021 09:00;3.041842857;0;5.20177728
09.09.2021 10:00;3.888871429;0;2.76344418
09.09.2021 11:00;2.407285714;0;1.95066648
09.09.2021 12:00;3.260428571;0;0
09.09.2021 13:00;1.447071429;0;6.82733268
09.09.2021 14:00;2.907157143;0;7.47755484
09.09.2021 15:00;3.260042857;0;7.15244376
09.09.2021 16:00;1.325671429;0;6.17711052
09.09.2021 17:00;2.119257143;0;1.95066648
09.09.2021 18:00;6.561857143;0;2.03194425
09.09.2021 19:00;7.5926;0;10.72866564
09.09.2021 20:00;8.919142857;0;1.95066648
09.09.2021 21:00;9.410885714;0;0.97533324
09.09.2021 22:00;6.384871429;0;0.8127777
09.09.2021 23:00;1.0458;0;0
10.09.2021 00:00;0.659428571;0;0.65022216
10.09.2021 01:00;0.565657143;0;0
10.09.2021 02:00;0.609014286;0;0
10.09.2021 03:00;0.598957143;0;0
10.09.2021 04:00;0.784571429;0;0.16255554
10.09.2021 05:00;0.798585714;0;0.65022216
10.09.2021 06:00;4.969542857;0;10.32227679
10.09.2021 07:00;2.7215;0;15.4427763
10.09.2021 08:00;5.704942857;0;3.73877742
10.09.2021 09:00;5.629285714;0;11.70399888
10.09.2021 10:00;8.327971429;0;5.52688836
10.09.2021 11:00;3.790771429;0;7.80266592
10.09.2021 12:00;3.150428571;0;1.30044432
10.09.2021 13:00;2.0621;0;1.46299986
10.09.2021 14:00;1.655628571;0;2.60088864
10.09.2021 15:00;2.031414286;0;10.5661101
10.09.2021 16:00;9.303385714;0;1.13788878
10.09.2021 17:00;5.469285714;0;5.36433282
10.09.2021 18:00;10.57697143;0;0.8127777
10.09.2021 19:00;6.143471429;0;0.97533324
10.09.2021 20:00;2.258057143;0;3.41366634
10.09.2021 21:00;1.188557143;0;3.57622188
10.09.2021 22:00;1.095057143;0;0
10.09.2021 23:00;0.669242857;0;0
11.09.2021 00:00;0.573414286;0;0
11.09.2021 01:00;0.5702;0;0
11.09.2021 02:00;0.606328571;0;0
11.09.2021 03:00;0.626357143;0;0
11.09.2021 04:00;0.720457143;0;0
11.09.2021 05:00;0.814842857;0;1.95066648
11.09.2021 06:00;1.295128571;0;5.6894439
11.09.2021 07:00;5.342228571;0;18.04366494
11.09.2021 08:00;2.454271429;0;3.08855526
11.09.2021 09:00;3.583142857;0;8.9405547
11.09.2021 10:00;5.156885714;0;5.03922174
11.09.2021 11:00;3.9025;0;3.73877742
11.09.2021 12:00;2.689114286;0;0.32511108
11.09.2021 13:00;4.525042857;0;10.72866564
11.09.2021 14:00;5.158828571;0;3.57622188
11.09.2021 15:00;1.105128571;0;6.82733268
11.09.2021 16:00;4.872428571;0;1.30044432
11.09.2021 17:00;4.722071429;0;3.41366634
11.09.2021 18:00;5.586285714;0;0.48766662
11.09.2021 19:00;11.83571429;0;8.61544362
11.09.2021 20:00;3.987285714;0;0.65022216
11.09.2021 21:00;2.244171429;0;1.95066648
11.09.2021 22:00;0.959614286;0;0
11.09.2021 23:00;0.679157143;0;0
12.09.2021 00:00;0.573171429;0;0
12.09.2021 01:00;0.583214286;0;0
12.09.2021 02:00;0.562371429;0;0
12.09.2021 03:00;0.614828571;0;0.32511108
12.09.2021 04:00;0.746428571;0;0.48766662
12.09.2021 05:00;0.729057143;0;3.41366634
12.09.2021 06:00;7.156171429;0;21.45733128
12.09.2021 07:00;3.008714286;0;7.15244376
12.09.2021 08:00;2.250128571;0;3.49494411
12.09.2021 09:00;4.165085714;0;2.60088864
12.09.2021 10:00;2.017285714;0;2.27577756
12.09.2021 11:00;2.793142857;0;1.13788878
12.09.2021 12:00;0.6834;0;2.76344418
12.09.2021 13:00;2.1068;0;10.24099902
12.09.2021 14:00;1.088371429;0;0
12.09.2021 15:00;1.054871429;0;0.65022216
12.09.2021 16:00;0.753857143;0;0.16255554
12.09.2021 17:00;1.752571429;0;7.15244376
12.09.2021 18:00;2.324485714;0;6.82733268
12.09.2021 19:00;6.609757143;0;10.24099902
12.09.2021 20:00;6.259028571;0;0
12.09.2021 21:00;3.455842857;0;1.78811094
12.09.2021 22:00;1.2037;0;0
12.09.2021 23:00;0.694514286;0;0
13.09.2021 00:00;0.616957143;0;0
13.09.2021 01:00;0.577042857;0;0
13.09.2021 02:00;0.621542857;0;0
13.09.2021 03:00;0.620985714;0;0
13.09.2021 04:00;0.642714286;0;0
13.09.2021 05:00;0.782171429;0;2.92599972
13.09.2021 06:00;4.5168;0;10.24099902
13.09.2021 07:00;3.281885714;0;14.87383191
13.09.2021 08:00;11.5327;0;5.44561059
13.09.2021 09:00;9.035542857;0;14.71127637
13.09.2021 10:00;8.270557143;0;4.38899958
13.09.2021 11:00;8.905228571;0;2.11322202
13.09.2021 12:00;5.291257143;0;0.65022216
13.09.2021 13:00;2.225985714;0;4.22644404
13.09.2021 14:00;2.189628571;0;2.92599972
13.09.2021 15:00;0.819242857;0;0
13.09.2021 16:00;1.481814286;0;6.82733268
13.09.2021 17:00;0.903257143;0;2.60088864
13.09.2021 18:00;3.163714286;0;5.85199944
13.09.2021 19:00;4.859;0;8.29033254
13.09.2021 20:00;5.360257143;0;0.8127777
13.09.2021 21:00;3.439428571;0;0.8127777
13.09.2021 22:00;1.243914286;0;0
13.09.2021 23:00;0.913;0;0
14.09.2021 00:00;0.567128571;0;0
14.09.2021 01:00;0.571614286;0;0
14.09.2021 02:00;0.612857143;0;0
14.09.2021 03:00;0.680914286;0;0.32511108
14.09.2021 04:00;0.689242857;0;0
14.09.2021 05:00;0.699342857;0;0.32511108
14.09.2021 06:00;2.809714286;0;2.11322202
14.09.2021 07:00;4.465171429;0;10.80994341
14.09.2021 08:00;5.369657143;0;9.50949909
14.09.2021 09:00;5.551528571;0;22.18883121
14.09.2021 10:00;4.114771429;0;4.95794397
14.09.2021 11:00;8.725442857;0;3.08855526
14.09.2021 12:00;7.961585714;0;2.92599972
14.09.2021 13:00;3.168885714;0;11.3788878
14.09.2021 14:00;4.034671429;0;13.49210982
14.09.2021 15:00;1.882985714;0;2.60088864
14.09.2021 16:00;3.076957143;0;7.3149993
14.09.2021 17:00;2.704714286;0;1.6255554
14.09.2021 18:00;4.391585714;0;1.86938871
14.09.2021 19:00;3.202357143;0;0.65022216
14.09.2021 20:00;1.5969;0;7.64011038
14.09.2021 21:00;1.933814286;0;1.78811094
14.09.2021 22:00;1.493957143;0;0
14.09.2021 23:00;0.777985714;0;0
15.09.2021 00:00;0.549928571;0;0
15.09.2021 01:00;0.551014286;0;0
15.09.2021 02:00;0.577014286;0;0
15.09.2021 03:00;0.629714286;0;0
15.09.2021 04:00;0.862014286;0;0.32511108
15.09.2021 05:00;0.815828571;0;3.41366634
15.09.2021 06:00;2.647942857;0;5.93327721
15.09.2021 07:00;5.830371429;0;4.71411066
15.09.2021 08:00;0.881771429;0;1.38172209
15.09.2021 09:00;3.7654;0;5.52688836
15.09.2021 10:00;3.872128571;0;2.11322202
15.09.2021 11:00;2.342214286;0;0.65022216
15.09.2021 12:00;2.919771429;0;8.45288808
15.09.2021 13:00;5.719528571;0;1.13788878
15.09.2021 14:00;1.716785714;0;2.11322202
15.09.2021 15:00;1.812371429;0;12.1916655
15.09.2021 16:00;9.824642857;0;3.41366634
15.09.2021 17:00;5.272528571;0;19.83177588
15.09.2021 18:00;1.727585714;0;4.71411066
15.09.2021 19:00;7.774557143;0;3.57622188
15.09.2021 20:00;3.144714286;0;0.8127777
15.09.2021 21:00;1.867685714;0;0
15.09.2021 22:00;1.532657143;0;0.16255554
15.09.2021 23:00;1.033342857;0;0
16.09.2021 00:00;0.615314286;0;0
16.09.2021 01:00;0.554857143;0;0
16.09.2021 02:00;0.5813;0;0
16.09.2021 03:00;0.590571429;0;0
16.09.2021 04:00;0.728957143;0;0.65022216
16.09.2021 05:00;0.694128571;0;4.8766662
16.09.2021 06:00;4.763142857;0;11.78527665
16.09.2021 07:00;3.205857143;0;15.60533184
16.09.2021 08:00;4.6669;0;2.03194425
16.09.2021 09:00;3.896914286;0;3.41366634
16.09.2021 10:00;3.700571429;0;9.99716571
16.09.2021 11:00;3.412742857;0;1.21916655
16.09.2021 12:00;2.994285714;0;0
16.09.2021 13:00;0.879;0;1.13788878
16.09.2021 14:00;2.433914286;0;2.92599972
16.09.2021 15:00;4.0264;0;9.7533324
16.09.2021 16:00;1.3355;0;0.16255554
16.09.2021 17:00;2.578357143;0;7.96522146
16.09.2021 18:00;6.307542857;0;3.73877742
16.09.2021 19:00;11.32358571;0;9.7533324
16.09.2021 20:00;7.618142857;0;4.55155512
16.09.2021 21:00;1.539528571;0;1.6255554
16.09.2021 22:00;1.384357143;0;0.16255554
16.09.2021 23:00;1.042014286;0;0
17.09.2021 00:00;0.776671429;0;0.16255554
17.09.2021 01:00;0.577257143;0;0
17.09.2021 02:00;0.575628571;0;0
17.09.2021 03:00;0.568042857;0;0
17.09.2021 04:00;0.655942857;0;0.48766662
17.09.2021 05:00;0.805842857;0;2.76344418
17.09.2021 06:00;1.648757143;0;5.12049951
17.09.2021 07:00;3.414985714;0;9.26566578
17.09.2021 08:00;3.824985714;0;19.42538703
17.09.2021 09:00;4.805214286;0;3.08855526
17.09.2021 10:00;5.103057143;0;2.27577756
17.09.2021 11:00;3.862442857;0;1.13788878
17.09.2021 12:00;2.734314286;0;0.65022216
17.09.2021 13:00;1.725842857;0;12.1916655
17.09.2021 14:00;5.175114286;0;0.97533324
17.09.2021 15:00;1.5784;0;0.8127777
17.09.2021 16:00;2.140314286;0;0
17.09.2021 17:00;8.3425;0;12.35422104
17.09.2021 18:00;7.356371429;0;4.22644404
17.09.2021 19:00;11.16562857;0;3.90133296
17.09.2021 20:00;13.87255714;0;0.40638885
17.09.2021 21:00;3.117242857;0;7.80266592
17.09.2021 22:00;1.583571429;0;0.16255554
17.09.2021 23:00;1.146528571;0;0
18.09.2021 00:00;0.728228571;0;0
18.09.2021 01:00;0.5722;0;0
18.09.2021 02:00;0.575614286;0;0
18.09.2021 03:00;0.618528571;0;0
18.09.2021 04:00;0.649114286;0;0.32511108
18.09.2021 05:00;0.910428571;0;2.11322202
18.09.2021 06:00;2.768814286;0;3.90133296
18.09.2021 07:00;4.5676;0;3.2511108
18.09.2021 08:00;2.463742857;0;14.30488752
18.09.2021 09:00;1.821328571;0;7.15244376
18.09.2021 10:00;2.488785714;0;2.60088864
18.09.2021 11:00;1.018271429;0;0.16255554
18.09.2021 12:00;0.726885714;0;9.91588794
18.09.2021 13:00;3.081185714;0;9.91588794
18.09.2021 14:00;1.837471429;0;0.65022216
18.09.2021 15:00;1.295757143;0;0.8127777
18.09.2021 16:00;5.369114286;0;7.96522146
18.09.2021 17:00;5.815528571;0;3.57622188
18.09.2021 18:00;4.711085714;0;3.41366634
18.09.2021 19:00;7.735128571;0;1.86938871
18.09.2021 20:00;6.010057143;0;3.08855526
18.09.2021 21:00;1.664257143;0;0.08127777
18.09.2021 22:00;1.969042857;0;0.97533324
18.09.2021 23:00;1.288028571;0;0
19.09.2021 00:00;0.688814286;0;0
19.09.2021 01:00;0.615685714;0;0
19.09.2021 02:00;0.574342857;0;0
19.09.2021 03:00;0.579257143;0;0
19.09.2021 04:00;0.666257143;0;1.13788878
19.09.2021 05:00;2.854928571;0;2.4383331
19.09.2021 06:00;1.597;0;1.95066648
19.09.2021 07:00;4.495342857;0;15.60533184
19.09.2021 08:00;1.533685714;0;12.43549881
19.09.2021 09:00;2.842542857;0;1.46299986
19.09.2021 10:00;2.485328571;0;9.59077686
19.09.2021 11:00;4.970071429;0;2.27577756
19.09.2021 12:00;2.384185714;0;1.95066648
19.09.2021 13:00;2.340028571;0;0
19.09.2021 14:00;2.002671429;0;2.60088864
19.09.2021 15:00;5.6311;0;9.10311024
19.09.2021 16:00;4.767371429;0;8.29033254
19.09.2021 17:00;3.830328571;0;1.13788878
19.09.2021 18:00;5.211942857;0;2.11322202
19.09.2021 19:00;9.435657143;0;0.56894439
19.09.2021 20:00;3.7032;0;7.07116599
19.09.2021 21:00;3.729771429;0;0
19.09.2021 22:00;1.304928571;0;0
19.09.2021 23:00;0.576514286;0;0
20.09.2021 00:00;0.648442857;0;0
20.09.2021 01:00;0.630285714;0;0
20.09.2021 02:00;0.579885714;0;0
20.09.2021 03:00;0.567;0;0
20.09.2021 04:00;0.805028571;0;0.8127777
20.09.2021 05:00;1.016671429;0;2.92599972
20.09.2021 06:00;5.777557143;0;9.18438801
20.09.2021 07:00;4.104985714;0;21.86372013
20.09.2021 08:00;3.2649;0;10.24099902
20.09.2021 09:00;9.855257143;0;18.6938871
20.09.2021 10:00;8.5778;0;5.36433282
20.09.2021 11:00;5.816428571;0;3.41366634
20.09.2021 12:00;4.893028571;0;2.27577756
20.09.2021 13:00;4.125657143;0;1.05661101
20.09.2021 14:00;5.389171429;0;10.24099902
20.09.2021 15:00;2.634728571;0;3.2511108
20.09.2021 16:00;1.533428571;0;1.30044432
20.09.2021 17:00;0.966957143;0;1.6255554
20.09.2021 18:00;8.826771429;0;5.60816613
20.09.2021 19:00;5.9671;0;7.88394369
20.09.2021 20:00;6.8435;0;1.46299986
20.09.2021 21:00;7.407142857;0;1.46299986
20.09.2021 22:00;1.0524;0;1.30044432
20.09.2021 23:00;0.7245;0;0
21.09.2021 00:00;0.594728571;0;0
21.09.2021 01:00;0.660828571;0;0
21.09.2021 02:00;0.591357143;0;0
21.09.2021 03:00;0.584485714;0;0
21.09.2021 04:00;0.586957143;0;0.65022216
21.09.2021 05:00;1.096042857;0;4.8766662
21.09.2021 06:00;4.5785;0;9.91588794
21.09.2021 07:00;4.107785714;0;22.51394229
21.09.2021 08:00;5.281871429;0;16.17427623
21.09.2021 09:00;8.461642857;0;6.58349937
21.09.2021 10:00;5.411528571;0;8.29033254
21.09.2021 11:00;3.220357143;0;11.3788878
21.09.2021 12:00;9.923157143;0;1.95066648
21.09.2021 13:00;3.904971429;0;2.27577756
21.09.2021 14:00;1.548157143;0;0.48766662
21.09.2021 15:00;3.982657143;0;2.60088864
21.09.2021 16:00;6.698128571;0;1.13788878
21.09.2021 17:00;6.2468;0;1.46299986
21.09.2021 18:00;3.786885714;0;6.66477714
21.09.2021 19:00;3.379085714;0;0
21.09.2021 20:00;1.419671429;0;0.8127777
21.09.2021 21:00;1.880842857;0;2.4383331
21.09.2021 22:00;1.438185714;0;0
21.09.2021 23:00;1.069228571;0;0
22.09.2021 00:00;0.694628571;0;0
22.09.2021 01:00;0.616271429;0;0
22.09.2021 02:00;0.662128571;0;0
22.09.2021 03:00;0.5938;0;0
22.09.2021 04:00;0.657257143;0;0
22.09.2021 05:00;0.833657143;0;6.66477714
22.09.2021 06:00;4.580171429;0;14.87383191
22.09.2021 07:00;2.486642857;0;11.62272111
22.09.2021 08:00;3.573842857;0;9.83461017
22.09.2021 09:00;3.862385714;0;2.11322202
22.09.2021 10:00;5.778342857;0;6.90861045
22.09.2021 11:00;2.751985714;0;0.8127777
22.09.2021 12:00;3.929871429;0;1.13788878
22.09.2021 13:00;4.393485714;0;12.51677658
22.09.2021 14:00;2.303371429;0;2.92599972
22.09.2021 15:00;1.820814286;0;0.48766662
22.09.2021 16:00;3.269285714;0;1.6255554
22.09.2021 17:00;1.948157143;0;1.6255554
22.09.2021 18:00;11.42125714;0;5.20177728
22.09.2021 19:00;8.753071429;0;0.16255554
22.09.2021 20:00;3.580614286;0;1.30044432
22.09.2021 21:00;1.434314286;0;3.73877742
22.09.2021 22:00;1.157085714;0;0.16255554
22.09.2021 23:00;0.941685714;0;0
23.09.2021 00:00;0.8215;0;0
23.09.2021 01:00;0.6535;0;0
23.09.2021 02:00;0.597442857;0;0
23.09.2021 03:00;0.578028571;0;0
23.09.2021 04:00;0.778242857;0;0.8127777
23.09.2021 05:00;0.8274;0;0.97533324
23.09.2021 06:00;2.793628571;0;8.37161031
23.09.2021 07:00;5.517742857;0;29.2599972
23.09.2021 08:00;7.957057143;0;9.26566578
23.09.2021 09:00;5.017342857;0;4.71411066
23.09.2021 10:00;2.185042857;0;6.01455498
23.09.2021 11:00;2.7111;0;1.95066648
23.09.2021 12:00;2.548942857;0;2.60088864
23.09.2021 13:00;2.178785714;0;0.48766662
23.09.2021 14:00;0.852314286;0;0.8127777
23.09.2021 15:00;3.431857143;0;5.85199944
23.09.2021 16:00;6.913042857;0;7.07116599
23.09.2021 17:00;1.014557143;0;0.65022216
23.09.2021 18:00;5.237142857;0;6.17711052
23.09.2021 19:00;5.590414286;0;4.38899958
23.09.2021 20:00;8.1926;0;0.32511108
23.09.2021 21:00;4.734085714;0;0.48766662
23.09.2021 22:00;1.088485714;0;0
23.09.2021 23:00;0.705428571;0;0
24.09.2021 00:00;1.214842857;0;0
24.09.2021 01:00;1.632328571;0;0
24.09.2021 02:00;0.8783;0;0.8127777
24.09.2021 03:00;0.913971429;0;0
24.09.2021 04:00;0.870014286;0;0
24.09.2021 05:00;1.149814286;0;9.42822132
24.09.2021 06:00;4.446642857;0;12.59805435
24.09.2021 07:00;3.372928571;0;9.99716571
24.09.2021 08:00;4.133214286;0;1.95066648
24.09.2021 09:00;5.445028571;0;2.27577756
24.09.2021 10:00;5.841471429;0;1.54427763
24.09.2021 11:00;4.067428571;0;0.97533324
24.09.2021 12:00;0.880957143;0;0.16255554
24.09.2021 13:00;3.641342857;0;4.38899958
24.09.2021 14:00;2.307714286;0;12.84188766
24.09.2021 15:00;1.347114286;0;4.22644404
24.09.2021 16:00;2.544757143;0;3.2511108
24.09.2021 17:00;4.446814286;0;4.22644404
24.09.2021 18:00;12.47797143;0;9.67205463
24.09.2021 19:00;10.05688571;0;2.84472195
24.09.2021 20:00;2.362385714;0;0.48766662
24.09.2021 21:00;3.275942857;0;0.48766662
24.09.2021 22:00;2.329971429;0;0.16255554
24.09.2021 23:00;0.646242857;0;0
25.09.2021 00:00;0.612857143;0;0
25.09.2021 01:00;0.647542857;0;0
25.09.2021 02:00;0.584471429;0;0
25.09.2021 03:00;0.601185714;0;0.16255554
25.09.2021 04:00;0.730928571;0;0.48766662
25.09.2021 05:00;3.095614286;0;4.22644404
25.09.2021 06:00;2.082528571;0;3.57622188
25.09.2021 07:00;4.428685714;0;10.24099902
25.09.2021 08:00;3.8506;0;19.5066648
25.09.2021 09:00;2.785;0;4.55155512
25.09.2021 10:00;1.640985714;0;3.08855526
25.09.2021 11:00;3.028885714;0;0.48766662
25.09.2021 12:00;4.552957143;0;1.6255554
25.09.2021 13:00;1.729385714;0;13.0044432
25.09.2021 14:00;4.508085714;0;2.11322202
25.09.2021 15:00;2.523057143;0;1.13788878
25.09.2021 16:00;1.940371429;0;1.95066648
25.09.2021 17:00;5.507542857;0;5.03922174
25.09.2021 18:00;6.638528571;0;0.40638885
25.09.2021 19:00;7.1476;0;7.80266592
25.09.2021 20:00;1.880285714;0;0.48766662
25.09.2021 21:00;2.030685714;0;10.07844348
25.09.2021 22:00;1.602142857;0;0
25.09.2021 23:00;0.679628571;0;0
26.09.2021 00:00;0.584957143;0;0
26.09.2021 01:00;0.593157143;0;0
26.09.2021 02:00;0.581342857;0;0
26.09.2021 03:00;0.644871429;0;0
26.09.2021 04:00;0.635385714;0;0.16255554
26.09.2021 05:00;0.880485714;0;2.27577756
26.09.2021 06:00;3.994885714;0;9.42822132
26.09.2021 07:00;3.685314286;0;13.08572097
26.09.2021 08:00;2.253514286;0;8.77799916
26.09.2021 09:00;5.584642857;0;11.3788878
26.09.2021 10:00;1.997571429;0;0.8127777
26.09.2021 11:00;3.369485714;0;0.08127777
26.09.2021 12:00;3.670214286;0;1.30044432
26.09.2021 13:00;2.123357143;0;5.12049951
26.09.2021 14:00;6.039271429;0;9.26566578
26.09.2021 15:00;4.8879;0;2.27577756
26.09.2021 16:00;3.093628571;0;0.48766662
26.09.2021 17:00;2.181671429;0;0.16255554
26.09.2021 18:00;3.1522;0;6.82733268
26.09.2021 19:00;7.814171429;0;11.54144334
26.09.2021 20:00;3.235728571;0;0.32511108
26.09.2021 21:00;2.525971429;0;0.48766662
26.09.2021 22:00;1.351357143;0;0
26.09.2021 23:00;0.896042857;0;0
27.09.2021 00:00;0.929328571;0;0
27.09.2021 01:00;0.560528571;0;0
27.09.2021 02:00;0.572528571;0;0
27.09.2021 03:00;0.595528571;0;0.16255554
27.09.2021 04:00;0.686428571;0;0.65022216
27.09.2021 05:00;1.091614286;0;2.4383331
27.09.2021 06:00;4.755028571;0;10.97249895
27.09.2021 07:00;4.7279;0;16.90577616
27.09.2021 08:00;3.787542857;0;11.86655442
27.09.2021 09:00;10.67014286;0;13.57338759
27.09.2021 10:00;6.070942857;0;2.4383331
27.09.2021 11:00;9.651185714;0;2.84472195
27.09.2021 12:00;7.108585714;0;2.27577756
27.09.2021 13:00;3.185971429;0;2.4383331
27.09.2021 14:00;4.679514286;0;2.92599972
27.09.2021 15:00;3.887728571;0;2.4383331
27.09.2021 16:00;1.834142857;0;10.89122118
27.09.2021 17:00;0.813142857;0;0.65022216
27.09.2021 18:00;5.970285714;0;6.17711052
27.09.2021 19:00;11.89967143;0;2.92599972
27.09.2021 20:00;5.887828571;0;9.26566578
27.09.2021 21:00;5.329957143;0;2.76344418
27.09.2021 22:00;1.5946;0;0.16255554
27.09.2021 23:00;0.808542857;0;0
28.09.2021 00:00;0.640028571;0;0.32511108
28.09.2021 01:00;0.587842857;0;0
28.09.2021 02:00;0.664542857;0.026018558;0
28.09.2021 03:00;0.551414286;0.115972069;0
28.09.2021 04:00;0.659057143;0.198815116;0.32511108
28.09.2021 05:00;1.139914286;0.257360301;2.11322202
28.09.2021 06:00;4.229928571;0.038514034;7.47755484
28.09.2021 07:00;4.2635;0;14.06105421
28.09.2021 08:00;6.4266;0;4.14516627
28.09.2021 09:00;6.202985714;0;17.31216501
28.09.2021 10:00;3.6117;0;4.8766662
28.09.2021 11:00;10.11534286;0;9.10311024
28.09.2021 12:00;9.8781;0;10.5661101
28.09.2021 13:00;6.758185714;0;5.36433282
28.09.2021 14:00;3.327657143;0;9.10311024
28.09.2021 15:00;1.140714286;0;7.15244376
28.09.2021 16:00;0.886585714;0;1.6255554
28.09.2021 17:00;1.809614286;0;1.78811094
28.09.2021 18:00;3.763357143;0;0.97533324
28.09.2021 19:00;6.153871429;0;7.80266592
28.09.2021 20:00;3.051542857;0;0.16255554
28.09.2021 21:00;3.082514286;0;1.13788878
28.09.2021 22:00;0.983528571;0;0
28.09.2021 23:00;0.6616;0;0
29.09.2021 00:00;0.6501;0;0
29.09.2021 01:00;0.594014286;0;0
29.09.2021 02:00;0.573428571;0;0
29.09.2021 03:00;0.5878;0;0
29.09.2021 04:00;0.651971429;0;0.65022216
29.09.2021 05:00;0.844985714;0;0
29.09.2021 06:00;3.789885714;0;10.07844348
29.09.2021 07:00;4.050057143;0;13.24827651
29.09.2021 08:00;5.2303;0;3.2511108
29.09.2021 09:00;3.330928571;0;2.60088864
29.09.2021 10:00;1.747314286;0.038737858;6.01455498
29.09.2021 11:00;4.2511;0;7.3149993
29.09.2021 12:00;5.452928571;0;1.13788878
29.09.2021 13:00;4.358771429;0;10.72866564
29.09.2021 14:00;5.308685714;0;2.11322202
29.09.2021 15:00;5.434314286;0.009899724;7.64011038
29.09.2021 16:00;6.081585714;0;1.46299986
29.09.2021 17:00;3.001357143;0;3.2511108
29.09.2021 18:00;3.062285714;0;6.5022216
29.09.2021 19:00;14.60271429;0;1.46299986
29.09.2021 20:00;13.8716;0.093737649;3.08855526
29.09.2021 21:00;2.679128571;0.08868694;0.16255554
29.09.2021 22:00;1.132785714;0.188976657;0.8127777
29.09.2021 23:00;0.657357143;0.319362727;0
30.09.2021 00:00;0.579714286;0.471341657;0
30.09.2021 01:00;0.564957143;0.643314931;0
30.09.2021 02:00;0.622471429;0.834308657;0
30.09.2021 03:00;0.635985714;0.991089862;0
30.09.2021 04:00;0.713285714;1.072842029;0.16255554
30.09.2021 05:00;0.969185714;1.169348078;2.92599972
30.09.2021 06:00;3.3418;0.993257958;8.77799916
30.09.2021 07:00;4.746614286;0.129338037;9.7533324
30.09.2021 08:00;4.826742857;0;9.50949909
30.09.2021 09:00;2.4839;0;2.03194425
30.09.2021 10:00;1.282042857;0;4.0638885
30.09.2021 11:00;2.129514286;0;1.95066648
30.09.2021 12:00;3.162357143;0;0
30.09.2021 13:00;1.972771429;0;11.70399888
30.09.2021 14:00;3.798442857;0;5.03922174
30.09.2021 15:00;1.633614286;0;6.82733268
30.09.2021 16:00;1.024071429;0;0.48766662
30.09.2021 17:00;3.596085714;0;9.42822132
30.09.2021 18:00;7.865742857;0;4.8766662
30.09.2021 19:00;4.420628571;0;0.32511108
30.09.2021 20:00;2.799471429;0;6.82733268
30.09.2021 21:00;5.507242857;0;0.40638885
30.09.2021 22:00;3.237528571;0;0.08127777
30.09.2021 23:00;0.8687;0;0
01.10.2021 00:00;0.575357143;0.015814973;0
01.10.2021 01:00;0.578957143;0.138908749;0
01.10.2021 02:00;0.569;0.248390456;0
01.10.2021 03:00;0.568457143;0.3274831;0
01.10.2021 04:00;0.712185714;0.4018524;0
01.10.2021 05:00;2.801928571;0;2.60088864
01.10.2021 06:00;4.638014286;0;5.85199944
01.10.2021 07:00;2.830571429;0;15.76788738
01.10.2021 08:00;2.6147;0;1.30044432
01.10.2021 09:00;2.0134;0;0.56894439
01.10.2021 10:00;2.773028571;0;3.41366634
01.10.2021 11:00;5.045371429;0;0.97533324
01.10.2021 12:00;2.3432;0;11.54144334
01.10.2021 13:00;2.935928571;0;2.68216641
01.10.2021 14:00;5.450028571;0;1.46299986
01.10.2021 15:00;3.670142857;0;8.37161031
01.10.2021 16:00;1.954571429;0;1.38172209
01.10.2021 17:00;2.849571429;0;2.76344418
01.10.2021 18:00;7.756714286;0;4.0638885
01.10.2021 19:00;7.911914286;0;11.21633226
01.10.2021 20:00;5.843457143;0;0.97533324
01.10.2021 21:00;1.582471429;0;0.8127777
01.10.2021 22:00;0.997657143;0;0
01.10.2021 23:00;0.627771429;0;0
02.10.2021 00:00;0.682342857;0;0
02.10.2021 01:00;0.6874;0;0
02.10.2021 02:00;0.603828571;0;0
02.10.2021 03:00;0.613728571;0;0
02.10.2021 04:00;0.6142;0;0.65022216
02.10.2021 05:00;0.867614286;0;6.5022216
02.10.2021 06:00;3.890285714;0;13.65466536
02.10.2021 07:00;4.092857143;0;12.11038773
02.10.2021 08:00;3.374314286;0;0.16255554
02.10.2021 09:00;6.0803;0;3.08855526
02.10.2021 10:00;3.4192;0;7.39627707
02.10.2021 11:00;1.4173;0;4.14516627
02.10.2021 12:00;1.502242857;0;0.97533324
02.10.2021 13:00;3.107342857;0;2.76344418
02.10.2021 14:00;2.499957143;0;11.70399888
02.10.2021 15:00;1.021071429;0;2.27577756
02.10.2021 16:00;1.218528571;0;0.16255554
02.10.2021 17:00;2.915642857;0;4.8766662
02.10.2021 18:00;6.390971429;0;12.11038773
02.10.2021 19:00;7.475885714;0;1.6255554
02.10.2021 20:00;3.919642857;0;0.16255554
02.10.2021 21:00;2.040928571;0;0.48766662
02.10.2021 22:00;1.279071429;0;0
02.10.2021 23:00;0.718528571;0;0
03.10.2021 00:00;0.569114286;0;0
03.10.2021 01:00;0.604928571;0;0
03.10.2021 02:00;0.600457143;0;0
03.10.2021 03:00;0.576971429;0;0
03.10.2021 04:00;0.624257143;0;0.32511108
03.10.2021 05:00;1.946671429;0;2.11322202
03.10.2021 06:00;5.519485714;0;11.21633226
03.10.2021 07:00;4.5731;0;15.93044292
03.10.2021 08:00;1.265214286;0;4.14516627
03.10.2021 09:00;2.397757143;0;7.15244376
03.10.2021 10:00;6.045957143;0;4.0638885
03.10.2021 11:00;3.224514286;0;0.97533324
03.10.2021 12:00;5.718542857;0;2.27577756
03.10.2021 13:00;2.400628571;0;6.82733268
03.10.2021 14:00;1.538871429;0;3.73877742
03.10.2021 15:00;2.253714286;0;0.97533324
03.10.2021 16:00;3.524157143;0;0.8127777
03.10.2021 17:00;1.469842857;0;0.32511108
03.10.2021 18:00;12.68427143;0;8.45288808
03.10.2021 19:00;7.915071429;0;4.8766662
03.10.2021 20:00;3.0362;0;6.01455498
03.10.2021 21:00;2.854485714;0;3.41366634
03.10.2021 22:00;1.793742857;0;0
03.10.2021 23:00;0.712242857;0;0
04.10.2021 00:00;0.611642857;0;0
04.10.2021 01:00;0.5993;0;0
04.10.2021 02:00;0.684442857;0;0
04.10.2021 03:00;0.712114286;0;0
04.10.2021 04:00;0.7168;0;0.32511108
04.10.2021 05:00;0.897728571;0;4.71411066
04.10.2021 06:00;4.624614286;0;13.41083205
04.10.2021 07:00;7.107857143;0;14.79255414
04.10.2021 08:00;6.669171429;0;7.55883261
04.10.2021 09:00;6.180314286;0;5.12049951
04.10.2021 10:00;8.521242857;0;4.38899958
04.10.2021 11:00;4.100071429;0;0.56894439
04.10.2021 12:00;2.509942857;0;0
04.10.2021 13:00;1.850014286;0;2.76344418
04.10.2021 14:00;1.9873;0;0.97533324
04.10.2021 15:00;5.560828571;0;0.97533324
04.10.2021 16:00;4.185914286;0;3.57622188
04.10.2021 17:00;2.467814286;0;5.52688836
04.10.2021 18:00;2.697742857;0;6.33966606
04.10.2021 19:00;4.003928571;0;8.77799916
04.10.2021 20:00;1.865214286;0;2.92599972
04.10.2021 21:00;2.080671429;0;0.48766662
04.10.2021 22:00;0.929757143;0;0
04.10.2021 23:00;0.725228571;0;0
05.10.2021 00:00;0.583814286;0;0
05.10.2021 01:00;0.583871429;0;0
05.10.2021 02:00;0.575385714;0;0
05.10.2021 03:00;0.558628571;0;0
05.10.2021 04:00;0.764242857;0;0.32511108
05.10.2021 05:00;0.7698;0;11.21633226
05.10.2021 06:00;3.5942;0;3.98261073
05.10.2021 07:00;4.623314286;0;10.48483233
05.10.2021 08:00;4.294414286;0;23.5705533
05.10.2021 09:00;7.490871429;0;4.47027735
05.10.2021 10:00;7.751214286;0;6.74605491
05.10.2021 11:00;8.646357143;0;4.30772181
05.10.2021 12:00;5.513171429;0;0.97533324
05.10.2021 13:00;2.919171429;0;1.78811094
05.10.2021 14:00;2.096;0;1.13788878
05.10.2021 15:00;6.950642857;0;7.96522146
05.10.2021 16:00;3.320771429;0;9.26566578
05.10.2021 17:00;3.919628571;0;0.48766662
05.10.2021 18:00;2.377228571;0;3.49494411
05.10.2021 19:00;8.646957143;0;8.127777
05.10.2021 20:00;6.4001;0;1.21916655
05.10.2021 21:00;2.183028571;0;3.08855526
05.10.2021 22:00;1.098642857;0;0
05.10.2021 23:00;0.748657143;0;0
06.10.2021 00:00;0.593242857;0;0.48766662
06.10.2021 01:00;0.575042857;0;0
06.10.2021 02:00;0.569471429;0;0
06.10.2021 03:00;0.591428571;0;0.16255554
06.10.2021 04:00;0.787814286;0;0
06.10.2021 05:00;0.895985714;0;2.76344418
06.10.2021 06:00;4.945214286;0;7.39627707
06.10.2021 07:00;3.010528571;0;14.95510968
06.10.2021 08:00;2.772628571;0;7.47755484
06.10.2021 09:00;4.339742857;0;6.01455498
06.10.2021 10:00;2.144157143;0;2.4383331
06.10.2021 11:00;1.262471429;0;0.32511108
06.10.2021 12:00;2.475071429;0;0.32511108
06.10.2021 13:00;1.175085714;0;2.92599972
06.10.2021 14:00;4.369828571;0;8.9405547
06.10.2021 15:00;2.657342857;0;13.49210982
06.10.2021 16:00;1.095414286;0;4.22644404
06.10.2021 17:00;2.721271429;0;1.30044432
06.10.2021 18:00;10.73785714;0;2.68216641
06.10.2021 19:00;11.92981429;0;2.68216641
06.10.2021 20:00;2.443542857;0;1.30044432
06.10.2021 21:00;2.657728571;0;0.65022216
06.10.2021 22:00;1.763685714;0.065301003;0
06.10.2021 23:00;1.686757143;0.093188985;0
07.10.2021 00:00;0.680985714;0.147371;0
07.10.2021 01:00;0.624828571;0.202180616;0
07.10.2021 02:00;0.610671429;0.233580387;0
07.10.2021 03:00;0.581985714;0.346599342;0
07.10.2021 04:00;0.586942857;0.453454339;0.16255554
07.10.2021 05:00;0.754128571;0.539256233;0.65022216
07.10.2021 06:00;2.648642857;0.459017209;9.59077686
07.10.2021 07:00;4.835071429;0;9.59077686
07.10.2021 08:00;2.435714286;0;13.73594313
07.10.2021 09:00;4.3489;0;3.73877742
07.10.2021 10:00;1.004228571;0;3.57622188
07.10.2021 11:00;2.056985714;0;2.11322202
07.10.2021 12:00;1.5397;0;0.32511108
07.10.2021 13:00;2.455;0;0
07.10.2021 14:00;1.9918;0;5.52688836
07.10.2021 15:00;1.456614286;0;2.76344418
07.10.2021 16:00;1.141871429;0;12.1916655
07.10.2021 17:00;2.162485714;0;0.32511108
07.10.2021 18:00;3.477085714;0;5.03922174
07.10.2021 19:00;10.0732;0;7.64011038
07.10.2021 20:00;6.273371429;0;10.5661101
07.10.2021 21:00;3.431257143;0;0.32511108
07.10.2021 22:00;1.482114286;0;0
07.10.2021 23:00;0.946957143;0.083321487;0
08.10.2021 00:00;0.695914286;0.200812702;0
08.10.2021 01:00;0.528214286;0.291628213;0
08.10.2021 02:00;0.602728571;0.397247086;0
08.10.2021 03:00;0.691685714;0.50203228;0
08.10.2021 04:00;0.656728571;0.624760149;0.16255554
08.10.2021 05:00;0.9329;0.767241943;4.22644404
08.10.2021 06:00;4.2318;0.41030601;15.19894299
08.10.2021 07:00;6.480628571;0.187695302;6.33966606
08.10.2021 08:00;2.145957143;0.23738086;1.05661101
08.10.2021 09:00;0.718728571;0.196989935;5.52688836
08.10.2021 10:00;0.635857143;0;0.32511108
08.10.2021 11:00;2.892642857;0;0.48766662
08.10.2021 12:00;4.269714286;0;0.16255554
08.10.2021 13:00;3.330242857;0;11.3788878
08.10.2021 14:00;2.860142857;0;3.57622188
08.10.2021 15:00;3.333714286;0;0.32511108
08.10.2021 16:00;4.531871429;0;7.15244376
08.10.2021 17:00;2.111057143;0;12.02910996
08.10.2021 18:00;6.489042857;0;2.60088864
08.10.2021 19:00;5.491071429;0;1.13788878
08.10.2021 20:00;5.714571429;0;0
08.10.2021 21:00;4.7968;0.026959586;9.59077686
08.10.2021 22:00;1.1219;0.073011377;1.6255554
08.10.2021 23:00;0.711428571;0.109985112;0
09.10.2021 00:00;0.688757143;0.122727614;0
09.10.2021 01:00;0.634628571;0.184351572;0
09.10.2021 02:00;0.611614286;0.251875276;0
09.10.2021 03:00;0.6652;0.302734484;0
09.10.2021 04:00;0.855471429;0.353730162;0.32511108
09.10.2021 05:00;0.808428571;0.478739895;3.90133296
09.10.2021 06:00;4.798457143;0.349881651;12.11038773
09.10.2021 07:00;2.673585714;0.143774207;15.76788738
09.10.2021 08:00;1.453642857;0.112313168;0.40638885
09.10.2021 09:00;1.220014286;0.095803535;0.8127777
09.10.2021 10:00;1.783814286;0;2.92599972
09.10.2021 11:00;3.907385714;0;11.70399888
09.10.2021 12:00;7.529628571;0;0
09.10.2021 13:00;3.060714286;0;0.16255554
09.10.2021 14:00;2.145714286;0;3.73877742
09.10.2021 15:00;2.064585714;0;3.00727749
09.10.2021 16:00;1.909728571;0;10.15972125
09.10.2021 17:00;2.103171429;0;0.56894439
09.10.2021 18:00;6.110342857;0;8.29033254
09.10.2021 19:00;8.319085714;0;3.41366634
09.10.2021 20:00;3.566128571;0;2.11322202
09.10.2021 21:00;3.041242857;0.078100565;8.127777
09.10.2021 22:00;1.3338;0.099669027;0.97533324
09.10.2021 23:00;0.8761;0.206993729;0
10.10.2021 00:00;0.578642857;0.290433926;0
10.10.2021 01:00;0.621114286;0.342634978;0
10.10.2021 02:00;0.652542857;0.400131378;0
10.10.2021 03:00;0.566728571;0.522060264;0
10.10.2021 04:00;0.713757143;0.748429296;0.48766662
10.10.2021 05:00;0.882785714;1.017376092;1.6255554
10.10.2021 06:00;4.037057143;0.995271921;12.92316543
10.10.2021 07:00;4.486785714;0.310971093;14.38616529
10.10.2021 08:00;2.097742857;0.448558404;5.44561059
10.10.2021 09:00;2.523528571;1.0658266;4.55155512
10.10.2021 10:00;0.963157143;0.798745815;9.10311024
10.10.2021 11:00;1.483528571;0.511284849;3.2511108
10.10.2021 12:00;3.181485714;0.356350441;0
10.10.2021 13:00;1.222214286;0.182499632;2.76344418
10.10.2021 14:00;1.308885714;0.168320707;0.48766662
10.10.2021 15:00;1.5995;0.441523042;9.7533324
10.10.2021 16:00;3.751471429;0.549135903;3.73877742
10.10.2021 17:00;11.34291429;0.523211401;5.20177728
10.10.2021 18:00;6.338771429;0.457933209;0.97533324
10.10.2021 19:00;5.159742857;0.411736085;2.92599972
10.10.2021 20:00;3.707814286;1.144709201;0
10.10.2021 21:00;2.026714286;2.429232868;1.30044432
10.10.2021 22:00;1.789814286;2.80738821;0
10.10.2021 23:00;1.108171429;3.157648043;0
11.10.2021 00:00;0.834857143;3.759178168;0
11.10.2021 01:00;0.602385714;4.155165224;0
11.10.2021 02:00;0.602385714;4.466688156;0
11.10.2021 03:00;0.676785714;4.737143303;0.32511108
11.10.2021 04:00;0.842028571;4.998369015;0.48766662
11.10.2021 05:00;1.154557143;5.13107442;4.22644404
11.10.2021 06:00;4.175071429;1.12149428;6.66477714
11.10.2021 07:00;5.523128571;2.759831209;13.08572097
11.10.2021 08:00;2.969742857;1.548745764;12.92316543
11.10.2021 09:00;6.389571429;1.235215618;9.50949909
11.10.2021 10:00;8.927157143;0.219728058;6.01455498
11.10.2021 11:00;8.048614286;0.330467145;3.08855526
11.10.2021 12:00;3.024242857;0.319239317;9.02183247
11.10.2021 13:00;2.9998;0.383887191;0.8127777
11.10.2021 14:00;3.4306;0.563897142;9.7533324
11.10.2021 15:00;4.147242857;0.980528305;0.97533324
11.10.2021 16:00;0.985385714;1.536387167;0.16255554
11.10.2021 17:00;2.023885714;2.252090224;6.82733268
11.10.2021 18:00;3.893185714;2.225759082;6.66477714
11.10.2021 19:00;7.239642857;1.58233265;10.89122118
11.10.2021 20:00;3.128;1.72978945;1.46299986
11.10.2021 21:00;2.530071429;3.086139146;1.6255554
11.10.2021 22:00;2.392771429;3.682184418;0.48766662
11.10.2021 23:00;0.978428571;4.699508598;0
12.10.2021 00:00;0.669428571;5.619304608;0
12.10.2021 01:00;0.575728571;6.006491203;0
12.10.2021 02:00;0.606642857;6.274007849;0
12.10.2021 03:00;0.620085714;6.427942243;0
12.10.2021 04:00;0.647985714;6.630944875;0.32511108
12.10.2021 05:00;0.779957143;6.834472298;4.55155512
12.10.2021 06:00;4.337528571;5.734635819;15.84916515
12.10.2021 07:00;4.772085714;4.329681635;16.41810954
12.10.2021 08:00;9.975371429;2.994638213;6.82733268
12.10.2021 09:00;8.955342857;2.681515706;9.50949909
12.10.2021 10:00;5.360385714;1.563229853;8.85927693
12.10.2021 11:00;7.080214286;0;7.88394369
12.10.2021 12:00;6.167985714;0;0.97533324
12.10.2021 13:00;3.198871429;0;1.95066648
12.10.2021 14:00;1.560314286;0;8.61544362
12.10.2021 15:00;4.590742857;0;2.4383331
12.10.2021 16:00;3.770914286;0.02606587;0.97533324
12.10.2021 17:00;3.770728571;0.061440174;6.01455498
12.10.2021 18:00;11.76164286;0.583164791;1.95066648
12.10.2021 19:00;9.752128571;0.91020318;3.41366634
12.10.2021 20:00;6.610914286;0.901629785;0.16255554
12.10.2021 21:00;1.991942857;0.931512024;3.41366634
12.10.2021 22:00;1.819242857;1.633304919;0
12.10.2021 23:00;0.960628571;2.197586139;0
13.10.2021 00:00;0.848842857;2.89867104;0
13.10.2021 01:00;0.707614286;3.399163582;0
13.10.2021 02:00;0.578757143;3.836156252;0
13.10.2021 03:00;0.574714286;4.174639764;0
13.10.2021 04:00;0.622271429;5.113233822;0.65022216
13.10.2021 05:00;1.251085714;6.140485528;3.57622188
13.10.2021 06:00;2.444714286;6.414821086;16.49938731
13.10.2021 07:00;5.343742857;1.628984543;11.86655442
13.10.2021 08:00;2.6472;0.627299129;3.82005519
13.10.2021 09:00;1.838228571;0;7.64011038
13.10.2021 10:00;1.109728571;0;1.78811094
13.10.2021 11:00;3.868671429;0;0.16255554
13.10.2021 12:00;7.0435;0;0
13.10.2021 13:00;3.3021;0;2.51961087
13.10.2021 14:00;3.680771429;0;3.2511108
13.10.2021 15:00;3.223228571;0;12.27294327
13.10.2021 16:00;10.6002;0;3.33238857
13.10.2021 17:00;3.165357143;0;3.08855526
13.10.2021 18:00;5.2723;0;6.58349937
13.10.2021 19:00;10.71754286;0;3.57622188
13.10.2021 20:00;2.786157143;0;2.4383331
13.10.2021 21:00;2.181214286;0;0
13.10.2021 22:00;2.063685714;0;0
13.10.2021 23:00;1.565171429;0.043319566;0
14.10.2021 00:00;0.677514286;0.116265497;0
14.10.2021 01:00;0.599328571;0.191343714;0
14.10.2021 02:00;0.589685714;0.248875843;0
14.10.2021 03:00;0.599671429;0.446978217;0
14.10.2021 04:00;1.0194;0.644969693;0.16255554
14.10.2021 05:00;1.066157143;0.895279179;7.15244376
14.10.2021 06:00;3.904657143;0.319262525;7.96522146
14.10.2021 07:00;3.835542857;0.18761344;23.97694215
14.10.2021 08:00;1.9732;0.39697742;3.08855526
14.10.2021 09:00;3.5079;0.530803991;2.92599972
14.10.2021 10:00;2.680914286;0.920058182;2.60088864
14.10.2021 11:00;5.750828571;0.834754527;5.6894439
14.10.2021 12:00;5.332128571;0.837783194;0.48766662
14.10.2021 13:00;0.92;1.068848004;0.32511108
14.10.2021 14:00;1.032828571;1.354676436;6.33966606
14.10.2021 15:00;1.447128571;1.599722455;9.91588794
14.10.2021 16:00;2.061042857;1.674193417;1.13788878
14.10.2021 17:00;2.501271429;1.932447719;0
14.10.2021 18:00;5.182171429;1.184367096;0.97533324
14.10.2021 19:00;8.828628571;0.455727682;1.95066648
14.10.2021 20:00;8.722171429;0.963919265;8.29033254
14.10.2021 21:00;3.6453;2.035710465;0.65022216
14.10.2021 22:00;1.198314286;2.975969156;0.16255554
14.10.2021 23:00;0.809028571;3.355664208;0
15.10.2021 00:00;0.6298;3.678898711;0
15.10.2021 01:00;0.643328571;3.938382214;0
15.10.2021 02:00;0.546614286;4.195601697;0
15.10.2021 03:00;0.569671429;4.559133797;0
15.10.2021 04:00;0.572028571;4.89683754;0
15.10.2021 05:00;0.7513;5.160516083;4.55155512
15.10.2021 06:00;3.162585714;1.273662235;7.07116599
15.10.2021 07:00;4.412685714;0.95212074;14.22360975
15.10.2021 08:00;3.288271429;0.454598479;1.95066648
15.10.2021 09:00;3.779671429;0.122014014;3.90133296
15.10.2021 10:00;1.2824;0;2.92599972
15.10.2021 11:00;4.360414286;0;3.2511108
15.10.2021 12:00;3.744857143;0.033483917;5.03922174
15.10.2021 13:00;7.592557143;0;7.3149993
15.10.2021 14:00;1.283328571;0.003543895;1.30044432
15.10.2021 15:00;1.638314286;0.176967295;6.82733268
15.10.2021 16:00;2.487757143;0.271263124;1.46299986
15.10.2021 17:00;5.338457143;0.432351844;6.82733268
15.10.2021 18:00;5.243428571;0.640570797;2.27577756
15.10.2021 19:00;9.234385714;0.041792826;0.16255554
15.10.2021 20:00;7.493485714;0;9.02183247
15.10.2021 21:00;3.804171429;0.220441699;1.6255554
15.10.2021 22:00;2.508828571;0.47294711;0
15.10.2021 23:00;0.641357143;1.472938482;0
16.10.2021 00:00;0.580042857;2.048334302;0
16.10.2021 01:00;0.6241;2.257729309;0
16.10.2021 02:00;0.632557143;2.568376246;0
16.10.2021 03:00;0.556057143;2.987399186;0
16.10.2021 04:00;0.688428571;3.461130004;0.32511108
16.10.2021 05:00;1.100157143;3.881035623;2.4383331
16.10.2021 06:00;4.876542857;3.116166151;10.40355456
16.10.2021 07:00;3.224942857;0.51691546;18.53133156
16.10.2021 08:00;3.913957143;0.350767757;3.98261073
16.10.2021 09:00;1.7532;0;1.6255554
16.10.2021 10:00;1.671142857;0;3.49494411
16.10.2021 11:00;2.933542857;0;8.45288808
16.10.2021 12:00;5.4504;0;2.76344418
16.10.2021 13:00;3.1611;0;2.60088864
16.10.2021 14:00;1.7322;0;1.30044432
16.10.2021 15:00;1.215571429;0;11.3788878
16.10.2021 16:00;1.4066;0;1.30044432
16.10.2021 17:00;7.737114286;0;1.13788878
16.10.2021 18:00;9.104814286;0;6.17711052
16.10.2021 19:00;16.97508571;0;2.11322202
16.10.2021 20:00;8.390514286;0;7.47755484
16.10.2021 21:00;1.637985714;0;3.2511108
16.10.2021 22:00;1.237828571;0;0.48766662
16.10.2021 23:00;0.8766;0;0
17.10.2021 00:00;0.567671429;0;0
17.10.2021 01:00;0.659914286;0;0
17.10.2021 02:00;0.584571429;0;0
17.10.2021 03:00;0.593314286;0;0
17.10.2021 04:00;0.578685714;0.004802401;0
17.10.2021 05:00;0.757214286;0;2.92599972
17.10.2021 06:00;3.866;0;12.35422104
17.10.2021 07:00;5.528257143;0;11.13505449
17.10.2021 08:00;2.302642857;0.224905196;8.53416585
17.10.2021 09:00;0.687385714;0.234063184;1.13788878
17.10.2021 10:00;2.165342857;0.251560734;5.6894439
17.10.2021 11:00;1.579942857;0.197846891;5.85199944
17.10.2021 12:00;1.316642857;0.089944663;3.73877742
17.10.2021 13:00;2.526428571;0.149559724;0.32511108
17.10.2021 14:00;1.174814286;0.30674156;2.76344418
17.10.2021 15:00;1.468714286;0.287708027;2.92599972
17.10.2021 16:00;2.117528571;0.555722044;8.29033254
17.10.2021 17:00;8.8253;0.633538965;9.91588794
17.10.2021 18:00;7.471214286;0.654052657;0.08127777
17.10.2021 19:00;9.041257143;0.42544715;0.16255554
17.10.2021 20:00;7.890371429;0.266887888;1.70683317
17.10.2021 21:00;1.482714286;1.642455924;0.16255554
17.10.2021 22:00;1.029728571;2.728624089;0.48766662
17.10.2021 23:00;0.7972;3.256501221;0
18.10.2021 00:00;0.576042857;3.826335837;0
18.10.2021 01:00;0.584457143;4.263806014;0
18.10.2021 02:00;0.646385714;4.883554449;0
18.10.2021 03:00;0.600485714;5.290445074;0.32511108
18.10.2021 04:00;0.607771429;5.444496656;0.32511108
18.10.2021 05:00;1.032371429;5.916615328;5.85199944
18.10.2021 06:00;6.525414286;4.45055935;17.47472055
18.10.2021 07:00;6.329871429;0.997613258;18.36877602
18.10.2021 08:00;6.445257143;1.589245975;5.28305505
18.10.2021 09:00;10.54257143;0.071172185;18.53133156
18.10.2021 10:00;4.220157143;0;3.33238857
18.10.2021 11:00;4.015814286;1.064268821;8.61544362
18.10.2021 12:00;2.0889;0.967823388;1.95066648
18.10.2021 13:00;1.212528571;1.751734382;0.48766662
18.10.2021 14:00;3.084342857;0.578847857;1.95066648
18.10.2021 15:00;4.687957143;0.751651081;0.8127777
18.10.2021 16:00;1.940085714;2.269701695;4.38899958
18.10.2021 17:00;1.511885714;3.622868973;4.71411066
18.10.2021 18:00;2.837442857;4.088538314;6.17711052
18.10.2021 19:00;7.2276;2.808717952;6.33966606
18.10.2021 20:00;3.676185714;3.295391816;0.65022216
18.10.2021 21:00;1.820242857;5.16840611;1.13788878
18.10.2021 22:00;1.237314286;6.00276261;0.32511108
18.10.2021 23:00;0.834842857;6.99656418;0
19.10.2021 00:00;0.647385714;7.68730037;0
19.10.2021 01:00;0.609071429;8.380554264;0
19.10.2021 02:00;0.605242857;8.904079161;0.16255554
19.10.2021 03:00;0.612685714;8.99978442;0.16255554
19.10.2021 04:00;0.756514286;9.1974167;0
19.10.2021 05:00;0.844142857;9.409685302;0.97533324
19.10.2021 06:00;3.179157143;8.720049205;8.77799916
19.10.2021 07:00;4.934285714;0.812339614;14.54872083
19.10.2021 08:00;2.872328571;0.566156253;23.48927553
19.10.2021 09:00;10.05054286;2.624638302;3.33238857
19.10.2021 10:00;5.826171429;2.307050823;20.15688696
19.10.2021 11:00;5.280885714;0.252056249;4.47027735
19.10.2021 12:00;5.774971429;1.288385571;0.97533324
19.10.2021 13:00;3.038728571;1.625345291;9.50949909
19.10.2021 14:00;6.973857143;0;6.01455498
19.10.2021 15:00;6.331414286;0;0.65022216
19.10.2021 16:00;1.897857143;0.836397428;0.97533324
19.10.2021 17:00;0.993942857;4.227975062;2.27577756
19.10.2021 18:00;9.249571429;4.868034142;1.54427763
19.10.2021 19:00;7.142285714;4.23168361;3.98261073
19.10.2021 20:00;5.495142857;5.267031488;2.60088864
19.10.2021 21:00;1.827342857;7.49151208;0.8127777
19.10.2021 22:00;1.246685714;9.653490459;0
19.10.2021 23:00;1.142214286;10.53884685;0
20.10.2021 00:00;0.789142857;11.19464025;0.16255554
20.10.2021 01:00;0.583071429;11.81312346;0
20.10.2021 02:00;0.566328571;12.42175007;0
20.10.2021 03:00;0.576342857;12.7615117;0
20.10.2021 04:00;0.833442857;12.83358368;0.48766662
20.10.2021 05:00;0.921271429;12.92438941;3.57622188
20.10.2021 06:00;6.764742857;11.11395691;9.59077686
20.10.2021 07:00;2.019657143;5.126185175;7.96522146
20.10.2021 08:00;6.4432;0.633905991;13.73594313
20.10.2021 09:00;3.011942857;0.007580622;9.7533324
20.10.2021 10:00;5.099585714;0.174024416;2.92599972
20.10.2021 11:00;5.360014286;0.100122642;0
20.10.2021 12:00;2.192857143;0;6.01455498
20.10.2021 13:00;6.151557143;0;1.46299986
20.10.2021 14:00;5.553228571;0;1.78811094
20.10.2021 15:00;2.142371429;0;1.13788878
20.10.2021 16:00;1.458614286;0;0.97533324
20.10.2021 17:00;2.167228571;0.29780195;7.3149993
20.10.2021 18:00;2.267842857;0.374922674;1.46299986
20.10.2021 19:00;14.11831429;1.43480128;6.09583275
20.10.2021 20:00;11.7415;1.309709972;8.37161031
20.10.2021 21:00;2.728514286;2.316067609;2.60088864
20.10.2021 22:00;2.346814286;3.587418921;0
20.10.2021 23:00;1.561257143;4.666340522;0
21.10.2021 00:00;0.699357143;5.858719832;0
21.10.2021 01:00;0.644585714;6.642112365;0
21.10.2021 02:00;0.5695;7.062423304;0
21.10.2021 03:00;0.575385714;7.586848833;0
21.10.2021 04:00;0.658228571;8.052515325;0.8127777
21.10.2021 05:00;0.7622;8.477503644;0
21.10.2021 06:00;3.037785714;7.755922237;10.72866564
21.10.2021 07:00;5.087671429;5.797885876;30.23533044
21.10.2021 08:00;3.595257143;5.16602813;13.24827651
21.10.2021 09:00;2.7281;5.907924154;3.73877742
21.10.2021 10:00;2.843285714;5.987803383;9.7533324
21.10.2021 11:00;2.330885714;5.377592372;1.30044432
21.10.2021 12:00;7.8621;3.696825592;0
21.10.2021 13:00;3.773071429;3.601603477;0.65022216
21.10.2021 14:00;2.8297;4.699269976;0.8127777
21.10.2021 15:00;1.931828571;5.116087251;0.48766662
21.10.2021 16:00;3.137028571;5.659482821;0.32511108
21.10.2021 17:00;3.138357143;5.878378236;8.9405547
21.10.2021 18:00;1.694557143;6.854083076;2.60088864
21.10.2021 19:00;4.904071429;6.513676919;1.95066648
21.10.2021 20:00;3.089828571;5.973284394;6.33966606
21.10.2021 21:00;2.831642857;6.458916162;3.41366634
21.10.2021 22:00;1.761271429;6.763527446;0
21.10.2021 23:00;0.880114286;7.537046386;0
22.10.2021 00:00;0.8355;7.85797025;0.48766662
22.10.2021 01:00;0.936071429;7.680190273;0
22.10.2021 02:00;0.795;7.954613677;0
22.10.2021 03:00;1.784785714;8.328460027;0
22.10.2021 04:00;0.863614286;8.53806514;0.32511108
22.10.2021 05:00;1.613528571;8.718142789;12.35422104
22.10.2021 06:00;3.743028571;7.978247891;8.53416585
22.10.2021 07:00;4.219242857;0.705639312;13.16699874
22.10.2021 08:00;3.865942857;0;8.77799916
22.10.2021 09:00;7.504728571;0;11.78527665
22.10.2021 10:00;3.271557143;0;4.71411066
22.10.2021 11:00;5.2707;0;1.30044432
22.10.2021 12:00;3.0792;0;2.27577756
22.10.2021 13:00;5.589214286;0;0.16255554
22.10.2021 14:00;3.265014286;0;1.78811094
22.10.2021 15:00;1.269228571;0;0
22.10.2021 16:00;7.3002;0;2.27577756
22.10.2021 17:00;12.63842857;0;11.86655442
22.10.2021 18:00;3.319542857;0;0.97533324
22.10.2021 19:00;3.100957143;0;2.11322202
22.10.2021 20:00;3.610371429;0;0.16255554
22.10.2021 21:00;1.035742857;0;2.11322202
22.10.2021 22:00;0.842385714;0.036999302;4.38899958
22.10.2021 23:00;0.572728571;0.041343135;0
23.10.2021 00:00;0.593242857;0.053949527;0
23.10.2021 01:00;0.6616;0.054614157;0
23.10.2021 02:00;0.589785714;0.174630091;0
23.10.2021 03:00;0.634742857;0.323313846;0.16255554
23.10.2021 04:00;0.760957143;0.367672126;0.16255554
23.10.2021 05:00;0.797;0.398871779;3.90133296
23.10.2021 06:00;3.215957143;0.332852097;12.11038773
23.10.2021 07:00;4.371657143;0;15.52405407
23.10.2021 08:00;7.326928571;0;14.54872083
23.10.2021 09:00;5.277985714;0.06302331;13.73594313
23.10.2021 10:00;2.984171429;0.108068478;2.92599972
23.10.2021 11:00;1.959485714;0.415124125;1.95066648
23.10.2021 12:00;2.358342857;0.848716573;0.8127777
23.10.2021 13:00;2.742057143;0.734963702;0
23.10.2021 14:00;4.661657143;0.193507432;0.08127777
23.10.2021 15:00;6.811414286;0;0.65022216
23.10.2021 16:00;2.670414286;0;1.05661101
23.10.2021 17:00;1.950642857;0.865388212;7.80266592
23.10.2021 18:00;6.433185714;0.620471177;0.32511108
23.10.2021 19:00;10.05784286;0.860467191;5.52688836
23.10.2021 20:00;4.128757143;1.087515021;0
23.10.2021 21:00;2.554042857;1.766777741;1.46299986
23.10.2021 22:00;1.099057143;2.633328728;0.32511108
23.10.2021 23:00;0.585385714;4.902337891;0
24.10.2021 00:00;0.560171429;5.718551023;0
24.10.2021 01:00;0.593842857;5.539034988;0
24.10.2021 02:00;0.653171429;5.501352799;0
24.10.2021 03:00;0.601742857;6.194855665;0
24.10.2021 04:00;0.612542857;6.655534222;0.16255554
24.10.2021 05:00;0.723071429;6.736542499;3.57622188
24.10.2021 06:00;2.411314286;6.913938664;13.65466536
24.10.2021 07:00;5.690242857;0.562103345;17.63727609
24.10.2021 08:00;4.7529;0;18.6938871
24.10.2021 09:00;3.556828571;0;4.0638885
24.10.2021 10:00;2.254971429;0;6.98988822
24.10.2021 11:00;4.250471429;0;0.73149993
24.10.2021 12:00;2.705228571;0;0
24.10.2021 13:00;1.841785714;0;3.57622188
24.10.2021 14:00;2.285957143;0;0.48766662
24.10.2021 15:00;1.285085714;0;0.97533324
24.10.2021 16:00;0.858285714;0.068478946;0.65022216
24.10.2021 17:00;4.0395;0;3.08855526
24.10.2021 18:00;5.5962;0.074505246;6.33966606
24.10.2021 19:00;5.799171429;0.373722997;3.57622188
24.10.2021 20:00;7.832742857;0.002486997;2.4383331
24.10.2021 21:00;1.692414286;0.100254968;0.97533324
24.10.2021 22:00;1.469557143;0.668968806;0
24.10.2021 23:00;1.086542857;0.654714636;0
25.10.2021 00:00;0.869057143;0.917310104;0
25.10.2021 01:00;0.563428571;1.215141812;0
25.10.2021 02:00;0.5704;1.746361534;0
25.10.2021 03:00;0.606442857;2.333671564;0
25.10.2021 04:00;0.712071429;2.983953497;0.32511108
25.10.2021 05:00;0.8587;3.416663494;4.38899958
25.10.2021 06:00;3.3059;2.818437909;8.20905477
25.10.2021 07:00;3.547828571;1.030728397;7.72138815
25.10.2021 08:00;8.323057143;0.280068688;16.41810954
25.10.2021 09:00;9.327471429;0;19.10027595
25.10.2021 10:00;9.878985714;0.270840322;3.98261073
25.10.2021 11:00;12.4557;0;0.97533324
25.10.2021 12:00;2.782628571;0;0.8127777
25.10.2021 13:00;2.809428571;0.056669995;1.46299986
25.10.2021 14:00;4.9605;0.138004563;3.08855526
25.10.2021 15:00;2.024014286;0.390327703;1.6255554
25.10.2021 16:00;0.882385714;0.646383701;3.2511108
25.10.2021 17:00;1.141642857;0.804369716;6.66477714
25.10.2021 18:00;4.310128571;0.893800558;6.17711052
25.10.2021 19:00;6.695071429;0.171596456;3.90133296
25.10.2021 20:00;4.147542857;0.079541276;0
25.10.2021 21:00;3.684028571;0;1.46299986
25.10.2021 22:00;1.656942857;0;0
25.10.2021 23:00;1.195128571;0.54733912;0
26.10.2021 00:00;0.834471429;0.663457657;0
26.10.2021 01:00;0.574757143;1.056652918;0
26.10.2021 02:00;0.604185714;1.447640391;0
26.10.2021 03:00;0.636114286;1.726959767;0
26.10.2021 04:00;0.637985714;2.033430526;0.48766662
26.10.2021 05:00;0.712428571;2.339213513;0
26.10.2021 06:00;2.841342857;1.93590634;7.88394369
26.10.2021 07:00;6.315157143;0;18.20622048
26.10.2021 08:00;6.601257143;0;23.73310884
26.10.2021 09:00;5.110457143;0;6.5022216
26.10.2021 10:00;1.992985714;0;5.36433282
26.10.2021 11:00;8.785257143;0;7.64011038
26.10.2021 12:00;4.018257143;0;0.32511108
26.10.2021 13:00;2.025271429;0;1.78811094
26.10.2021 14:00;9.163071429;0;11.21633226
26.10.2021 15:00;7.190642857;0;0.8127777
26.10.2021 16:00;2.3269;0;3.90133296
26.10.2021 17:00;1.929685714;0;5.85199944
26.10.2021 18:00;3.056571429;0;4.38899958
26.10.2021 19:00;3.741342857;0;1.78811094
26.10.2021 20:00;10.6517;0;0.8127777
26.10.2021 21:00;1.550842857;0;1.46299986
26.10.2021 22:00;1.162942857;0;0
26.10.2021 23:00;0.757571429;0.115111272;0
27.10.2021 00:00;0.599742857;0.334597386;0
27.10.2021 01:00;0.671214286;0.547614576;0
27.10.2021 02:00;0.594557143;1.295349722;0
27.10.2021 03:00;0.566242857;2.006072704;0
27.10.2021 04:00;0.5937;2.446854388;0.48766662
27.10.2021 05:00;0.849485714;2.622944699;3.08855526
27.10.2021 06:00;3.116542857;2.011103628;3.00727749
27.10.2021 07:00;4.252314286;0.822792092;25.43994201
27.10.2021 08:00;6.0773;0.189349607;16.90577616
27.10.2021 09:00;4.640171429;0;6.17711052
27.10.2021 10:00;1.527785714;0;1.78811094
27.10.2021 11:00;1.581914286;0;5.85199944
27.10.2021 12:00;3.0022;0;0.65022216
27.10.2021 13:00;3.463214286;0;1.95066648
27.10.2021 14:00;6.135528571;0;0.73149993
27.10.2021 15:00;7.626685714;0;0.32511108
27.10.2021 16:00;2.164385714;0;2.4383331
27.10.2021 17:00;2.699742857;0;10.40355456
27.10.2021 18:00;1.9688;0;4.71411066
27.10.2021 19:00;5.760485714;0;0.97533324
27.10.2021 20:00;2.205214286;0;0
27.10.2021 21:00;1.613414286;0.083957257;1.30044432
27.10.2021 22:00;1.2887;6.00E-05;0.97533324
27.10.2021 23:00;0.687385714;0.156466603;0
28.10.2021 00:00;0.759857143;0.230033631;0
28.10.2021 01:00;0.731157143;0.438850809;0
28.10.2021 02:00;0.707014286;0.693173482;0
28.10.2021 03:00;0.613171429;0.81525546;0
28.10.2021 04:00;0.661257143;1.17521978;0
28.10.2021 05:00;1.379685714;1.594957626;5.03922174
28.10.2021 06:00;4.415971429;1.634153795;9.91588794
28.10.2021 07:00;4.906742857;0.450807597;22.35138675
28.10.2021 08:00;3.723985714;0;10.07844348
28.10.2021 09:00;2.061628571;0;10.72866564
28.10.2021 10:00;1.682914286;0;2.4383331
28.10.2021 11:00;2.374871429;0;3.57622188
28.10.2021 12:00;1.587657143;0;0.65022216
28.10.2021 13:00;1.9175;0;0.48766662
28.10.2021 14:00;2.1205;0;2.60088864
28.10.2021 15:00;2.072057143;0;0.48766662
28.10.2021 16:00;2.315528571;0;0.65022216
28.10.2021 17:00;8.364014286;0;8.61544362
28.10.2021 18:00;5.908971429;0;2.92599972
28.10.2021 19:00;7.222471429;0;3.08855526
28.10.2021 20:00;11.69874286;0;2.68216641
28.10.2021 21:00;14.06444286;0;0.56894439
28.10.2021 22:00;1.515314286;0;0.97533324
28.10.2021 23:00;0.6078;0.103389555;0
29.10.2021 00:00;0.581142857;0.014324029;0
29.10.2021 01:00;0.589228571;0.166814173;0
29.10.2021 02:00;0.622442857;0.298685287;0
29.10.2021 03:00;0.6285;0.538978528;0.16255554
29.10.2021 04:00;0.622942857;0.992628914;0.16255554
29.10.2021 05:00;0.7234;1.676123285;7.15244376
29.10.2021 06:00;4.185228571;1.883462021;12.84188766
29.10.2021 07:00;5.2519;0.567031831;9.18438801
29.10.2021 08:00;4.768885714;0;22.35138675
29.10.2021 09:00;3.4815;0;6.33966606
29.10.2021 10:00;3.970057143;0;0
29.10.2021 11:00;3.7225;0;2.92599972
29.10.2021 12:00;2.090142857;0;0.65022216
29.10.2021 13:00;1.359314286;0;0.65022216
29.10.2021 14:00;2.397957143;0;0.97533324
29.10.2021 15:00;4.9786;0;1.54427763
29.10.2021 16:00;1.812214286;0;11.70399888
29.10.2021 17:00;6.043842857;0;8.29033254
29.10.2021 18:00;5.432628571;0;1.30044432
29.10.2021 19:00;5.092428571;0;2.60088864
29.10.2021 20:00;6.438;0;3.08855526
29.10.2021 21:00;4.582342857;0;3.08855526
29.10.2021 22:00;1.465285714;0;0
29.10.2021 23:00;0.849428571;0;0
30.10.2021 00:00;0.570628571;0.018924216;0
30.10.2021 01:00;0.567971429;0.142008115;0
30.10.2021 02:00;0.619957143;0.228941955;0
30.10.2021 03:00;0.653185714;0.299819566;0.32511108
30.10.2021 04:00;0.762342857;0.521453915;0.16255554
30.10.2021 05:00;0.816614286;0.750787711;5.52688836
30.10.2021 06:00;1.2568;0.69409707;4.8766662
30.10.2021 07:00;5.247671429;0;11.46016557
30.10.2021 08:00;5.112714286;0;27.30933072
30.10.2021 09:00;5.9103;0;1.13788878
30.10.2021 10:00;1.851785714;0;3.41366634
30.10.2021 11:00;4.458628571;0;1.30044432
30.10.2021 12:00;1.108214286;0;2.27577756
30.10.2021 13:00;3.400885714;0;0.16255554
30.10.2021 14:00;1.807228571;0;0.8127777
30.10.2021 15:00;2.857842857;0;0.97533324
30.10.2021 16:00;4.762971429;0;7.3149993
30.10.2021 17:00;3.680485714;0;1.30044432
30.10.2021 18:00;10.04201429;0;4.79538843
30.10.2021 19:00;6.050085714;0;8.37161031
30.10.2021 20:00;1.4624;0;4.8766662
30.10.2021 21:00;2.600685714;0;2.76344418
30.10.2021 22:00;1.760414286;0;0
30.10.2021 23:00;1.248828571;0;0
31.10.2021 00:00;0.621228571;0;0
31.10.2021 01:00;0.5873;0;0
31.10.2021 02:00;0.577214286;0;0
31.10.2021 03:00;0.633185714;0;0
31.10.2021 04:00;0.739871429;0;0.32511108
31.10.2021 05:00;0.772142857;0;0.65022216
31.10.2021 06:00;4.096585714;0;10.97249895
31.10.2021 07:00;3.898685714;0;15.28022076
31.10.2021 08:00;2.7686;0;27.55316403
31.10.2021 09:00;4.936971429;0;4.8766662
31.10.2021 10:00;4.5677;0;2.92599972
31.10.2021 11:00;8.819757143;0;0.97533324
31.10.2021 12:00;5.562942857;0;7.39627707
31.10.2021 13:00;5.464528571;0;0.24383331
31.10.2021 14:00;1.105671429;0;0.65022216
31.10.2021 15:00;1.208414286;0;0.16255554
31.10.2021 16:00;0.951928571;0;2.4383331
31.10.2021 17:00;3.4861;0;1.95066648
31.10.2021 18:00;5.176271429;0;0.65022216
31.10.2021 19:00;8.041957143;0;12.67933212
31.10.2021 20:00;5.179414286;0;2.27577756
31.10.2021 21:00;1.777557143;0;0
31.10.2021 22:00;1.069628571;0;2.4383331
31.10.2021 23:00;0.625242857;0;0
01.11.2021 00:00;0.601585714;0;0
01.11.2021 01:00;0.643857143;0;0
01.11.2021 02:00;0.571771429;0;0
01.11.2021 03:00;0.612385714;0;0
01.11.2021 04:00;0.641457143;0;0.16255554
01.11.2021 05:00;0.942242857;0;12.35422104
01.11.2021 06:00;4.622271429;0;11.78527665
01.11.2021 07:00;4.1785;0;9.42822132
01.11.2021 08:00;7.317542857;0;8.127777
01.11.2021 09:00;4.7002;0;5.60816613
01.11.2021 10:00;5.758257143;0;15.4427763
01.11.2021 11:00;9.0865;0;0.89405547
01.11.2021 12:00;4.175542857;0;0
01.11.2021 13:00;2.1868;0;0
01.11.2021 14:00;3.840657143;0;9.59077686
01.11.2021 15:00;5.201857143;0;0.48766662
01.11.2021 16:00;2.2994;0;1.95066648
01.11.2021 17:00;1.847228571;0;10.24099902
01.11.2021 18:00;1.524928571;0;3.73877742
01.11.2021 19:00;5.116814286;0;5.52688836
01.11.2021 20:00;3.818371429;0;0
01.11.2021 21:00;1.131928571;0;0.16255554
01.11.2021 22:00;1.123414286;0.033895601;0
01.11.2021 23:00;0.604214286;0;0
02.11.2021 00:00;0.5922;0.244752797;0
02.11.2021 01:00;0.587471429;0.428155642;0
02.11.2021 02:00;0.6326;0.603392309;0
02.11.2021 03:00;0.587942857;0.866985601;0
02.11.2021 04:00;0.767171429;1.128969218;0.32511108
02.11.2021 05:00;0.787971429;1.330646652;2.92599972
02.11.2021 06:00;2.868457143;1.130600839;3.16983303
02.11.2021 07:00;3.071014286;0.539030157;7.15244376
02.11.2021 08:00;3.433628571;0;4.95794397
02.11.2021 09:00;3.994014286;0;13.16699874
02.11.2021 10:00;6.094814286;0;7.47755484
02.11.2021 11:00;5.8981;0;9.26566578
02.11.2021 12:00;3.354571429;0;0.48766662
02.11.2021 13:00;1.281728571;0;0.16255554
02.11.2021 14:00;5.653442857;0;11.05377672
02.11.2021 15:00;2.184685714;0;7.3149993
02.11.2021 16:00;1.583714286;0;2.11322202
02.11.2021 17:00;1.297471429;0;0.32511108
02.11.2021 18:00;1.6297;0;5.03922174
02.11.2021 19:00;6.035842857;0;2.4383331
02.11.2021 20:00;2.666842857;0;1.30044432
02.11.2021 21:00;1.0933;0;0.65022216
02.11.2021 22:00;1.424742857;0;0.16255554
02.11.2021 23:00;0.864485714;0;0
03.11.2021 00:00;0.581271429;0;0
03.11.2021 01:00;0.561028571;0;0
03.11.2021 02:00;0.606028571;0;0
03.11.2021 03:00;0.632414286;0;0
03.11.2021 04:00;0.612914286;0.168921797;0
03.11.2021 05:00;1.072142857;0.225331826;2.4383331
03.11.2021 06:00;1.961428571;0.109694201;5.85199944
03.11.2021 07:00;2.632828571;0.027326961;2.60088864
03.11.2021 08:00;1.956471429;0;0.73149993
03.11.2021 09:00;1.704814286;0;0.32511108
03.11.2021 10:00;1.213457143;0;3.08855526
03.11.2021 11:00;3.505271429;0;4.55155512
03.11.2021 12:00;1.5244;0;0.32511108
03.11.2021 13:00;1.694385714;0;5.20177728
03.11.2021 14:00;1.146028571;0;0
03.11.2021 15:00;2.169128571;0;7.47755484
03.11.2021 16:00;4.676942857;0;7.96522146
03.11.2021 17:00;3.541971429;0;8.77799916
03.11.2021 18:00;6.001271429;0;0.16255554
03.11.2021 19:00;10.0082;0;3.82005519
03.11.2021 20:00;7.735814286;0;5.03922174
03.11.2021 21:00;1.620857143;0;0.40638885
03.11.2021 22:00;0.9624;0;0
03.11.2021 23:00;0.635485714;0;0
04.11.2021 00:00;0.619757143;0;0
04.11.2021 01:00;0.659742857;0;0
04.11.2021 02:00;0.706171429;0;0
04.11.2021 03:00;0.764442857;0;0.16255554
04.11.2021 04:00;0.819971429;0.004647626;0
04.11.2021 05:00;0.806228571;0.072400795;0.65022216
04.11.2021 06:00;2.389328571;0;6.09583275
04.11.2021 07:00;3.360042857;0.007757724;10.64738787
04.11.2021 08:00;1.141571429;0;0.97533324
04.11.2021 09:00;1.293371429;0;1.95066648
04.11.2021 10:00;1.4775;0;4.79538843
04.11.2021 11:00;2.089914286;0;0
04.11.2021 12:00;1.5028;0;0.32511108
04.11.2021 13:00;1.526628571;0;2.60088864
04.11.2021 14:00;1.192328571;0;2.27577756
04.11.2021 15:00;0.859671429;0;2.4383331
04.11.2021 16:00;0.719757143;0;8.29033254
04.11.2021 17:00;2.097128571;0;3.57622188
04.11.2021 18:00;4.043757143;0;9.42822132
04.11.2021 19:00;8.266957143;0;8.127777
04.11.2021 20:00;5.782842857;0;0
04.11.2021 21:00;4.158771429;0;3.2511108
04.11.2021 22:00;1.041328571;0;0
04.11.2021 23:00;0.757314286;0;0
05.11.2021 00:00;0.593714286;0;0
05.11.2021 01:00;0.650828571;0;0
05.11.2021 02:00;0.5654;0;0
05.11.2021 03:00;0.5633;0;0
05.11.2021 04:00;0.6313;0;0
05.11.2021 05:00;0.867485714;0;5.36433282
05.11.2021 06:00;3.563057143;0;2.03194425
05.11.2021 07:00;2.470714286;0;4.95794397
05.11.2021 08:00;1.984557143;0;1.05661101
05.11.2021 09:00;1.300314286;0;1.46299986
05.11.2021 10:00;1.1123;0;3.08855526
05.11.2021 11:00;1.202842857;0;1.13788878
05.11.2021 12:00;1.892;0;4.71411066
05.11.2021 13:00;3.417957143;0;2.27577756
05.11.2021 14:00;5.733528571;0;0.97533324
05.11.2021 15:00;3.627057143;0;8.45288808
05.11.2021 16:00;1.690057143;0;0
05.11.2021 17:00;5.752057143;0;5.52688836
05.11.2021 18:00;13.30364286;0;10.24099902
05.11.2021 19:00;12.84332857;0;0.89405547
05.11.2021 20:00;8.083728571;0;8.69672139
05.11.2021 21:00;1.448528571;0;0.48766662
05.11.2021 22:00;1.353385714;0.07979138;0
05.11.2021 23:00;0.667185714;0.587230541;0
06.11.2021 00:00;0.604171429;1.32690541;0
06.11.2021 01:00;0.583385714;1.981930032;0
06.11.2021 02:00;0.6471;2.56757639;0
06.11.2021 03:00;0.586542857;3.219139113;0
06.11.2021 04:00;0.591957143;3.822940389;0.48766662
06.11.2021 05:00;0.759671429;4.244549283;4.38899958
06.11.2021 06:00;3.102357143;4.62174027;6.01455498
06.11.2021 07:00;3.123228571;4.108559312;5.20177728
06.11.2021 08:00;3.246471429;0;2.35705533
06.11.2021 09:00;1.521728571;0;0.56894439
06.11.2021 10:00;0.769914286;0;3.57622188
06.11.2021 11:00;1.914128571;0;1.30044432
06.11.2021 12:00;1.053528571;0;0
06.11.2021 13:00;1.5243;0;3.57622188
06.11.2021 14:00;1.879742857;0;0.32511108
06.11.2021 15:00;0.993814286;0;6.5022216
06.11.2021 16:00;0.785214286;0;6.17711052
06.11.2021 17:00;2.599057143;0;6.98988822
06.11.2021 18:00;4.426271429;0;4.0638885
06.11.2021 19:00;6.384585714;0;2.60088864
06.11.2021 20:00;3.634985714;0;11.3788878
06.11.2021 21:00;2.383228571;0;0.97533324
06.11.2021 22:00;1.362828571;0;0
06.11.2021 23:00;0.651171429;0;0
07.11.2021 00:00;0.604971429;0.020022462;0
07.11.2021 01:00;1.449328571;0.075489972;0
07.11.2021 02:00;0.5742;0.284458981;0
07.11.2021 03:00;0.675414286;0.626047147;0.32511108
07.11.2021 04:00;0.669742857;1.015781753;0
07.11.2021 05:00;0.703685714;1.119814994;1.30044432
07.11.2021 06:00;3.109442857;0.507748847;7.55883261
07.11.2021 07:00;3.170042857;0.194617949;4.47027735
07.11.2021 08:00;1.960085714;0.386662161;3.08855526
07.11.2021 09:00;3.134528571;0.27508879;18.61260933
07.11.2021 10:00;0.6643;0;4.38899958
07.11.2021 11:00;1.2681;0;4.0638885
07.11.2021 12:00;2.078042857;0;0.48766662
07.11.2021 13:00;1.890685714;0;1.95066648
07.11.2021 14:00;2.875942857;0;0.16255554
07.11.2021 15:00;5.630371429;0;1.78811094
07.11.2021 16:00;1.567828571;0.225079478;9.10311024
07.11.2021 17:00;1.577585714;0.217310781;1.46299986
07.11.2021 18:00;2.883528571;0.251568794;2.4383331
07.11.2021 19:00;15.92788571;0;14.14233198
07.11.2021 20:00;13.95148571;0;0.16255554
07.11.2021 21:00;3.104128571;0.448022074;9.59077686
07.11.2021 22:00;1.363885714;0.66390188;0.16255554
07.11.2021 23:00;1.189414286;0.929065084;0
08.11.2021 00:00;0.677142857;1.642732593;0
08.11.2021 01:00;0.604757143;2.039436515;0
08.11.2021 02:00;0.564414286;2.431524766;0
08.11.2021 03:00;0.579942857;2.950890047;0
08.11.2021 04:00;0.772585714;3.479439152;0.32511108
08.11.2021 05:00;0.722771429;4.133828809;2.27577756
08.11.2021 06:00;2.658385714;3.7380046;4.0638885
08.11.2021 07:00;2.054971429;2.972595581;8.20905477
08.11.2021 08:00;6.013628571;0.037411808;11.70399888
08.11.2021 09:00;12.66855714;0;8.69672139
08.11.2021 10:00;6.7523;0;8.61544362
08.11.2021 11:00;4.1263;0;8.77799916
08.11.2021 12:00;5.7502;0;2.60088864
08.11.2021 13:00;1.3531;0;2.60088864
08.11.2021 14:00;4.687085714;0;0.48766662
08.11.2021 15:00;1.797857143;0;2.60088864
08.11.2021 16:00;1.020671429;0;4.71411066
08.11.2021 17:00;2.702157143;0;7.64011038
08.11.2021 18:00;2.811985714;0;8.53416585
08.11.2021 19:00;10.81088571;0.122847899;5.12049951
08.11.2021 20:00;4.542985714;0.422940785;8.77799916
08.11.2021 21:00;1.970957143;1.023710836;3.73877742
08.11.2021 22:00;1.473328571;1.976951825;0
08.11.2021 23:00;0.993128571;3.056945795;0
09.11.2021 00:00;0.608557143;3.95156856;0
09.11.2021 01:00;0.567128571;4.807255347;0
09.11.2021 02:00;0.5612;5.460196383;0
09.11.2021 03:00;0.5989;6.076026362;0
09.11.2021 04:00;0.684671429;6.839195201;0.32511108
09.11.2021 05:00;0.642157143;7.6980337;2.4383331
09.11.2021 06:00;2.491242857;7.752780035;7.3149993
09.11.2021 07:00;6.267757143;6.360730258;10.48483233
09.11.2021 08:00;9.055685714;1.211987985;12.84188766
09.11.2021 09:00;13.02945714;0;15.68660961
09.11.2021 10:00;3.564185714;0;3.08855526
09.11.2021 11:00;8.826042857;0;2.92599972
09.11.2021 12:00;2.553757143;0;4.8766662
09.11.2021 13:00;6.514257143;0;6.5022216
09.11.2021 14:00;10.13247143;0;16.41810954
09.11.2021 15:00;5.105428571;0;0.65022216
09.11.2021 16:00;3.771842857;0;0.48766662
09.11.2021 17:00;3.516171429;0.039469245;8.45288808
09.11.2021 18:00;5.453957143;0.353917983;4.71411066
09.11.2021 19:00;4.794557143;0.204063058;2.92599972
09.11.2021 20:00;3.945271429;0.758488907;0.32511108
09.11.2021 21:00;2.529042857;2.393236641;0.16255554
09.11.2021 22:00;1.624657143;3.58572392;0.48766662
09.11.2021 23:00;0.853985714;4.170135865;0
10.11.2021 00:00;0.662857143;4.741520858;0
10.11.2021 01:00;0.5864;5.152899226;0
10.11.2021 02:00;0.560757143;5.429205693;0
10.11.2021 03:00;0.590614286;5.746898981;0
10.11.2021 04:00;0.626242857;6.354104912;0.32511108
10.11.2021 05:00;3.259914286;5.992178415;2.4383331
10.11.2021 06:00;8.6468;4.65822642;1.30044432
10.11.2021 07:00;6.0334;3.794291166;19.83177588
10.11.2021 08:00;0.673128571;4.099784076;0.89405547
10.11.2021 09:00;1.198614286;3.128036254;1.30044432
10.11.2021 10:00;0.7645;0;6.66477714
10.11.2021 11:00;1.887214286;0;0.97533324
10.11.2021 12:00;1.815228571;0;2.60088864
10.11.2021 13:00;1.297557143;0;3.73877742
10.11.2021 14:00;2.837914286;0.012455091;10.07844348
10.11.2021 15:00;1.2368;0.556411424;2.11322202
10.11.2021 16:00;1.153871429;1.319821822;0.32511108
10.11.2021 17:00;1.641928571;2.088941118;13.0044432
10.11.2021 18:00;7.838614286;2.060817017;9.10311024
10.11.2021 19:00;13.63145714;2.109389713;1.13788878
10.11.2021 20:00;4.2412;2.936218246;2.76344418
10.11.2021 21:00;2.641285714;3.740694474;2.92599972
10.11.2021 22:00;1.005657143;4.344509286;0.97533324
10.11.2021 23:00;0.606628571;5.484755035;0
11.11.2021 00:00;0.592457143;6.310575209;0
11.11.2021 01:00;0.648542857;7.095707527;0
11.11.2021 02:00;0.578957143;7.782457167;0
11.11.2021 03:00;0.619742857;8.578441701;0
11.11.2021 04:00;0.686457143;9.354157093;0
11.11.2021 05:00;1.233571429;9.812246738;2.60088864
11.11.2021 06:00;6.141642857;8.211660755;13.49210982
11.11.2021 07:00;3.480271429;6.964776488;13.0044432
11.11.2021 08:00;4.902314286;6.957465945;6.5022216
11.11.2021 09:00;5.513642857;6.822185727;0.89405547
11.11.2021 10:00;3.3435;6.724735162;3.57622188
11.11.2021 11:00;4.973871429;5.006829457;0
11.11.2021 12:00;5.290671429;3.843394426;0
11.11.2021 13:00;2.040785714;5.89276514;6.17711052
11.11.2021 14:00;3.302042857;7.007085681;6.66477714
11.11.2021 15:00;5.0321;6.182809189;6.82733268
11.11.2021 16:00;1.045157143;7.69791949;1.13788878
11.11.2021 17:00;2.785571429;9.108470621;5.20177728
11.11.2021 18:00;2.527914286;8.959284913;2.92599972
11.11.2021 19:00;3.984342857;8.537989474;0.16255554
11.11.2021 20:00;8.8943;6.668573564;2.76344418
11.11.2021 21:00;9.091657143;7.386109664;2.76344418
11.11.2021 22:00;9.234257143;7.563680389;2.11322202
11.11.2021 23:00;1.175257143;8.050669702;0
12.11.2021 00:00;0.594614286;10.24756029;0
12.11.2021 01:00;0.573614286;10.71171042;0
12.11.2021 02:00;0.612014286;11.23829735;0
12.11.2021 03:00;0.653428571;11.58248573;0
12.11.2021 04:00;0.6441;11.29694707;0.16255554
12.11.2021 05:00;0.873342857;10.89160732;3.90133296
12.11.2021 06:00;5.465342857;9.06782681;14.87383191
12.11.2021 07:00;3.524085714;8.3742638;12.92316543
12.11.2021 08:00;3.457914286;9.195268009;6.42094383
12.11.2021 09:00;3.374357143;7.563311275;2.60088864
12.11.2021 10:00;2.782028571;5.827863003;4.8766662
12.11.2021 11:00;1.970371429;2.740575695;1.46299986
12.11.2021 12:00;4.2496;1.157078387;2.27577756
12.11.2021 13:00;0.901728571;1.880342163;3.73877742
12.11.2021 14:00;1.055657143;4.476074917;0.32511108
12.11.2021 15:00;0.988085714;6.059646074;10.24099902
12.11.2021 16:00;3.380928571;6.36954427;5.03922174
12.11.2021 17:00;4.852571429;5.804127577;2.60088864
12.11.2021 18:00;5.521357143;5.395013419;10.24099902
12.11.2021 19:00;6.705228571;4.863563195;0
12.11.2021 20:00;4.942528571;5.061967238;0.97533324
12.11.2021 21:00;3.729614286;6.109982247;3.90133296
12.11.2021 22:00;1.819042857;7.245149902;0
12.11.2021 23:00;1.5239;8.365483879;0
13.11.2021 00:00;0.696242857;9.270204767;0
13.11.2021 01:00;0.592714286;9.970905581;0
13.11.2021 02:00;0.5956;10.36444381;0
13.11.2021 03:00;0.659185714;10.62173532;0.48766662
13.11.2021 04:00;0.696157143;10.81015267;0
13.11.2021 05:00;0.848728571;10.89493291;3.41366634
13.11.2021 06:00;1.865571429;10.56065622;3.33238857
13.11.2021 07:00;4.894871429;9.278105363;20.64455358
13.11.2021 08:00;3.316285714;9.478985725;8.20905477
13.11.2021 09:00;1.460285714;11.46128207;4.55155512
13.11.2021 10:00;2.550785714;12.14481666;1.78811094
13.11.2021 11:00;2.317228571;11.86609266;4.38899958
13.11.2021 12:00;1.917342857;11.96919421;2.92599972
13.11.2021 13:00;0.854185714;12.29354351;0
13.11.2021 14:00;0.907028571;12.32334658;7.3149993
13.11.2021 15:00;0.929128571;11.95685021;4.38899958
13.11.2021 16:00;1.428257143;12.08421759;10.5661101
13.11.2021 17:00;3.596071429;11.52858694;5.20177728
13.11.2021 18:00;7.959757143;9.447376659;3.41366634
13.11.2021 19:00;8.903028571;7.817862893;6.98988822
13.11.2021 20:00;4.691328571;8.993781485;2.27577756
13.11.2021 21:00;2.760357143;10.98174068;0.16255554
13.11.2021 22:00;1.054828571;12.27415679;0
13.11.2021 23:00;0.617371429;13.18912073;0
14.11.2021 00:00;0.582385714;13.48070074;0
14.11.2021 01:00;0.5959;13.57509783;0
14.11.2021 02:00;0.590285714;13.72328361;0
14.11.2021 03:00;0.627328571;14.08039888;0
14.11.2021 04:00;0.676528571;14.31890175;0.16255554
14.11.2021 05:00;0.721285714;14.6308587;1.6255554
14.11.2021 06:00;3.135642857;14.36864936;6.25838829
14.11.2021 07:00;4.299328571;13.94062688;13.97977644
14.11.2021 08:00;5.557585714;13.47228077;1.13788878
14.11.2021 09:00;7.221142857;11.5979338;12.1916655
14.11.2021 10:00;2.780114286;9.274268842;4.71411066
14.11.2021 11:00;1.900728571;11.47564655;0.48766662
14.11.2021 12:00;2.624985714;13.66381825;2.27577756
14.11.2021 13:00;3.227685714;13.84144519;0.48766662
14.11.2021 14:00;2.659657143;14.22274213;2.11322202
14.11.2021 15:00;2.127171429;14.99878125;3.57622188
14.11.2021 16:00;0.819771429;15.96624645;6.5022216
14.11.2021 17:00;2.532814286;16.13765409;6.5022216
14.11.2021 18:00;7.424642857;13.89751561;9.34694355
14.11.2021 19:00;7.576828571;11.86439189;8.04649923
14.11.2021 20:00;4.693885714;12.68033831;2.27577756
14.11.2021 21:00;2.006057143;14.80563309;3.41366634
14.11.2021 22:00;1.016871429;16.42181105;0
14.11.2021 23:00;0.8531;17.08512716;0
15.11.2021 00:00;0.654714286;17.31828319;0
15.11.2021 01:00;0.601385714;17.47167266;0
15.11.2021 02:00;0.589628571;17.59003954;0
15.11.2021 03:00;0.581542857;17.8072432;0
15.11.2021 04:00;0.627271429;17.95689583;0
15.11.2021 05:00;0.7253;18.04331823;0.97533324
15.11.2021 06:00;4.158657143;16.88998061;8.45288808
15.11.2021 07:00;3.762185714;15.69485803;10.5661101
15.11.2021 08:00;4.292985714;15.580423;8.127777
15.11.2021 09:00;11.6683;12.23031831;2.51961087
15.11.2021 10:00;6.866157143;10.47204725;8.20905477
15.11.2021 11:00;4.624657143;12.62529632;4.79538843
15.11.2021 12:00;2.889285714;14.33607406;9.7533324
15.11.2021 13:00;6.953742857;13.71134671;0.08127777
15.11.2021 14:00;13.43318571;10.40572576;5.28305505
15.11.2021 15:00;8.033385714;9.975080602;0.48766662
15.11.2021 16:00;3.584814286;13.52055662;10.40355456
15.11.2021 17:00;5.201128571;14.84407224;13.16699874
15.11.2021 18:00;3.140771429;15.31381051;5.36433282
15.11.2021 19:00;5.839171429;15.25272582;1.13788878
15.11.2021 20:00;4.862785714;14.67101;0.48766662
15.11.2021 21:00;1.820014286;16.18502092;2.60088864
15.11.2021 22:00;1.154442857;17.63305803;0
15.11.2021 23:00;0.831014286;18.11835351;0
16.11.2021 00:00;0.828257143;18.32447706;0
16.11.2021 01:00;0.654714286;18.31366803;0
16.11.2021 02:00;0.574828571;18.35567279;0
16.11.2021 03:00;0.579828571;18.47159966;0
16.11.2021 04:00;0.621771429;18.5371665;0
16.11.2021 05:00;0.800742857;18.54957189;0.65022216
16.11.2021 06:00;4.817285714;17.19741302;13.32955428
16.11.2021 07:00;3.483528571;15.65791905;9.10311024
16.11.2021 08:00;8.579;13.31742386;10.80994341
16.11.2021 09:00;9.874271429;11.13993468;9.10311024
16.11.2021 10:00;2.902257143;12.84985937;6.01455498
16.11.2021 11:00;7.789528571;12.77639637;5.85199944
16.11.2021 12:00;2.3573;11.93261051;2.11322202
16.11.2021 13:00;2.297257143;13.99544833;7.3149993
16.11.2021 14:00;2.612914286;14.32525692;1.6255554
16.11.2021 15:00;4.688857143;13.8427137;13.24827651
16.11.2021 16:00;4.908428571;14.02698625;2.92599972
16.11.2021 17:00;2.9707;15.19134996;1.30044432
16.11.2021 18:00;2.650571429;16.32114828;1.6255554
16.11.2021 19:00;3.022628571;16.52258866;12.67933212
16.11.2021 20:00;3.016;16.48379425;3.57622188
16.11.2021 21:00;3.670528571;16.14405462;1.13788878
16.11.2021 22:00;2.110528571;16.45373865;0
16.11.2021 23:00;0.694428571;17.63943489;0
17.11.2021 00:00;0.579871429;18.27152849;0
17.11.2021 01:00;0.656642857;18.36813641;0
17.11.2021 02:00;0.592542857;18.4551164;0
17.11.2021 03:00;0.585714286;18.59987434;0
17.11.2021 04:00;0.681114286;18.65976001;0.48766662
17.11.2021 05:00;0.813428571;18.6606852;0.97533324
17.11.2021 06:00;3.801614286;17.66789547;15.52405407
17.11.2021 07:00;4.2059;16.68239304;6.90861045
17.11.2021 08:00;2.8679;17.19975417;3.73877742
17.11.2021 09:00;1.724585714;18.22543071;5.28305505
17.11.2021 10:00;1.347571429;18.51658433;0
17.11.2021 11:00;2.212157143;17.94308508;0.48766662
17.11.2021 12:00;0.907885714;17.66090664;0
17.11.2021 13:00;1.925842857;17.54464248;10.89122118
17.11.2021 14:00;1.828642857;16.76968946;1.30044432
17.11.2021 15:00;1.459228571;17.01159776;0
17.11.2021 16:00;0.8666;18.29397305;0.32511108
17.11.2021 17:00;1.329642857;18.6656694;12.02910996
17.11.2021 18:00;11.13024286;14.81816986;13.0044432
17.11.2021 19:00;16.23764286;11.73690932;10.07844348
17.11.2021 20:00;3.663042857;13.37535372;2.76344418
17.11.2021 21:00;2.6343;16.48548674;0.32511108
17.11.2021 22:00;1.709771429;17.35364108;0
17.11.2021 23:00;0.827057143;18.03179185;0
18.11.2021 00:00;0.673571429;18.43011856;0
18.11.2021 01:00;0.650471429;18.58824702;0
18.11.2021 02:00;0.569542857;18.78841498;0
18.11.2021 03:00;0.576885714;18.91314353;0
18.11.2021 04:00;0.624285714;18.8316422;0.32511108
18.11.2021 05:00;0.725685714;18.71888638;4.0638885
18.11.2021 06:00;3.835171429;17.61672156;13.8172209
18.11.2021 07:00;4.957442857;16.24683705;5.28305505
18.11.2021 08:00;2.581942857;16.66779307;3.08855526
18.11.2021 09:00;3.669257143;17.64129415;7.47755484
18.11.2021 10:00;3.125885714;18.11087096;3.2511108
18.11.2021 11:00;1.500128571;19.33385017;2.92599972
18.11.2021 12:00;1.727771429;20.17864072;0.97533324
18.11.2021 13:00;2.606914286;19.85620731;2.76344418
18.11.2021 14:00;1.021014286;19.8183797;0
18.11.2021 15:00;1.585571429;20.45728322;0.48766662
18.11.2021 16:00;2.477128571;20.2738235;8.77799916
18.11.2021 17:00;4.407;19.10360315;13.57338759
18.11.2021 18:00;6.789885714;17.51322229;7.3149993
18.11.2021 19:00;6.396071429;16.88232696;0.32511108
18.11.2021 20:00;5.069614286;17.35592175;4.38899958
18.11.2021 21:00;3.2389;18.19738831;2.92599972
18.11.2021 22:00;1.584257143;19.18864109;0
18.11.2021 23:00;0.821414286;19.90978315;0
19.11.2021 00:00;0.576685714;20.28898653;0
19.11.2021 01:00;0.580685714;20.39334653;0
19.11.2021 02:00;0.657985714;20.39666789;0
19.11.2021 03:00;0.5817;20.5394273;0
19.11.2021 04:00;0.779114286;20.53838693;0.97533324
19.11.2021 05:00;1.0162;20.34293082;3.57622188
19.11.2021 06:00;3.227885714;19.55697638;15.68660961
19.11.2021 07:00;6.270128571;17.90402325;10.89122118
19.11.2021 08:00;3.611671429;10.23999413;2.11322202
19.11.2021 09:00;2.412028571;5.593778304;4.38899958
19.11.2021 10:00;1.156214286;1.517026449;1.6255554
19.11.2021 11:00;3.256414286;5.86956397;2.92599972
19.11.2021 12:00;3.513;9.157038315;2.76344418
19.11.2021 13:00;3.183585714;8.478131078;1.13788878
19.11.2021 14:00;3.326342857;8.816516742;6.01455498
19.11.2021 15:00;1.5092;12.05530398;12.1916655
19.11.2021 16:00;1.712928571;14.43161822;1.13788878
19.11.2021 17:00;4.039842857;14.43885588;6.17711052
19.11.2021 18:00;10.17841429;12.11174694;0.48766662
19.11.2021 19:00;6.982571429;11.61990334;5.52688836
19.11.2021 20:00;2.752757143;14.54980196;4.55155512
19.11.2021 21:00;3.516271429;15.89438352;6.82733268
19.11.2021 22:00;0.971242857;16.45638478;0
19.11.2021 23:00;0.7698;17.49694186;0
20.11.2021 00:00;0.663214286;17.75728802;0
20.11.2021 01:00;0.641185714;17.47947417;0
20.11.2021 02:00;0.570028571;17.36130662;0
20.11.2021 03:00;0.619157143;17.60973057;0
20.11.2021 04:00;0.693928571;17.55520751;0
20.11.2021 05:00;0.750028571;17.55201466;0
20.11.2021 06:00;3.619657143;16.42881898;8.53416585
20.11.2021 07:00;4.092185714;14.72525736;12.76060989
20.11.2021 08:00;2.087557143;14.72138246;3.41366634
20.11.2021 09:00;2.150385714;14.70301973;0.8127777
20.11.2021 10:00;3.482357143;11.56259406;2.03194425
20.11.2021 11:00;2.127242857;10.59452245;2.4383331
20.11.2021 12:00;4.040714286;13.51697487;0.48766662
20.11.2021 13:00;1.234442857;14.95961086;21.29477574
20.11.2021 14:00;1.625414286;15.89428763;3.73877742
20.11.2021 15:00;1.357214286;16.38103027;1.6255554
20.11.2021 16:00;2.573771429;16.40636058;3.41366634
20.11.2021 17:00;2.543914286;16.28965263;3.57622188
20.11.2021 18:00;4.803514286;15.53364279;10.72866564
20.11.2021 19:00;10.11998571;12.76423507;6.5022216
20.11.2021 20:00;7.5201;11.8612913;0.89405547
20.11.2021 21:00;3.242614286;14.47604917;1.30044432
20.11.2021 22:00;1.0671;16.8901248;0
20.11.2021 23:00;0.8627;17.71987075;0
21.11.2021 00:00;0.596314286;18.19396548;0
21.11.2021 01:00;0.580714286;18.53833906;0
21.11.2021 02:00;0.580714286;18.70318705;0
21.11.2021 03:00;0.610957143;18.94672845;0
21.11.2021 04:00;0.660342857;19.06182246;0.32511108
21.11.2021 05:00;0.904628571;19.06741427;0.8127777
21.11.2021 06:00;4.092814286;18.04767569;4.71411066
21.11.2021 07:00;3.882085714;13.2653229;13.8172209
21.11.2021 08:00;2.678228571;13.71701996;4.30772181
21.11.2021 09:00;2.482557143;15.78851668;3.2511108
21.11.2021 10:00;2.391014286;15.18653631;6.5022216
21.11.2021 11:00;1.494842857;11.55334274;4.30772181
21.11.2021 12:00;1.673157143;7.294473349;0
21.11.2021 13:00;1.969785714;12.9602817;3.2511108
21.11.2021 14:00;4.7832;14.0021784;5.52688836
21.11.2021 15:00;4.264785714;12.33112461;11.54144334
21.11.2021 16:00;3.278114286;14.85883154;2.76344418
21.11.2021 17:00;7.019342857;15.1867045;13.65466536
21.11.2021 18:00;5.510885714;15.33404204;2.76344418
21.11.2021 19:00;7.015671429;16.16677008;0.73149993
21.11.2021 20:00;7.200057143;15.70967729;0.8127777
21.11.2021 21:00;2.068028571;17.35295354;1.54427763
21.11.2021 22:00;1.175657143;19.4636878;0
21.11.2021 23:00;0.6792;20.06246769;0
22.11.2021 00:00;0.641928571;20.4215627;0
22.11.2021 01:00;0.558342857;20.52321457;0
22.11.2021 02:00;0.5756;20.66185734;0
22.11.2021 03:00;0.587457143;20.92429526;0
22.11.2021 04:00;0.784085714;21.0010864;0.32511108
22.11.2021 05:00;1.229428571;20.84301998;0.16255554
22.11.2021 06:00;5.4241;19.27594121;15.36149853
22.11.2021 07:00;4.023614286;18.2170404;8.77799916
22.11.2021 08:00;2.670328571;17.47178014;5.85199944
22.11.2021 09:00;10.96771429;12.4932801;13.41083205
22.11.2021 10:00;7.369528571;8.844817745;17.39344278
22.11.2021 11:00;7.812514286;5.029582204;2.27577756
22.11.2021 12:00;2.969242857;2.63203361;4.95794397
22.11.2021 13:00;1.691928571;2.960549145;2.60088864
22.11.2021 14:00;2.165385714;1.093480666;10.40355456
22.11.2021 15:00;1.588771429;4.898363322;5.20177728
22.11.2021 16:00;0.988414286;11.98699856;1.13788878
22.11.2021 17:00;1.671714286;14.51901771;1.78811094
22.11.2021 18:00;7.888428571;13.66805445;6.01455498
22.11.2021 19:00;5.733685714;13.07352298;0
22.11.2021 20:00;5.371714286;14.77848304;0.08127777
22.11.2021 21:00;3.137314286;16.60863751;3.65749965
22.11.2021 22:00;1.173985714;18.80114598;0
22.11.2021 23:00;0.658457143;20.1595275;0
23.11.2021 00:00;0.583114286;20.65071628;0
23.11.2021 01:00;0.560942857;20.89332813;0
23.11.2021 02:00;0.645285714;21.12021484;0
23.11.2021 03:00;0.599085714;21.32558104;0
23.11.2021 04:00;0.658028571;21.39580927;0.97533324
23.11.2021 05:00;0.7941;21.41991874;0
23.11.2021 06:00;4.865285714;20.03605551;6.82733268
23.11.2021 07:00;3.753671429;16.51379656;15.68660961
23.11.2021 08:00;2.139085714;10.28016436;23.32671999
23.11.2021 09:00;5.7415;1.599169122;12.35422104
23.11.2021 10:00;10.98097143;0.582671576;10.5661101
23.11.2021 11:00;12.93384286;0.31796361;8.77799916
23.11.2021 12:00;13.41094286;1.806141292;1.70683317
23.11.2021 13:00;5.916285714;6.451218527;6.01455498
23.11.2021 14:00;5.284757143;10.28502642;5.44561059
23.11.2021 15:00;3.653585714;11.98441082;0
23.11.2021 16:00;1.647128571;14.06949516;2.4383331
23.11.2021 17:00;1.120242857;15.68066892;1.30044432
23.11.2021 18:00;5.233057143;14.99848536;1.95066648
23.11.2021 19:00;6.873785714;13.44298312;0.16255554
23.11.2021 20:00;1.819971429;15.0221893;2.11322202
23.11.2021 21:00;1.625328571;17.08572709;5.03922174
23.11.2021 22:00;1.314642857;17.48357109;0
23.11.2021 23:00;0.988471429;18.0128758;0
24.11.2021 00:00;0.640485714;18.51968862;0
24.11.2021 01:00;0.574828571;18.91149835;0
24.11.2021 02:00;0.5757;19.32574899;0
24.11.2021 03:00;0.569871429;19.87716372;0
24.11.2021 04:00;0.683985714;20.20177462;0.8127777
24.11.2021 05:00;0.824528571;20.44389226;1.95066648
24.11.2021 06:00;4.756971429;19.43865198;3.90133296
24.11.2021 07:00;3.089971429;19.15329659;20.15688696
24.11.2021 08:00;2.881214286;18.50541217;11.54144334
24.11.2021 09:00;1.405371429;17.33909641;1.05661101
24.11.2021 10:00;1.529642857;10.90709514;5.28305505
24.11.2021 11:00;1.905028571;4.375442266;0.48766662
24.11.2021 12:00;0.8413;0.10096887;4.22644404
24.11.2021 13:00;2.239242857;0;2.76344418
24.11.2021 14:00;1.269642857;0.034364292;0.8127777
24.11.2021 15:00;1.520257143;2.299662144;5.85199944
24.11.2021 16:00;1.974471429;9.795272418;14.30488752
24.11.2021 17:00;6.169228571;10.68766705;2.51961087
24.11.2021 18:00;9.801828571;9.472352435;5.36433282
24.11.2021 19:00;3.138557143;11.7420393;3.73877742
24.11.2021 20:00;4.485085714;14.43338877;0.48766662
24.11.2021 21:00;2.987528571;15.06517581;0
24.11.2021 22:00;1.589371429;16.59466112;0.16255554
24.11.2021 23:00;1.036057143;17.7405806;0
25.11.2021 00:00;0.635557143;18.58427178;0
25.11.2021 01:00;0.637585714;19.1176111;0
25.11.2021 02:00;0.569557143;19.34619047;0
25.11.2021 03:00;0.662714286;19.4714657;0
25.11.2021 04:00;0.719257143;19.48867281;0.16255554
25.11.2021 05:00;0.673157143;19.67258976;1.95066648
25.11.2021 06:00;2.911528571;19.12915701;6.58349937
25.11.2021 07:00;4.166357143;17.81999653;21.05094243
25.11.2021 08:00;4.940128571;17.3647715;1.46299986
25.11.2021 09:00;3.239842857;17.90193719;4.0638885
25.11.2021 10:00;3.383042857;17.87360983;2.60088864
25.11.2021 11:00;2.018657143;17.03120838;0.24383331
25.11.2021 12:00;2.077557143;17.5257808;1.05661101
25.11.2021 13:00;7.214328571;16.08761102;3.2511108
25.11.2021 14:00;1.070157143;16.51029054;10.5661101
25.11.2021 15:00;1.94;18.60798058;1.13788878
25.11.2021 16:00;0.9488;18.89550915;0
25.11.2021 17:00;4.5226;18.15746828;15.28022076
25.11.2021 18:00;5.407857143;16.62907631;2.51961087
25.11.2021 19:00;11.32278571;13.39747043;4.14516627
25.11.2021 20:00;13.03885714;12.12932577;0.24383331
25.11.2021 21:00;2.788728571;14.39927306;4.71411066
25.11.2021 22:00;1.369214286;17.3285708;0
25.11.2021 23:00;1.005285714;18.12895783;0
26.11.2021 00:00;0.628257143;18.15378582;0
26.11.2021 01:00;0.689942857;18.16710202;0
26.11.2021 02:00;0.603642857;18.085403;0
26.11.2021 03:00;0.574357143;18.15533702;0.32511108
26.11.2021 04:00;0.706985714;18.21566257;0.65022216
26.11.2021 05:00;0.965971429;18.19446273;2.76344418
26.11.2021 06:00;2.072814286;17.85551029;7.64011038
26.11.2021 07:00;5.362128571;16.55116877;7.23372153
26.11.2021 08:00;3.522157143;15.86061149;13.57338759
26.11.2021 09:00;2.589385714;16.45610488;6.17711052
26.11.2021 10:00;1.744057143;16.89239514;5.85199944
26.11.2021 11:00;1.9138;17.15824045;0
26.11.2021 12:00;3.964128571;16.47705686;4.22644404
26.11.2021 13:00;3.689942857;16.08158945;1.70683317
26.11.2021 14:00;3.268085714;16.13107574;8.9405547
26.11.2021 15:00;1.129614286;17.17287285;0.32511108
26.11.2021 16:00;0.970628571;18.56440386;0.65022216
26.11.2021 17:00;7.150528571;16.70434237;9.42822132
26.11.2021 18:00;8.881857143;14.01732962;4.38899958
26.11.2021 19:00;6.182957143;14.40482597;7.96522146
26.11.2021 20:00;2.188914286;16.91500134;2.4383331
26.11.2021 21:00;1.5063;18.76880305;1.6255554
26.11.2021 22:00;1.512071429;19.07611649;0
26.11.2021 23:00;0.9817;19.24457738;0
27.11.2021 00:00;0.8435;19.55128634;0
27.11.2021 01:00;0.695085714;19.93375381;0
27.11.2021 02:00;0.572;20.15873829;0
27.11.2021 03:00;0.5668;20.19506775;0.32511108
27.11.2021 04:00;0.720328571;20.20629471;0
27.11.2021 05:00;0.766971429;20.23345013;1.78811094
27.11.2021 06:00;4.2306;19.30487748;12.02910996
27.11.2021 07:00;5.5066;18.10621803;18.6938871
27.11.2021 08:00;2.540871429;14.07901028;5.03922174
27.11.2021 09:00;2.957357143;13.32281974;2.4383331
27.11.2021 10:00;1.495985714;7.309574897;3.00727749
27.11.2021 11:00;1.091857143;7.787090863;2.76344418
27.11.2021 12:00;4.594142857;9.879482988;0.16255554
27.11.2021 13:00;4.219628571;11.09972647;2.4383331
27.11.2021 14:00;2.925142857;13.13101029;0.8127777
27.11.2021 15:00;1.323671429;15.18974767;1.46299986
27.11.2021 16:00;1.568942857;16.68987099;0.32511108
27.11.2021 17:00;3.255985714;17.04984126;12.51677658
27.11.2021 18:00;2.536757143;17.58636138;2.4383331
27.11.2021 19:00;8.307185714;16.08565116;8.77799916
27.11.2021 20:00;7.1579;14.49528191;6.66477714
27.11.2021 21:00;2.598414286;16.57290973;0
27.11.2021 22:00;1.345857143;18.85369242;0.97533324
27.11.2021 23:00;1.1324;19.62789596;0
28.11.2021 00:00;0.632685714;20.06489551;0
28.11.2021 01:00;0.615171429;20.39910981;0
28.11.2021 02:00;0.602714286;20.58322345;0
28.11.2021 03:00;0.640385714;20.77547479;0
28.11.2021 04:00;0.652614286;20.88814102;0.32511108
28.11.2021 05:00;0.920128571;20.91122632;3.2511108
28.11.2021 06:00;1.459542857;20.81360423;2.60088864
28.11.2021 07:00;5.1992;19.70972044;10.40355456
28.11.2021 08:00;3.746142857;18.82302166;18.12494271
28.11.2021 09:00;2.473414286;19.76765058;1.54427763
28.11.2021 10:00;3.118057143;19.9337884;4.95794397
28.11.2021 11:00;3.235614286;19.30179217;1.95066648
28.11.2021 12:00;4.208071429;17.79158475;3.73877742
28.11.2021 13:00;3.837685714;17.58169383;0.8127777
28.11.2021 14:00;3.081457143;18.33049765;4.0638885
28.11.2021 15:00;2.8248;19.32076227;2.76344418
28.11.2021 16:00;3.3429;20.14420723;0.48766662
28.11.2021 17:00;3.469057143;20.15599096;9.42822132
28.11.2021 18:00;12.0804;17.07540944;9.59077686
28.11.2021 19:00;11.14561429;14.65180475;3.73877742
28.11.2021 20:00;2.054671429;18.48182864;8.77799916
28.11.2021 21:00;1.707014286;21.9945869;2.76344418
28.11.2021 22:00;1.288242857;22.53440405;0
28.11.2021 23:00;0.7453;23.12939949;0
29.11.2021 00:00;0.568714286;23.60051351;0
29.11.2021 01:00;0.573942857;23.92640468;0
29.11.2021 02:00;0.583771429;24.85355062;0
29.11.2021 03:00;0.637128571;25.81161715;0.32511108
29.11.2021 04:00;0.7307;26.28739296;0
29.11.2021 05:00;0.8718;26.83230729;2.35705533
29.11.2021 06:00;3.717671429;26.43324012;4.38899958
29.11.2021 07:00;3.088;25.92548582;10.07844348
29.11.2021 08:00;7.036728571;16.27773932;7.80266592
29.11.2021 09:00;9.5797;14.22280322;13.0044432
29.11.2021 10:00;3.915157143;13.4264857;6.09583275
29.11.2021 11:00;5.943928571;14.11811034;13.49210982
29.11.2021 12:00;3.197828571;16.60678029;1.54427763
29.11.2021 13:00;1.583428571;19.33457847;0.16255554
29.11.2021 14:00;4.060785714;19.76414462;0
29.11.2021 15:00;5.539671429;19.05535516;3.08855526
29.11.2021 16:00;1.510571429;20.4432225;1.78811094
29.11.2021 17:00;2.070714286;22.01141255;9.42822132
29.11.2021 18:00;6.320942857;20.38371471;13.0044432
29.11.2021 19:00;7.718042857;18.24862829;7.80266592
29.11.2021 20:00;5.929757143;17.24187488;0.16255554
29.11.2021 21:00;3.796114286;17.34840516;0.32511108
29.11.2021 22:00;0.850271429;18.78013157;0.16255554
29.11.2021 23:00;0.707;19.7738442;0
30.11.2021 00:00;0.653057143;19.80433142;0
30.11.2021 01:00;0.674728571;19.68820929;0
30.11.2021 02:00;0.627542857;20.00681274;0
30.11.2021 03:00;0.652342857;20.61330387;0
30.11.2021 04:00;0.656371429;20.79229072;0.32511108
30.11.2021 05:00;0.951014286;20.80611356;6.17711052
30.11.2021 06:00;4.976685714;19.38722204;5.85199944
30.11.2021 07:00;3.610785714;18.35838532;9.91588794
30.11.2021 08:00;3.180342857;17.71885757;2.60088864
30.11.2021 09:00;5.795385714;16.30121781;11.46016557
30.11.2021 10:00;6.125885714;8.155252294;15.68660961
30.11.2021 11:00;7.969257143;3.62944641;12.35422104
30.11.2021 12:00;8.286214286;6.507727935;4.30772181
30.11.2021 13:00;4.727485714;10.508175;2.27577756
30.11.2021 14:00;5.314428571;13.64127889;8.29033254
30.11.2021 15:00;8.495028571;12.70980255;2.60088864
30.11.2021 16:00;3.514585714;14.36009076;0.8127777
30.11.2021 17:00;1.735014286;17.54464152;15.28022076
30.11.2021 18:00;3.463442857;18.03252924;7.96522146
30.11.2021 19:00;2.683942857;18.05166142;0.65022216
30.11.2021 20:00;4.426457143;18.01586014;0
30.11.2021 21:00;1.892485714;18.65988899;0
30.11.2021 22:00;1.109957143;20.23164508;0.32511108
30.11.2021 23:00;0.848828571;21.11948854;0
01.12.2021 00:00;0.5724;21.86304794;0
01.12.2021 01:00;0.623814286;22.43459252;0
01.12.2021 02:00;0.599871429;22.84759017;0
01.12.2021 03:00;0.6032;23.20370404;0
01.12.2021 04:00;0.626485714;23.51226718;0
01.12.2021 05:00;0.702985714;23.61053029;5.36433282
01.12.2021 06:00;3.026114286;22.90803671;3.49494411
01.12.2021 07:00;4.630271429;21.72454126;7.80266592
01.12.2021 08:00;1.962957143;14.51349034;8.04649923
01.12.2021 09:00;3.063528571;16.24632595;1.95066648
01.12.2021 10:00;1.380857143;9.981320198;7.47755484
01.12.2021 11:00;0.970628571;0.621847954;2.76344418
01.12.2021 12:00;0.819585714;0;0.97533324
01.12.2021 13:00;0.865514286;0;8.77799916
01.12.2021 14:00;2.234657143;0;0.8127777
01.12.2021 15:00;1.171114286;0.705498144;0
01.12.2021 16:00;0.958;6.405127337;11.05377672
01.12.2021 17:00;1.268185714;9.243755418;5.52688836
01.12.2021 18:00;3.164885714;9.907268914;2.92599972
01.12.2021 19:00;2.462785714;10.48014298;5.20177728
01.12.2021 20:00;6.5197;9.995826242;8.61544362
01.12.2021 21:00;3.161042857;10.25900908;0.48766662
01.12.2021 22:00;2.246214286;12.33232364;0
01.12.2021 23:00;1.436928571;13.53472569;0
02.12.2021 00:00;0.653557143;14.73890347;0.32511108
02.12.2021 01:00;0.619328571;15.46692387;0
02.12.2021 02:00;0.671957143;15.64253779;0
02.12.2021 03:00;0.650228571;15.94773698;0.48766662
02.12.2021 04:00;0.7941;16.10570589;0
02.12.2021 05:00;0.741885714;16.21615391;1.30044432
02.12.2021 06:00;3.799028571;15.39522184;6.42094383
02.12.2021 07:00;2.329271429;15.06092637;4.8766662
02.12.2021 08:00;4.536585714;14.19966967;4.55155512
02.12.2021 09:00;5.1437;13.02835999;23.40799776
02.12.2021 10:00;5.979642857;8.218187942;3.41366634
02.12.2021 11:00;1.348514286;2.987459253;0.48766662
02.12.2021 12:00;2.814457143;4.883936855;2.92599972
02.12.2021 13:00;6.821771429;5.659768076;0.32511108
02.12.2021 14:00;5.154942857;6.906337746;3.49494411
02.12.2021 15:00;3.435271429;8.659070533;5.03922174
02.12.2021 16:00;3.012357143;10.83522683;6.25838829
02.12.2021 17:00;2.958342857;11.84696258;11.78527665
02.12.2021 18:00;6.439871429;10.6223539;3.41366634
02.12.2021 19:00;4.822242857;9.989791938;2.27577756
02.12.2021 20:00;2.461528571;11.73305528;4.38899958
02.12.2021 21:00;11.6217;10.76639621;1.70683317
02.12.2021 22:00;6.2028;11.72962238;2.19449979
02.12.2021 23:00;0.673171429;15.40089078;0
03.12.2021 00:00;0.593728571;16.75598227;0
03.12.2021 01:00;0.561928571;17.07421331;0
03.12.2021 02:00;0.584514286;17.66954508;0
03.12.2021 03:00;0.610242857;18.37683814;0.16255554
03.12.2021 04:00;0.816214286;18.70701684;0
03.12.2021 05:00;0.710571429;18.86164887;0
03.12.2021 06:00;4.147985714;18.01879974;10.72866564
03.12.2021 07:00;2.441457143;17.77275023;5.20177728
03.12.2021 08:00;4.601785714;14.90570268;24.383331
03.12.2021 09:00;2.817628571;7.778342678;2.19449979
03.12.2021 10:00;1.579328571;0.102417094;2.92599972
03.12.2021 11:00;3.228471429;0;0.16255554
03.12.2021 12:00;1.419242857;0;2.51961087
03.12.2021 13:00;6.223042857;0;3.65749965
03.12.2021 14:00;6.277342857;0;3.08855526
03.12.2021 15:00;2.174971429;0;3.2511108
03.12.2021 16:00;5.799628571;2.420127423;3.41366634
03.12.2021 17:00;6.192828571;3.553423379;5.52688836
03.12.2021 18:00;7.601928571;2.076900888;1.46299986
03.12.2021 19:00;4.748528571;1.447897658;7.3149993
03.12.2021 20:00;1.4813;3.341890643;3.73877742
03.12.2021 21:00;2.406871429;4.419190611;0.48766662
03.12.2021 22:00;1.298642857;5.555015219;0
03.12.2021 23:00;0.821042857;7.979060977;0
04.12.2021 00:00;0.5999;9.636767027;0
04.12.2021 01:00;0.6135;10.11511196;0
04.12.2021 02:00;0.633542857;10.74668849;0
04.12.2021 03:00;0.571942857;11.1056096;0
04.12.2021 04:00;0.659228571;11.14832857;0.65022216
04.12.2021 05:00;0.819742857;11.30280412;2.60088864
04.12.2021 06:00;2.898428571;10.89186396;8.53416585
04.12.2021 07:00;5.054785714;9.7908725;13.89849867
04.12.2021 08:00;3.530657143;0.338384463;14.06105421
04.12.2021 09:00;4.366914286;0;9.42822132
04.12.2021 10:00;1.698757143;0;5.03922174
04.12.2021 11:00;1.6502;1.009280629;0
04.12.2021 12:00;3.251828571;0.416095726;4.8766662
04.12.2021 13:00;3.260928571;1.285035125;1.13788878
04.12.2021 14:00;3.561014286;1.384761727;0.32511108
04.12.2021 15:00;1.5952;3.309008127;2.92599972
04.12.2021 16:00;0.930271429;5.883733031;3.41366634
04.12.2021 17:00;2.960057143;6.618981159;8.9405547
04.12.2021 18:00;3.019571429;6.615975654;3.41366634
04.12.2021 19:00;7.003571429;5.700741907;6.98988822
04.12.2021 20:00;14.20232857;5.54180958;1.95066648
04.12.2021 21:00;5.614842857;6.360948577;0.48766662
04.12.2021 22:00;1.5361;9.150584971;0
04.12.2021 23:00;0.918642857;10.81581708;0
05.12.2021 00:00;0.587785714;11.42000907;0
05.12.2021 01:00;0.5751;12.30931548;0
05.12.2021 02:00;0.601028571;13.09922596;0
05.12.2021 03:00;0.664114286;13.57785317;0
05.12.2021 04:00;0.689157143;14.02128106;0
05.12.2021 05:00;0.788428571;14.59893792;2.27577756
05.12.2021 06:00;4.698714286;13.7461375;8.85927693
05.12.2021 07:00;4.709628571;12.89586427;12.59805435
05.12.2021 08:00;5.9024;11.8329402;12.35422104
05.12.2021 09:00;5.223957143;6.340793545;9.18438801
05.12.2021 10:00;1.634057143;4.789816211;2.92599972
05.12.2021 11:00;2.092228571;7.573180994;5.36433282
05.12.2021 12:00;1.917685714;10.31966842;0.97533324
05.12.2021 13:00;4.740442857;9.06355359;5.36433282
05.12.2021 14:00;3.3094;5.849701496;0.16255554
05.12.2021 15:00;5.173185714;7.518828507;0.97533324
05.12.2021 16:00;1.706514286;11.16290821;3.73877742
05.12.2021 17:00;2.815628571;13.78007823;1.13788878
05.12.2021 18:00;5.441242857;13.46405349;8.127777
05.12.2021 19:00;7.394857143;12.47198952;8.77799916
05.12.2021 20:00;6.5617;12.34981356;0.65022216
05.12.2021 21:00;5.795485714;13.31935408;0.48766662
05.12.2021 22:00;3.242714286;15.10294306;0.16255554
05.12.2021 23:00;0.699214286;17.48656614;0
06.12.2021 00:00;0.645085714;18.95971562;0
06.12.2021 01:00;0.565085714;19.4900602;0
06.12.2021 02:00;0.5606;19.92325215;0
06.12.2021 03:00;0.569028571;20.42087931;0
06.12.2021 04:00;0.658242857;20.84263182;0.32511108
06.12.2021 05:00;0.881157143;21.18472654;1.95066648
06.12.2021 06:00;2.886842857;20.74133335;15.68660961
06.12.2021 07:00;5.2918;19.39646078;14.22360975
06.12.2021 08:00;5.504542857;8.675926776;16.17427623
06.12.2021 09:00;12.6618;2.767005991;7.96522146
06.12.2021 10:00;10.52887143;0.806453044;6.90861045
06.12.2021 11:00;7.694585714;3.946146549;4.71411066
06.12.2021 12:00;5.272085714;4.936554884;4.30772181
06.12.2021 13:00;3.178642857;6.926454212;0.65022216
06.12.2021 14:00;2.806885714;7.367335827;1.46299986
06.12.2021 15:00;1.910428571;6.807829753;0.32511108
06.12.2021 16:00;2.342071429;11.61965209;8.127777
06.12.2021 17:00;2.780214286;13.46669954;7.96522146
06.12.2021 18:00;4.878171429;13.56368631;10.89122118
06.12.2021 19:00;6.302271429;13.15578533;0.48766662
06.12.2021 20:00;4.365528571;14.04112127;1.54427763
06.12.2021 21:00;8.347471429;13.99426621;0.48766662
06.12.2021 22:00;2.8071;15.14088486;0.24383331
06.12.2021 23:00;0.7183;18.32216969;0
07.12.2021 00:00;0.619914286;19.48694749;0
07.12.2021 01:00;0.581157143;19.96100061;0
07.12.2021 02:00;0.586757143;20.45601194;0
07.12.2021 03:00;0.570071429;20.91753723;0
07.12.2021 04:00;0.621842857;21.27783003;0
07.12.2021 05:00;0.8632;21.47176581;2.27577756
07.12.2021 06:00;2.242085714;21.22913809;9.7533324
07.12.2021 07:00;3.989485714;20.22644089;19.18155372
07.12.2021 08:00;10.18155714;13.84532112;8.20905477
07.12.2021 09:00;4.813071429;4.639780184;9.7533324
07.12.2021 10:00;4.936985714;0;6.66477714
07.12.2021 11:00;9.650228571;0;8.9405547
07.12.2021 12:00;6.681742857;0;1.86938871
07.12.2021 13:00;5.731585714;0;4.79538843
07.12.2021 14:00;3.352057143;0;0.73149993
07.12.2021 15:00;3.0116;0;0.32511108
07.12.2021 16:00;1.344471429;2.12598556;8.127777
07.12.2021 17:00;1.558971429;3.688464907;0.32511108
07.12.2021 18:00;1.967228571;5.076338545;13.32955428
07.12.2021 19:00;5.549571429;4.189569772;2.92599972
07.12.2021 20:00;6.911528571;3.300791934;0.65022216
07.12.2021 21:00;4.717285714;4.921265873;3.2511108
07.12.2021 22:00;1.638242857;7.55448792;0.32511108
07.12.2021 23:00;0.630342857;8.985616201;0
08.12.2021 00:00;0.579485714;8.942148892;0
08.12.2021 01:00;0.588757143;9.234041281;0
08.12.2021 02:00;0.674128571;9.839299748;0
08.12.2021 03:00;0.619157143;10.23667178;0.32511108
08.12.2021 04:00;0.854671429;10.3909598;0.16255554
08.12.2021 05:00;0.928942857;10.69806652;6.17711052
08.12.2021 06:00;6.345985714;9.027008484;9.50949909
08.12.2021 07:00;2.064814286;8.815011125;14.87383191
08.12.2021 08:00;1.941328571;9.603698097;5.03922174
08.12.2021 09:00;3.451042857;8.135270771;2.84472195
08.12.2021 10:00;1.9394;0.472750354;2.03194425
08.12.2021 11:00;0.996442857;0;2.76344418
08.12.2021 12:00;3.365885714;0;2.27577756
08.12.2021 13:00;2.378728571;0;1.13788878
08.12.2021 14:00;1.878714286;0;2.11322202
08.12.2021 15:00;3.805685714;0;12.02910996
08.12.2021 16:00;2.243485714;1.042823697;2.92599972
08.12.2021 17:00;4.4852;0.643312608;2.76344418
08.12.2021 18:00;3.186671429;1.90529411;2.92599972
08.12.2021 19:00;7.8249;2.11930707;13.32955428
08.12.2021 20:00;1.719771429;3.658387227;0.8127777
08.12.2021 21:00;1.704171429;6.394253149;0.16255554
08.12.2021 22:00;1.813057143;7.627263072;0
08.12.2021 23:00;0.902542857;8.894897924;0
09.12.2021 00:00;0.577614286;10.11153664;0
09.12.2021 01:00;0.576042857;10.92041332;0
09.12.2021 02:00;0.581028571;11.45957786;0
09.12.2021 03:00;0.641628571;11.81718588;0
09.12.2021 04:00;0.656185714;12.3212993;0.32511108
09.12.2021 05:00;0.694214286;13.07365763;2.92599972
09.12.2021 06:00;5.620671429;12.03691367;17.0683317
09.12.2021 07:00;4.816271429;11.05043206;14.71127637
09.12.2021 08:00;2.083442857;12.03181162;1.21916655
09.12.2021 09:00;1.264257143;13.59481903;4.22644404
09.12.2021 10:00;2.241414286;12.88478114;4.8766662
09.12.2021 11:00;3.8962;10.68047612;2.60088864
09.12.2021 12:00;3.969257143;9.745385421;0
09.12.2021 13:00;2.325685714;9.904102899;0.16255554
09.12.2021 14:00;2.846642857;9.987291528;8.127777
09.12.2021 15:00;1.9625;11.07078546;0.48766662
09.12.2021 16:00;0.8944;12.63048091;1.30044432
09.12.2021 17:00;1.6719;12.79171121;4.71411066
09.12.2021 18:00;6.634142857;9.977157168;7.55883261
09.12.2021 19:00;9.148628571;7.305894695;10.80994341
09.12.2021 20:00;3.306357143;8.554242024;3.49494411
09.12.2021 21:00;1.190528571;11.69221185;3.33238857
09.12.2021 22:00;1.528557143;12.78435695;0.8127777
09.12.2021 23:00;1.156628571;13.10230048;0
10.12.2021 00:00;0.667671429;13.64027715;0
10.12.2021 01:00;0.580914286;13.97239168;0
10.12.2021 02:00;0.574685714;14.28619684;0
10.12.2021 03:00;0.632714286;14.73906389;0
10.12.2021 04:00;0.766314286;14.8823853;0.48766662
10.12.2021 05:00;1.082842857;14.66413207;3.73877742
10.12.2021 06:00;3.515957143;13.82383125;3.90133296
10.12.2021 07:00;2.429542857;13.70752009;8.9405547
10.12.2021 08:00;4.173671429;13.4928142;3.90133296
10.12.2021 09:00;1.352414286;13.71846054;10.72866564
10.12.2021 10:00;3.300285714;13.35586211;2.76344418
10.12.2021 11:00;2.045514286;12.86405919;2.11322202
10.12.2021 12:00;3.886185714;12.54164668;2.76344418
10.12.2021 13:00;2.074542857;11.65004435;0.32511108
10.12.2021 14:00;1.778814286;10.85731661;2.76344418
10.12.2021 15:00;1.557171429;12.55641765;10.24099902
10.12.2021 16:00;1.264557143;12.68300347;2.60088864
10.12.2021 17:00;5.0645;13.74254269;8.77799916
10.12.2021 18:00;5.6855;12.74299868;2.11322202
10.12.2021 19:00;6.556771429;12.53061274;6.33966606
10.12.2021 20:00;12.0647;10.68506333;1.6255554
10.12.2021 21:00;8.3908;10.53382339;2.27577756
10.12.2021 22:00;7.465014286;12.22074645;0.48766662
10.12.2021 23:00;0.7539;14.74568601;0
11.12.2021 00:00;0.629057143;17.29068883;0
11.12.2021 01:00;0.625985714;17.59181513;0
11.12.2021 02:00;0.590785714;18.01140703;0
11.12.2021 03:00;0.5673;18.69305948;0
11.12.2021 04:00;0.614142857;19.32836581;0.32511108
11.12.2021 05:00;0.883671429;19.2082445;2.84472195
11.12.2021 06:00;3.176157143;18.06062377;4.71411066
11.12.2021 07:00;2.240328571;17.54481089;14.46744306
11.12.2021 08:00;7.985614286;16.27048811;9.50949909
11.12.2021 09:00;4.756571429;15.86596192;7.80266592
11.12.2021 10:00;4.710057143;16.73187322;0.8127777
11.12.2021 11:00;2.722757143;16.74741517;2.60088864
11.12.2021 12:00;2.9134;16.3633942;1.6255554
11.12.2021 13:00;1.165142857;16.64669542;2.4383331
11.12.2021 14:00;2.9672;17.11074829;2.76344418
11.12.2021 15:00;6.144442857;15.58255123;0.16255554
11.12.2021 16:00;1.6022;16.26268244;10.07844348
11.12.2021 17:00;2.708414286;17.78645224;4.8766662
11.12.2021 18:00;5.433842857;16.44797802;0.8127777
11.12.2021 19:00;3.912228571;15.71496682;3.41366634
11.12.2021 20:00;7.714928571;14.45287923;10.07844348
11.12.2021 21:00;3.676642857;14.15139583;3.57622188
11.12.2021 22:00;1.364428571;16.21885891;0
11.12.2021 23:00;1.057271429;16.92136562;0.32511108
12.12.2021 00:00;0.764;16.95352095;0
12.12.2021 01:00;0.620071429;17.09116989;0
12.12.2021 02:00;0.6312;17.09048506;0
12.12.2021 03:00;0.614557143;16.5839097;0
12.12.2021 04:00;0.708042857;16.1650945;0.32511108
12.12.2021 05:00;0.978157143;16.06685386;2.27577756
12.12.2021 06:00;3.561871429;14.35161607;3.90133296
12.12.2021 07:00;3.467071429;12.65719011;11.86655442
12.12.2021 08:00;4.343385714;12.16381914;4.14516627
12.12.2021 09:00;2.464042857;12.84439764;7.80266592
12.12.2021 10:00;2.4293;12.67499947;2.60088864
12.12.2021 11:00;4.488185714;7.647073741;1.30044432
12.12.2021 12:00;2.629;8.908511955;12.51677658
12.12.2021 13:00;3.5999;11.79773417;3.90133296
12.12.2021 14:00;2.048071429;12.97254638;0.65022216
12.12.2021 15:00;3.779128571;12.91571843;3.41366634
12.12.2021 16:00;2.446714286;13.24104914;8.29033254
12.12.2021 17:00;1.8788;15.01300182;2.76344418
12.12.2021 18:00;3.978885714;14.93344636;3.2511108
12.12.2021 19:00;10.52464286;12.13516566;8.45288808
12.12.2021 20:00;5.241671429;11.92494273;1.13788878
12.12.2021 21:00;2.664271429;15.24258521;0.32511108
12.12.2021 22:00;0.9886;17.61515851;0
12.12.2021 23:00;0.7972;18.51055034;0
13.12.2021 00:00;0.673585714;18.4700366;0
13.12.2021 01:00;0.6626;18.38189198;0
13.12.2021 02:00;0.7593;18.45778962;0
13.12.2021 03:00;0.608514286;18.57023129;0
13.12.2021 04:00;0.776385714;18.68158203;0.8127777
13.12.2021 05:00;1.010771429;18.7547643;2.84472195
13.12.2021 06:00;5.684528571;17.14472597;13.65466536
13.12.2021 07:00;3.583828571;16.19992482;11.13505449
13.12.2021 08:00;3.971128571;16.06550483;18.77516487
13.12.2021 09:00;4.284128571;14.18601074;7.3149993
13.12.2021 10:00;6.691171429;12.91625377;10.89122118
13.12.2021 11:00;4.084314286;11.85128493;4.71411066
13.12.2021 12:00;2.993514286;10.47728314;7.15244376
13.12.2021 13:00;2.614614286;7.40267195;1.13788878
13.12.2021 14:00;4.709385714;1.150441832;2.60088864
13.12.2021 15:00;5.728571429;3.887547496;0.32511108
13.12.2021 16:00;4.994428571;9.737746633;2.68216641
13.12.2021 17:00;5.320114286;11.74103501;2.11322202
13.12.2021 18:00;3.407442857;13.7683779;14.06105421
13.12.2021 19:00;8.528642857;13.38615039;0
13.12.2021 20:00;3.174914286;13.47022055;6.5022216
13.12.2021 21:00;2.167242857;15.37827116;0.32511108
13.12.2021 22:00;1.583714286;16.20321051;0
13.12.2021 23:00;0.967014286;16.86236912;0
14.12.2021 00:00;0.748757143;17.36215178;0
14.12.2021 01:00;0.585771429;17.75540092;0
14.12.2021 02:00;0.564685714;18.11348218;0
14.12.2021 03:00;0.642685714;18.40423169;0.16255554
14.12.2021 04:00;0.713442857;18.52670855;0
14.12.2021 05:00;1.0621;17.97766734;0.89405547
14.12.2021 06:00;3.255414286;16.32052822;11.3788878
14.12.2021 07:00;4.469414286;14.7497374;9.91588794
14.12.2021 08:00;5.355828571;13.69077364;28.36594173
14.12.2021 09:00;13.11265714;10.29242428;7.39627707
14.12.2021 10:00;8.002985714;9.310923491;4.63283289
14.12.2021 11:00;11.22661429;9.812004584;3.08855526
14.12.2021 12:00;4.807957143;10.93432528;8.45288808
14.12.2021 13:00;2.015071429;14.3947267;0.65022216
14.12.2021 14:00;3.631157143;15.13125773;6.5022216
14.12.2021 15:00;3.891328571;14.79187196;5.93327721
14.12.2021 16:00;2.589071429;15.78889537;2.76344418
14.12.2021 17:00;1.170771429;18.30054196;1.78811094
14.12.2021 18:00;4.610585714;18.35084748;0.48766662
14.12.2021 19:00;3.859871429;17.04704468;5.52688836
14.12.2021 20:00;4.324357143;16.85920899;0.8127777
14.12.2021 21:00;1.587442857;17.8246176;1.13788878
14.12.2021 22:00;1.184157143;19.00569215;0.32511108
14.12.2021 23:00;0.813385714;19.41896917;0
15.12.2021 00:00;0.584871429;19.87209558;0
15.12.2021 01:00;0.5634;20.13412528;0
15.12.2021 02:00;0.642457143;20.62037882;0
15.12.2021 03:00;0.609371429;21.27735789;0.32511108
15.12.2021 04:00;0.656642857;21.67197278;0
15.12.2021 05:00;0.874185714;21.93820698;3.2511108
15.12.2021 06:00;2.185257143;21.71534898;6.42094383
15.12.2021 07:00;5.450728571;20.25607421;13.97977644
15.12.2021 08:00;6.349871429;18.34361573;2.84472195
15.12.2021 09:00;1.509914286;19.74539359;4.47027735
15.12.2021 10:00;1.868071429;19.50736837;0.32511108
15.12.2021 11:00;1.5372;14.22947476;2.60088864
15.12.2021 12:00;2.855328571;12.19527295;8.45288808
15.12.2021 13:00;6.182871429;12.39607194;3.65749965
15.12.2021 14:00;1.875871429;8.117842547;11.70399888
15.12.2021 15:00;1.817442857;11.25618928;0
15.12.2021 16:00;1.691328571;17.48255937;3.41366634
15.12.2021 17:00;4.005885714;17.8708573;9.91588794
15.12.2021 18:00;3.5901;17.74098054;9.26566578
15.12.2021 19:00;15.0999;14.11260656;1.86938871
15.12.2021 20:00;10.75482857;11.71805776;0.73149993
15.12.2021 21:00;2.919971429;16.37868361;0
15.12.2021 22:00;1.318228571;20.19819957;0
15.12.2021 23:00;0.673214286;21.22395016;0
16.12.2021 00:00;0.579285714;21.49883313;0
16.12.2021 01:00;0.581414286;21.65599765;0
16.12.2021 02:00;0.674114286;22.01392609;0
16.12.2021 03:00;0.581457143;22.37860537;0
16.12.2021 04:00;0.622328571;22.6646411;0.32511108
16.12.2021 05:00;0.725971429;22.90089964;2.76344418
16.12.2021 06:00;5.166757143;21.48986518;4.95794397
16.12.2021 07:00;4.4808;20.46837365;24.383331
16.12.2021 08:00;3.947742857;21.24819254;2.19449979
16.12.2021 09:00;2.603014286;22.2869078;5.20177728
16.12.2021 10:00;1.039457143;23.37622844;5.85199944
16.12.2021 11:00;1.686285714;23.4370281;3.08855526
16.12.2021 12:00;2.263628571;20.81034389;2.68216641
16.12.2021 13:00;1.937228571;8.927217249;8.45288808
16.12.2021 14:00;1.324971429;0.50542842;1.95066648
16.12.2021 15:00;3.013057143;5.477077578;0.16255554
16.12.2021 16:00;2.129414286;13.66514169;2.4383331
16.12.2021 17:00;2.439285714;16.51491883;1.13788878
16.12.2021 18:00;8.606957143;15.50728794;11.3788878
16.12.2021 19:00;19.5156;13.03565609;2.60088864
16.12.2021 20:00;12.45375714;13.34594339;1.30044432
16.12.2021 21:00;2.796857143;17.44513997;12.1916655
16.12.2021 22:00;1.359785714;21.30113756;0.65022216
16.12.2021 23:00;0.929414286;23.46795623;0
17.12.2021 00:00;0.593;24.71778689;0
17.12.2021 01:00;0.574157143;25.64066959;0
17.12.2021 02:00;0.659085714;26.33049754;0
17.12.2021 03:00;0.579028571;27.03733244;0.16255554
17.12.2021 04:00;0.765914286;27.68513302;0.48766662
17.12.2021 05:00;0.756242857;28.13413232;2.27577756
17.12.2021 06:00;1.521985714;28.26593895;3.90133296
17.12.2021 07:00;5.568142857;26.98256054;5.85199944
17.12.2021 08:00;1.722071429;24.93733352;10.40355456
17.12.2021 09:00;2.202871429;17.31797873;7.80266592
17.12.2021 10:00;5.441485714;5.995728699;4.55155512
17.12.2021 11:00;1.9111;1.206605528;2.11322202
17.12.2021 12:00;2.1474;0;0.32511108
17.12.2021 13:00;2.207314286;4.934997971;3.2511108
17.12.2021 14:00;5.271442857;8.805095373;2.60088864
17.12.2021 15:00;6.406414286;9.626279023;7.3149993
17.12.2021 16:00;3.942514286;12.75270773;1.78811094
17.12.2021 17:00;2.142157143;15.8216209;0.8127777
17.12.2021 18:00;4.1161;16.45155658;4.38899958
17.12.2021 19:00;6.978585714;15.23215694;6.17711052
17.12.2021 20:00;10.34692857;13.35705507;4.95794397
17.12.2021 21:00;3.462228571;14.84064159;1.6255554
17.12.2021 22:00;1.447714286;18.29708751;0.32511108
17.12.2021 23:00;0.738114286;19.73384685;0
18.12.2021 00:00;0.666;20.32307137;0
18.12.2021 01:00;0.665928571;20.48548242;0
18.12.2021 02:00;0.566128571;20.61248684;0
18.12.2021 03:00;0.6112;20.65061375;0
18.12.2021 04:00;0.654728571;20.85832396;0.32511108
18.12.2021 05:00;0.748828571;20.92512046;1.95066648
18.12.2021 06:00;3.381314286;19.91522933;1.78811094
18.12.2021 07:00;6.063428571;18.18320286;20.40072027
18.12.2021 08:00;2.274042857;18.28220303;8.20905477
18.12.2021 09:00;2.128985714;18.59441438;2.35705533
18.12.2021 10:00;4.6026;16.49954659;6.33966606
18.12.2021 11:00;6.1035;14.98821247;0.32511108
18.12.2021 12:00;2.767757143;15.75690499;1.46299986
18.12.2021 13:00;1.5468;17.23984062;1.95066648
18.12.2021 14:00;2.344514286;18.19831274;4.38899958
18.12.2021 15:00;3.697614286;18.32849177;4.22644404
18.12.2021 16:00;3.046957143;18.27605896;8.61544362
18.12.2021 17:00;2.4719;18.46326033;9.34694355
18.12.2021 18:00;8.350757143;16.57334432;0.48766662
18.12.2021 19:00;6.206028571;15.39421767;3.16983303
18.12.2021 20:00;3.543171429;16.90219928;7.96522146
18.12.2021 21:00;1.924742857;18.19597715;4.0638885
18.12.2021 22:00;1.302328571;19.07708206;0
18.12.2021 23:00;0.913957143;19.54248207;0
19.12.2021 00:00;0.739985714;19.70204289;0
19.12.2021 01:00;0.682542857;19.70535851;0
19.12.2021 02:00;0.6314;19.59222937;0
19.12.2021 03:00;0.596414286;19.38210061;0.32511108
19.12.2021 04:00;0.712585714;17.71998725;0
19.12.2021 05:00;0.771042857;15.81832869;0
19.12.2021 06:00;3.1632;14.79105018;10.5661101
19.12.2021 07:00;5.134942857;13.54283921;4.95794397
19.12.2021 08:00;2.677571429;13.97646322;14.87383191
19.12.2021 09:00;1.743485714;13.89060435;1.21916655
19.12.2021 10:00;1.043542857;12.05506039;1.30044432
19.12.2021 11:00;1.577128571;8.283244546;3.08855526
19.12.2021 12:00;4.9047;8.900643362;5.03922174
19.12.2021 13:00;1.661585714;10.64662437;5.36433282
19.12.2021 14:00;1.107957143;13.46194515;1.6255554
19.12.2021 15:00;1.320871429;14.87356356;3.90133296
19.12.2021 16:00;1.177728571;16.24441216;3.41366634
19.12.2021 17:00;7.5226;15.47411001;5.28305505
19.12.2021 18:00;9.996671429;13.13956023;8.29033254
19.12.2021 19:00;6.639671429;14.25428994;10.40355456
19.12.2021 20:00;4.617028571;16.70621633;0.73149993
19.12.2021 21:00;2.982542857;18.06930847;4.14516627
19.12.2021 22:00;1.210114286;19.45399874;0
19.12.2021 23:00;0.676571429;20.6761177;0
20.12.2021 00:00;0.602014286;21.24028997;0
20.12.2021 01:00;0.578285714;21.48537277;0
20.12.2021 02:00;0.594371429;21.71720432;0
20.12.2021 03:00;0.607785714;21.92185313;0
20.12.2021 04:00;0.675314286;22.17599363;0.16255554
20.12.2021 05:00;0.921428571;22.43006419;0.48766662
20.12.2021 06:00;2.845357143;21.91729159;8.04649923
20.12.2021 07:00;3.613571429;21.2230459;14.30488752
20.12.2021 08:00;4.006657143;20.07741119;3.16983303
20.12.2021 09:00;8.313485714;17.25509305;6.17711052
20.12.2021 10:00;8.784957143;14.56059265;4.55155512
20.12.2021 11:00;4.501814286;8.7016086;9.10311024
20.12.2021 12:00;5.024285714;8.842515135;0.89405547
20.12.2021 13:00;2.948771429;10.33514973;2.4383331
20.12.2021 14:00;2.0256;11.79148143;4.71411066
20.12.2021 15:00;2.123542857;15.62192439;15.28022076
20.12.2021 16:00;1.644528571;18.04344778;6.01455498
20.12.2021 17:00;1.148342857;19.49841961;0.48766662
20.12.2021 18:00;2.773914286;19.82133534;3.41366634
20.12.2021 19:00;3.139314286;19.70495667;8.61544362
20.12.2021 20:00;2.796928571;20.05991702;0.97533324
20.12.2021 21:00;3.195928571;20.33629624;2.76344418
20.12.2021 22:00;7.222014286;19.08189053;0
20.12.2021 23:00;0.609857143;20.22045055;0
21.12.2021 00:00;0.5783;22.89992254;0
21.12.2021 01:00;0.556614286;23.27142299;0
21.12.2021 02:00;0.592257143;23.72770577;0
21.12.2021 03:00;0.655442857;24.35599379;0
21.12.2021 04:00;0.630728571;24.97347599;0.16255554
21.12.2021 05:00;0.783628571;25.47275004;0.16255554
21.12.2021 06:00;4.573814286;24.21172877;6.66477714
21.12.2021 07:00;4.600814286;22.92409059;5.44561059
21.12.2021 08:00;6.596542857;19.17472257;14.71127637
21.12.2021 09:00;9.2236;6.720602264;2.27577756
21.12.2021 10:00;5.434114286;6.431875969;17.71855386
21.12.2021 11:00;7.167314286;10.22384543;4.38899958
21.12.2021 12:00;3.278785714;5.318209226;3.16983303
21.12.2021 13:00;5.161142857;0;1.95066648
21.12.2021 14:00;7.309485714;0.572020378;14.79255414
21.12.2021 15:00;5.321671429;2.917535805;0.32511108
21.12.2021 16:00;1.677071429;10.44474191;4.71411066
21.12.2021 17:00;1.508885714;13.47788855;3.08855526
21.12.2021 18:00;2.888185714;14.84253524;1.13788878
21.12.2021 19:00;2.386014286;16.10376473;1.46299986
21.12.2021 20:00;2.395628571;17.73792587;1.30044432
21.12.2021 21:00;1.556614286;19.09310821;0.65022216
21.12.2021 22:00;1.118085714;20.43225703;0
21.12.2021 23:00;0.650057143;21.49979125;0
22.12.2021 00:00;0.707928571;22.21189392;0
22.12.2021 01:00;0.627414286;22.8587089;0
22.12.2021 02:00;0.581014286;23.59788893;0
22.12.2021 03:00;0.566971429;24.10920963;0
22.12.2021 04:00;0.641857143;24.5035132;0.48766662
22.12.2021 05:00;0.852442857;24.73126918;2.76344418
22.12.2021 06:00;3.9621;23.88688181;16.17427623
22.12.2021 07:00;4.528871429;22.99412176;11.29761003
22.12.2021 08:00;5.040628571;19.50152689;4.8766662
22.12.2021 09:00;5.598357143;11.24089107;15.4427763
22.12.2021 10:00;1.672985714;3.410804471;1.95066648
22.12.2021 11:00;1.592557143;0.388059478;3.2511108
22.12.2021 12:00;1.243142857;0;0.16255554
22.12.2021 13:00;3.207471429;0.481755086;1.30044432
22.12.2021 14:00;1.814757143;1.223548189;0
22.12.2021 15:00;2.141042857;4.169681785;0.48766662
22.12.2021 16:00;1.632557143;10.34039791;17.0683317
22.12.2021 17:00;6.470985714;11.32445088;3.73877742
22.12.2021 18:00;3.5279;12.31106868;0.8127777
22.12.2021 19:00;7.861385714;13.18314125;1.30044432
22.12.2021 20:00;8.022914286;13.26343362;2.76344418
22.12.2021 21:00;3.1109;15.82084277;4.0638885
22.12.2021 22:00;1.323685714;18.69521381;0.24383331
22.12.2021 23:00;0.887671429;20.30499989;0
23.12.2021 00:00;0.595571429;21.25279307;0.16255554
23.12.2021 01:00;0.6964;21.91952491;0
23.12.2021 02:00;0.671671429;22.39135594;0
23.12.2021 03:00;0.696742857;22.82240703;0
23.12.2021 04:00;0.6993;23.29921409;0.48766662
23.12.2021 05:00;0.813414286;23.58002599;5.20177728
23.12.2021 06:00;3.5705;22.20860591;5.12049951
23.12.2021 07:00;4.4903;20.73262724;16.255554
23.12.2021 08:00;6.809442857;19.13079396;17.8811094
23.12.2021 09:00;10.346;13.35403079;11.86655442
23.12.2021 10:00;2.862457143;8.08076242;1.30044432
23.12.2021 11:00;4.999428571;11.5053212;3.2511108
23.12.2021 12:00;2.178871429;13.92888484;0.32511108
23.12.2021 13:00;1.680185714;15.93703804;1.46299986
23.12.2021 14:00;2.522428571;16.16743777;0.16255554
23.12.2021 15:00;2.017385714;16.03934671;0
23.12.2021 16:00;2.356842857;17.79736671;5.36433282
23.12.2021 17:00;3.132814286;18.42016569;8.9405547
23.12.2021 18:00;11.44551429;15.61760845;0.97533324
23.12.2021 19:00;13.95108571;14.21004057;1.13788878
23.12.2021 20:00;2.341928571;16.44192711;13.32955428
23.12.2021 21:00;1.611714286;19.11190057;0.97533324
23.12.2021 22:00;1.465957143;19.49952255;0.32511108
23.12.2021 23:00;1.050114286;19.85191029;0
24.12.2021 00:00;0.631671429;20.37776151;0
24.12.2021 01:00;0.591985714;20.71097962;0
24.12.2021 02:00;0.575057143;20.71149518;0
24.12.2021 03:00;0.649771429;20.95828978;0
24.12.2021 04:00;0.646785714;21.36817891;0.16255554
24.12.2021 05:00;0.767514286;21.63314934;2.11322202
24.12.2021 06:00;4.025071429;20.380491;12.43549881
24.12.2021 07:00;4.4045;19.17947328;25.60249755
24.12.2021 08:00;4.982385714;14.20924606;14.79255414
24.12.2021 09:00;4.543971429;7.596396399;4.0638885
24.12.2021 10:00;2.893714286;6.241608828;0
24.12.2021 11:00;3.301142857;3.999576024;0.97533324
24.12.2021 12:00;2.202685714;0.403834235;0.97533324
24.12.2021 13:00;4.093742857;2.808664176;0.32511108
24.12.2021 14:00;2.277542857;7.547767361;0.08127777
24.12.2021 15:00;1.629071429;10.92746058;0.65022216
24.12.2021 16:00;2.267742857;13.06608918;2.19449979
24.12.2021 17:00;2.009371429;14.62517787;0
24.12.2021 18:00;5.881742857;14.24287358;7.96522146
24.12.2021 19:00;9.453814286;11.97404442;1.95066648
24.12.2021 20:00;3.224028571;13.44166623;0.97533324
24.12.2021 21:00;4.431414286;15.72799167;4.38899958
24.12.2021 22:00;1.6433;16.60975278;0.97533324
24.12.2021 23:00;0.697657143;18.23746558;0
25.12.2021 00:00;0.678542857;18.82645858;0
25.12.2021 01:00;0.600328571;18.93890709;0
25.12.2021 02:00;0.567771429;18.98126596;0
25.12.2021 03:00;0.5541;18.79492924;0
25.12.2021 04:00;0.690757143;18.77741316;0.32511108
25.12.2021 05:00;0.768685714;19.11741195;2.27577756
25.12.2021 06:00;6.0707;16.14014812;17.55599832
25.12.2021 07:00;4.430685714;12.85805539;24.54588654
25.12.2021 08:00;4.496271429;12.95376269;2.84472195
25.12.2021 09:00;1.569057143;14.13083061;3.16983303
25.12.2021 10:00;2.1148;15.45250801;11.86655442
25.12.2021 11:00;2.381214286;15.06475473;2.11322202
25.12.2021 12:00;1.379042857;14.59177225;0.48766662
25.12.2021 13:00;1.692885714;14.5308857;2.11322202
25.12.2021 14:00;2.718714286;13.99234046;0.97533324
25.12.2021 15:00;1.872971429;14.01312224;0.97533324
25.12.2021 16:00;3.122742857;14.58263829;1.30044432
25.12.2021 17:00;6.109571429;13.7115205;11.21633226
25.12.2021 18:00;8.385257143;11.95953793;0.97533324
25.12.2021 19:00;5.421171429;12.10755968;0.48766662
25.12.2021 20:00;1.976042857;14.16572979;0.97533324
25.12.2021 21:00;1.610842857;16.18370324;1.78811094
25.12.2021 22:00;1.373485714;17.32857967;0.97533324
25.12.2021 23:00;0.9902;17.78817439;0
26.12.2021 00:00;2.900485714;16.97018889;0
26.12.2021 01:00;0.6016;16.50655065;0
26.12.2021 02:00;0.581557143;16.72473212;0
26.12.2021 03:00;0.607542857;16.57228544;0
26.12.2021 04:00;0.705657143;16.49086054;0.65022216
26.12.2021 05:00;1.018685714;16.28957695;1.95066648
26.12.2021 06:00;2.456171429;16.15694375;8.53416585
26.12.2021 07:00;5.679871429;15.19201112;9.50949909
26.12.2021 08:00;5.959185714;13.37985378;22.18883121
26.12.2021 09:00;2.203542857;11.84131976;12.84188766
26.12.2021 10:00;2.616828571;11.92774345;1.30044432
26.12.2021 11:00;4.984285714;12.21598521;3.57622188
26.12.2021 12:00;1.401771429;12.60430519;0.16255554
26.12.2021 13:00;4.4009;11.78850803;0.65022216
26.12.2021 14:00;2.784528571;12.51445754;0.97533324
26.12.2021 15:00;1.306042857;15.19524891;0
26.12.2021 16:00;1.095242857;16.09184491;3.2511108
26.12.2021 17:00;4.047842857;15.43545198;3.41366634
26.12.2021 18:00;2.462871429;14.71170147;4.55155512
26.12.2021 19:00;6.322385714;13.26237277;8.127777
26.12.2021 20:00;7.299685714;11.27985279;1.6255554
26.12.2021 21:00;3.641342857;12.51419794;1.70683317
26.12.2021 22:00;1.404514286;15.00908331;0.48766662
26.12.2021 23:00;0.965;15.91750585;0
27.12.2021 00:00;0.886214286;16.25048025;0
27.12.2021 01:00;0.686571429;16.46047515;0
27.12.2021 02:00;0.631542857;16.67423287;0
27.12.2021 03:00;0.611471429;17.69007501;0
27.12.2021 04:00;0.666728571;18.85818828;0.16255554
27.12.2021 05:00;0.797171429;18.92060646;2.27577756
27.12.2021 06:00;4.072371429;17.04444288;12.76060989
27.12.2021 07:00;5.636071429;15.76918611;13.41083205
27.12.2021 08:00;5.242557143;15.20643437;16.90577616
27.12.2021 09:00;10.65804286;11.74091075;16.01172069
27.12.2021 10:00;6.957857143;10.81197469;11.13505449
27.12.2021 11:00;3.783042857;13.12291274;1.6255554
27.12.2021 12:00;1.202485714;13.9733872;0.16255554
27.12.2021 13:00;2.040442857;14.11838342;1.6255554
27.12.2021 14:00;1.117328571;15.11591643;1.78811094
27.12.2021 15:00;4.543614286;15.13063503;2.27577756
27.12.2021 16:00;4.065385714;15.1765516;2.60088864
27.12.2021 17:00;8.183557143;14.51718346;0.8127777
27.12.2021 18:00;9.710985714;12.8879311;9.99716571
27.12.2021 19:00;9.391242857;13.08742987;7.96522146
27.12.2021 20:00;5.523228571;15.07800861;1.38172209
27.12.2021 21:00;2.12;17.78225568;2.92599972
27.12.2021 22:00;0.966128571;19.46956176;0.65022216
27.12.2021 23:00;0.666928571;20.06764911;0
28.12.2021 00:00;0.589042857;20.29326194;0
28.12.2021 01:00;0.665457143;20.01393778;0
28.12.2021 02:00;0.644657143;19.10121543;0
28.12.2021 03:00;0.714528571;19.1055366;0
28.12.2021 04:00;0.645614286;20.02406631;0.8127777
28.12.2021 05:00;0.735028571;20.3558702;1.95066648
28.12.2021 06:00;4.864428571;19.40025394;12.35422104
28.12.2021 07:00;5.240957143;18.21888417;16.90577616
28.12.2021 08:00;4.675185714;18.2118351;6.90861045
28.12.2021 09:00;3.823257143;18.57996143;17.71855386
28.12.2021 10:00;4.839328571;17.74315631;5.36433282
28.12.2021 11:00;6.911614286;15.39274306;2.51961087
28.12.2021 12:00;8.344028571;13.22798809;15.4427763
28.12.2021 13:00;1.659685714;15.12966462;2.76344418
28.12.2021 14:00;4.041271429;17.5410486;9.7533324
28.12.2021 15:00;4.097928571;17.31307755;0.8127777
28.12.2021 16:00;2.438042857;18.44202547;0.32511108
28.12.2021 17:00;2.559414286;19.53997258;3.2511108
28.12.2021 18:00;4.571742857;19.12258404;8.9405547
28.12.2021 19:00;9.012371429;16.78812681;2.27577756
28.12.2021 20:00;5.552714286;16.36279737;1.46299986
28.12.2021 21:00;6.885314286;17.32108864;3.57622188
28.12.2021 22:00;3.056642857;18.48992021;0.8127777
28.12.2021 23:00;0.713457143;20.83238759;0
29.12.2021 00:00;0.664385714;21.81929595;0
29.12.2021 01:00;0.595228571;21.89426078;0
29.12.2021 02:00;0.569428571;21.82643895;0
29.12.2021 03:00;0.566071429;21.83800783;0
29.12.2021 04:00;0.648342857;21.87443272;0.16255554
29.12.2021 05:00;0.776557143;21.91976546;6.5022216
29.12.2021 06:00;3.190014286;21.15903424;10.07844348
29.12.2021 07:00;4.385042857;20.05033025;5.36433282
29.12.2021 08:00;1.709714286;18.76481961;11.54144334
29.12.2021 09:00;6.4035;15.37289764;9.10311024
29.12.2021 10:00;1.868842857;16.26700457;0.56894439
29.12.2021 11:00;2.085271429;18.27266528;3.73877742
29.12.2021 12:00;2.233914286;17.62579382;10.24099902
29.12.2021 13:00;2.804457143;17.53467043;6.5022216
29.12.2021 14:00;2.050485714;18.27375781;2.27577756
29.12.2021 15:00;1.422828571;19.21125391;0.32511108
29.12.2021 16:00;1.831371429;20.11563038;2.92599972
29.12.2021 17:00;1.910628571;20.65574236;3.41366634
29.12.2021 18:00;3.173;20.4836871;3.41366634
29.12.2021 19:00;4.959242857;19.67049135;3.41366634
29.12.2021 20:00;5.865942857;18.70107771;3.08855526
29.12.2021 21:00;3.2632;19.5124174;0.16255554
29.12.2021 22:00;1.263842857;21.54729688;0
29.12.2021 23:00;0.596542857;22.56648302;0
30.12.2021 00:00;0.5737;23.09650198;0
30.12.2021 01:00;0.635257143;23.5694718;0
30.12.2021 02:00;0.608614286;23.79580758;0
30.12.2021 03:00;0.607157143;24.26889864;0
30.12.2021 04:00;0.7568;24.89809474;0.32511108
30.12.2021 05:00;0.795414286;25.45066175;2.11322202
30.12.2021 06:00;3.798957143;24.44655546;11.46016557
30.12.2021 07:00;4.3099;22.85241788;23.32671999
30.12.2021 08:00;4.494671429;20.55260435;5.77072167
30.12.2021 09:00;9.1456;9.687220722;3.98261073
30.12.2021 10:00;9.221514286;1.163187403;15.4427763
30.12.2021 11:00;7.959471429;3.365120772;10.24099902
30.12.2021 12:00;3.190828571;1.300967758;2.27577756
30.12.2021 13:00;3.167628571;0;1.46299986
30.12.2021 14:00;3.513628571;1.645054189;0
30.12.2021 15:00;1.453857143;5.243181495;2.60088864
30.12.2021 16:00;1.549357143;11.53198199;1.6255554
30.12.2021 17:00;5.9626;12.43228491;4.0638885
30.12.2021 18:00;7.4685;12.00671722;1.6255554
30.12.2021 19:00;5.886957143;13.40364188;5.6894439
30.12.2021 20:00;7.730785714;14.20136667;2.4383331
30.12.2021 21:00;7.157857143;14.28904537;1.46299986
30.12.2021 22:00;1.263042857;17.09859518;0
30.12.2021 23:00;0.918028571;19.85744399;0
31.12.2021 00:00;0.635014286;20.72536291;0
31.12.2021 01:00;0.748928571;21.55323465;0.97533324
31.12.2021 02:00;0.772885714;22.05978889;0
31.12.2021 03:00;0.727828571;22.42799622;0.16255554
31.12.2021 04:00;1.402814286;22.69057561;0.65022216
31.12.2021 05:00;1.124228571;22.97124788;3.08855526
31.12.2021 06:00;3.106942857;22.3103018;14.79255414
31.12.2021 07:00;5.614585714;20.5978537;7.96522146
31.12.2021 08:00;2.198314286;19.84774297;17.8811094
31.12.2021 09:00;3.492214286;18.249408;10.89122118
31.12.2021 10:00;3.5726;15.72957938;3.73877742
31.12.2021 11:00;3.282814286;15.19455092;0.48766662
31.12.2021 12:00;1.781957143;15.98281726;1.46299986
31.12.2021 13:00;1.986885714;16.35662534;2.27577756
31.12.2021 14:00;1.697585714;16.82253897;1.13788878
31.12.2021 15:00;1.946342857;17.69728264;0.16255554
31.12.2021 16:00;1.646985714;19.26174916;1.13788878
31.12.2021 17:00;2.706742857;19.81051172;6.01455498
31.12.2021 18:00;8.703757143;17.58104139;7.15244376
31.12.2021 19:00;17.79208571;14.07034996;5.03922174
31.12.2021 20:00;11.89227143;13.54692991;1.6255554
31.12.2021 21:00;3.337614286;16.95501172;3.73877742
31.12.2021 22:00;1.942357143;19.69719392;7.15244376
31.12.2021 23:00;0.908242857;20.73390653;0
